v -0.288675 0.467086 0.000000
v 0.288675 0.467086 0.000000
v -0.288675 -0.467086 0.000000
v 0.288675 -0.467086 0.000000
v 0.000000 -0.288675 0.467086
v 0.000000 0.288675 0.467086
v 0.000000 -0.288675 -0.467086
v 0.000000 0.288675 -0.467086
v 0.467086 0.000000 -0.288675
v 0.467086 0.000000 0.288675
v -0.467086 0.000000 -0.288675
v -0.467086 0.000000 0.288675
v -0.404508 0.250000 0.154508
v -0.250000 0.154508 0.404508
v -0.154508 0.404508 0.250000
v 0.154508 0.404508 0.250000
v 0.000000 0.500000 0.000000
v 0.154508 0.404508 -0.250000
v -0.154508 0.404508 -0.250000
v -0.250000 0.154508 -0.404508
v -0.404508 0.250000 -0.154508
v -0.500000 0.000000 0.000000
v 0.250000 0.154508 0.404508
v 0.404508 0.250000 0.154508
v -0.250000 -0.154508 0.404508
v 0.000000 0.000000 0.500000
v -0.404508 -0.250000 -0.154508
v -0.404508 -0.250000 0.154508
v 0.000000 0.000000 -0.500000
v -0.250000 -0.154508 -0.404508
v 0.404508 0.250000 -0.154508
v 0.250000 0.154508 -0.404508
v 0.404508 -0.250000 0.154508
v 0.250000 -0.154508 0.404508
v 0.154508 -0.404508 0.250000
v -0.154508 -0.404508 0.250000
v 0.000000 -0.500000 0.000000
v -0.154508 -0.404508 -0.250000
v 0.154508 -0.404508 -0.250000
v 0.250000 -0.154508 -0.404508
v 0.404508 -0.250000 -0.154508
v 0.500000 0.000000 0.000000
v -0.343415 0.355256 0.076546
v -0.293893 0.344095 0.212663
v -0.219561 0.431802 0.123854
v -0.355256 0.076546 0.343415
v -0.344095 0.212663 0.293893
v -0.431802 0.123854 0.219561
v -0.076546 0.343415 0.355256
v -0.212663 0.293893 0.344095
v -0.123854 0.219561 0.431802
v -0.081230 0.475528 0.131433
v -0.143014 0.479110 0.000000
v 0.076546 0.343415 0.355256
v 0.000000 0.425325 0.262866
v 0.143014 0.479110 0.000000
v 0.081230 0.475528 0.131433
v 0.219561 0.431802 0.123854
v -0.081230 0.475528 -0.131433
v -0.219561 0.431802 -0.123854
v 0.219561 0.431802 -0.123854
v 0.081230 0.475528 -0.131433
v -0.076546 0.343415 -0.355256
v 0.000000 0.425325 -0.262866
v 0.076546 0.343415 -0.355256
v -0.293893 0.344095 -0.212663
v -0.343415 0.355256 -0.076546
v -0.123854 0.219561 -0.431802
v -0.212663 0.293893 -0.344095
v -0.431802 0.123854 -0.219561
v -0.344095 0.212663 -0.293893
v -0.355256 0.076546 -0.343415
v -0.425325 0.262866 0.000000
v -0.479110 0.000000 -0.143014
v -0.475528 0.131433 -0.081230
v -0.475528 0.131433 0.081230
v -0.479110 0.000000 0.143014
v 0.293893 0.344095 0.212663
v 0.343415 0.355256 0.076546
v 0.123854 0.219561 0.431802
v 0.212663 0.293893 0.344095
v 0.431802 0.123854 0.219561
v 0.344095 0.212663 0.293893
v 0.355256 0.076546 0.343415
v -0.131433 0.081230 0.475528
v 0.000000 0.143014 0.479110
v -0.355256 -0.076546 0.343415
v -0.262866 0.000000 0.425325
v 0.000000 -0.143014 0.479110
v -0.131433 -0.081230 0.475528
v -0.123854 -0.219561 0.431802
v -0.475528 -0.131433 0.081230
v -0.431802 -0.123854 0.219561
v -0.431802 -0.123854 -0.219561
v -0.475528 -0.131433 -0.081230
v -0.343415 -0.355256 0.076546
v -0.425325 -0.262866 0.000000
v -0.343415 -0.355256 -0.076546
v -0.262866 0.000000 -0.425325
v -0.355256 -0.076546 -0.343415
v 0.000000 0.143014 -0.479110
v -0.131433 0.081230 -0.475528
v -0.123854 -0.219561 -0.431802
v -0.131433 -0.081230 -0.475528
v 0.000000 -0.143014 -0.479110
v 0.212663 0.293893 -0.344095
v 0.123854 0.219561 -0.431802
v 0.343415 0.355256 -0.076546
v 0.293893 0.344095 -0.212663
v 0.355256 0.076546 -0.343415
v 0.344095 0.212663 -0.293893
v 0.431802 0.123854 -0.219561
v 0.343415 -0.355256 0.076546
v 0.293893 -0.344095 0.212663
v 0.219561 -0.431802 0.123854
v 0.355256 -0.076546 0.343415
v 0.344095 -0.212663 0.293893
v 0.431802 -0.123854 0.219561
v 0.076546 -0.343415 0.355256
v 0.212663 -0.293893 0.344095
v 0.123854 -0.219561 0.431802
v 0.081230 -0.475528 0.131433
v 0.143014 -0.479110 0.000000
v -0.076546 -0.343415 0.355256
v 0.000000 -0.425325 0.262866
v -0.143014 -0.479110 0.000000
v -0.081230 -0.475528 0.131433
v -0.219561 -0.431802 0.123854
v 0.081230 -0.475528 -0.131433
v 0.219561 -0.431802 -0.123854
v -0.219561 -0.431802 -0.123854
v -0.081230 -0.475528 -0.131433
v 0.076546 -0.343415 -0.355256
v 0.000000 -0.425325 -0.262866
v -0.076546 -0.343415 -0.355256
v 0.293893 -0.344095 -0.212663
v 0.343415 -0.355256 -0.076546
v 0.123854 -0.219561 -0.431802
v 0.212663 -0.293893 -0.344095
v 0.431802 -0.123854 -0.219561
v 0.344095 -0.212663 -0.293893
v 0.355256 -0.076546 -0.343415
v 0.425325 -0.262866 0.000000
v 0.479110 0.000000 -0.143014
v 0.475528 -0.131433 -0.081230
v 0.475528 -0.131433 0.081230
v 0.479110 0.000000 0.143014
v 0.131433 -0.081230 0.475528
v 0.262866 0.000000 0.425325
v 0.131433 0.081230 0.475528
v -0.293893 -0.344095 0.212663
v -0.212663 -0.293893 0.344095
v -0.344095 -0.212663 0.293893
v -0.212663 -0.293893 -0.344095
v -0.293893 -0.344095 -0.212663
v -0.344095 -0.212663 -0.293893
v 0.262866 0.000000 -0.425325
v 0.131433 -0.081230 -0.475528
v 0.131433 0.081230 -0.475528
v 0.475528 0.131433 0.081230
v 0.475528 0.131433 -0.081230
v 0.425325 0.262866 0.000000
v -0.303883 0.395349 0.036800
v -0.284845 0.398224 0.101395
v -0.244339 0.432149 0.059544
v -0.353553 0.300750 0.185874
v -0.322070 0.353425 0.146155
v -0.377930 0.305839 0.116753
v -0.189019 0.422593 0.188911
v -0.259479 0.392109 0.170063
v -0.226995 0.378968 0.234215
v -0.395349 0.036800 0.303883
v -0.398224 0.101395 0.284845
v -0.432149 0.059544 0.244339
v -0.300750 0.185874 0.353553
v -0.353425 0.146155 0.322070
v -0.305839 0.116753 0.377930
v -0.422593 0.188911 0.189019
v -0.392109 0.170063 0.259479
v -0.378968 0.234215 0.226995
v -0.036800 0.303883 0.395349
v -0.101395 0.284845 0.398224
v -0.059544 0.244339 0.432149
v -0.185874 0.353553 0.300750
v -0.146155 0.322070 0.353425
v -0.116753 0.377930 0.305839
v -0.188911 0.189019 0.422593
v -0.170063 0.259479 0.392109
v -0.234215 0.226995 0.378968
v -0.323289 0.282127 0.256688
v -0.282127 0.256688 0.323289
v -0.256688 0.323289 0.282127
v -0.183450 0.460889 0.062666
v -0.207539 0.454893 0.000000
v -0.119338 0.445503 0.193094
v -0.152008 0.458530 0.129012
v -0.072266 0.494750 0.000000
v -0.113324 0.482437 0.066421
v -0.041121 0.493844 0.066536
v 0.036800 0.303883 0.395349
v 0.000000 0.347511 0.359494
v 0.078217 0.420089 0.259629
v 0.038683 0.388491 0.312375
v 0.116753 0.377930 0.305839
v -0.038683 0.388491 0.312375
v -0.078217 0.420089 0.259629
v 0.207539 0.454893 0.000000
v 0.183450 0.460889 0.062666
v 0.244339 0.432149 0.059544
v 0.041121 0.493844 0.066536
v 0.113324 0.482437 0.066421
v 0.072266 0.494750 0.000000
v 0.189019 0.422593 0.188911
v 0.152008 0.458530 0.129012
v 0.119338 0.445503 0.193094
v -0.041162 0.456491 0.199804
v 0.041162 0.456491 0.199804
v 0.000000 0.481931 0.133202
v -0.183450 0.460889 -0.062666
v -0.244339 0.432149 -0.059544
v -0.041121 0.493844 -0.066536
v -0.113324 0.482437 -0.066421
v -0.189019 0.422593 -0.188911
v -0.152008 0.458530 -0.129012
v -0.119338 0.445503 -0.193094
v 0.244339 0.432149 -0.059544
v 0.183450 0.460889 -0.062666
v 0.119338 0.445503 -0.193094
v 0.152008 0.458530 -0.129012
v 0.189019 0.422593 -0.188911
v 0.113324 0.482437 -0.066421
v 0.041121 0.493844 -0.066536
v -0.036800 0.303883 -0.395349
v 0.000000 0.347511 -0.359494
v 0.036800 0.303883 -0.395349
v -0.078217 0.420089 -0.259629
v -0.038683 0.388491 -0.312375
v -0.116753 0.377930 -0.305839
v 0.116753 0.377930 -0.305839
v 0.038683 0.388491 -0.312375
v 0.078217 0.420089 -0.259629
v 0.000000 0.481931 -0.133202
v 0.041162 0.456491 -0.199804
v -0.041162 0.456491 -0.199804
v -0.284845 0.398224 -0.101395
v -0.303883 0.395349 -0.036800
v -0.226995 0.378968 -0.234215
v -0.259479 0.392109 -0.170063
v -0.377930 0.305839 -0.116753
v -0.322070 0.353425 -0.146155
v -0.353553 0.300750 -0.185874
v -0.059544 0.244339 -0.432149
v -0.101395 0.284845 -0.398224
v -0.234215 0.226995 -0.378968
v -0.170063 0.259479 -0.392109
v -0.188911 0.189019 -0.422593
v -0.146155 0.322070 -0.353425
v -0.185874 0.353553 -0.300750
v -0.432149 0.059544 -0.244339
v -0.398224 0.101395 -0.284845
v -0.395349 0.036800 -0.303883
v -0.378968 0.234215 -0.226995
v -0.392109 0.170063 -0.259479
v -0.422593 0.188911 -0.189019
v -0.305839 0.116753 -0.377930
v -0.353425 0.146155 -0.322070
v -0.300750 0.185874 -0.353553
v -0.256688 0.323289 -0.282127
v -0.282127 0.256688 -0.323289
v -0.323289 0.282127 -0.256688
v -0.347511 0.359494 0.000000
v -0.420089 0.259629 -0.078217
v -0.388491 0.312375 -0.038683
v -0.388491 0.312375 0.038683
v -0.420089 0.259629 0.078217
v -0.454893 0.000000 -0.207539
v -0.460889 0.062666 -0.183450
v -0.493844 0.066536 -0.041121
v -0.482437 0.066421 -0.113324
v -0.494750 0.000000 -0.072266
v -0.458530 0.129012 -0.152008
v -0.445503 0.193094 -0.119338
v -0.460889 0.062666 0.183450
v -0.454893 0.000000 0.207539
v -0.445503 0.193094 0.119338
v -0.458530 0.129012 0.152008
v -0.494750 0.000000 0.072266
v -0.482437 0.066421 0.113324
v -0.493844 0.066536 0.041121
v -0.456491 0.199804 -0.041162
v -0.481931 0.133202 0.000000
v -0.456491 0.199804 0.041162
v 0.284845 0.398224 0.101395
v 0.303883 0.395349 0.036800
v 0.226995 0.378968 0.234215
v 0.259479 0.392109 0.170063
v 0.377930 0.305839 0.116753
v 0.322070 0.353425 0.146155
v 0.353553 0.300750 0.185874
v 0.059544 0.244339 0.432149
v 0.101395 0.284845 0.398224
v 0.234215 0.226995 0.378968
v 0.170063 0.259479 0.392109
v 0.188911 0.189019 0.422593
v 0.146155 0.322070 0.353425
v 0.185874 0.353553 0.300750
v 0.432149 0.059544 0.244339
v 0.398224 0.101395 0.284845
v 0.395349 0.036800 0.303883
v 0.378968 0.234215 0.226995
v 0.392109 0.170063 0.259479
v 0.422593 0.188911 0.189019
v 0.305839 0.116753 0.377930
v 0.353425 0.146155 0.322070
v 0.300750 0.185874 0.353553
v 0.256688 0.323289 0.282127
v 0.282127 0.256688 0.323289
v 0.323289 0.282127 0.256688
v -0.062666 0.183450 0.460889
v 0.000000 0.207539 0.454893
v -0.193094 0.119338 0.445503
v -0.129012 0.152008 0.458530
v 0.000000 0.072266 0.494750
v -0.066421 0.113324 0.482437
v -0.066536 0.041121 0.493844
v -0.395349 -0.036800 0.303883
v -0.359494 0.000000 0.347511
v -0.259629 -0.078217 0.420089
v -0.312375 -0.038683 0.388491
v -0.305839 -0.116753 0.377930
v -0.312375 0.038683 0.388491
v -0.259629 0.078217 0.420089
v 0.000000 -0.207539 0.454893
v -0.062666 -0.183450 0.460889
v -0.059544 -0.244339 0.432149
v -0.066536 -0.041121 0.493844
v -0.066421 -0.113324 0.482437
v 0.000000 -0.072266 0.494750
v -0.188911 -0.189019 0.422593
v -0.129012 -0.152008 0.458530
v -0.193094 -0.119338 0.445503
v -0.199804 0.041162 0.456491
v -0.199804 -0.041162 0.456491
v -0.133202 0.000000 0.481931
v -0.460889 -0.062666 0.183450
v -0.432149 -0.059544 0.244339
v -0.493844 -0.066536 0.041121
v -0.482437 -0.066421 0.113324
v -0.422593 -0.188911 0.189019
v -0.458530 -0.129012 0.152008
v -0.445503 -0.193094 0.119338
v -0.432149 -0.059544 -0.244339
v -0.460889 -0.062666 -0.183450
v -0.445503 -0.193094 -0.119338
v -0.458530 -0.129012 -0.152008
v -0.422593 -0.188911 -0.189019
v -0.482437 -0.066421 -0.113324
v -0.493844 -0.066536 -0.041121
v -0.303883 -0.395349 0.036800
v -0.347511 -0.359494 0.000000
v -0.303883 -0.395349 -0.036800
v -0.420089 -0.259629 0.078217
v -0.388491 -0.312375 0.038683
v -0.377930 -0.305839 0.116753
v -0.377930 -0.305839 -0.116753
v -0.388491 -0.312375 -0.038683
v -0.420089 -0.259629 -0.078217
v -0.481931 -0.133202 0.000000
v -0.456491 -0.199804 -0.041162
v -0.456491 -0.199804 0.041162
v -0.359494 0.000000 -0.347511
v -0.395349 -0.036800 -0.303883
v -0.259629 0.078217 -0.420089
v -0.312375 0.038683 -0.388491
v -0.305839 -0.116753 -0.377930
v -0.312375 -0.038683 -0.388491
v -0.259629 -0.078217 -0.420089
v 0.000000 0.207539 -0.454893
v -0.062666 0.183450 -0.460889
v -0.066536 0.041121 -0.493844
v -0.066421 0.113324 -0.482437
v 0.000000 0.072266 -0.494750
v -0.129012 0.152008 -0.458530
v -0.193094 0.119338 -0.445503
v -0.059544 -0.244339 -0.432149
v -0.062666 -0.183450 -0.460889
v 0.000000 -0.207539 -0.454893
v -0.193094 -0.119338 -0.445503
v -0.129012 -0.152008 -0.458530
v -0.188911 -0.189019 -0.422593
v 0.000000 -0.072266 -0.494750
v -0.066421 -0.113324 -0.482437
v -0.066536 -0.041121 -0.493844
v -0.199804 0.041162 -0.456491
v -0.133202 0.000000 -0.481931
v -0.199804 -0.041162 -0.456491
v 0.101395 0.284845 -0.398224
v 0.059544 0.244339 -0.432149
v 0.185874 0.353553 -0.300750
v 0.146155 0.322070 -0.353425
v 0.188911 0.189019 -0.422593
v 0.170063 0.259479 -0.392109
v 0.234215 0.226995 -0.378968
v 0.303883 0.395349 -0.036800
v 0.284845 0.398224 -0.101395
v 0.353553 0.300750 -0.185874
v 0.322070 0.353425 -0.146155
v 0.377930 0.305839 -0.116753
v 0.259479 0.392109 -0.170063
v 0.226995 0.378968 -0.234215
v 0.395349 0.036800 -0.303883
v 0.398224 0.101395 -0.284845
v 0.432149 0.059544 -0.244339
v 0.300750 0.185874 -0.353553
v 0.353425 0.146155 -0.322070
v 0.305839 0.116753 -0.377930
v 0.422593 0.188911 -0.189019
v 0.392109 0.170063 -0.259479
v 0.378968 0.234215 -0.226995
v 0.256688 0.323289 -0.282127
v 0.323289 0.282127 -0.256688
v 0.282127 0.256688 -0.323289
v 0.303883 -0.395349 0.036800
v 0.284845 -0.398224 0.101395
v 0.244339 -0.432149 0.059544
v 0.353553 -0.300750 0.185874
v 0.322070 -0.353425 0.146155
v 0.377930 -0.305839 0.116753
v 0.189019 -0.422593 0.188911
v 0.259479 -0.392109 0.170063
v 0.226995 -0.378968 0.234215
v 0.395349 -0.036800 0.303883
v 0.398224 -0.101395 0.284845
v 0.432149 -0.059544 0.244339
v 0.300750 -0.185874 0.353553
v 0.353425 -0.146155 0.322070
v 0.305839 -0.116753 0.377930
v 0.422593 -0.188911 0.189019
v 0.392109 -0.170063 0.259479
v 0.378968 -0.234215 0.226995
v 0.036800 -0.303883 0.395349
v 0.101395 -0.284845 0.398224
v 0.059544 -0.244339 0.432149
v 0.185874 -0.353553 0.300750
v 0.146155 -0.322070 0.353425
v 0.116753 -0.377930 0.305839
v 0.188911 -0.189019 0.422593
v 0.170063 -0.259479 0.392109
v 0.234215 -0.226995 0.378968
v 0.323289 -0.282127 0.256688
v 0.282127 -0.256688 0.323289
v 0.256688 -0.323289 0.282127
v 0.183450 -0.460889 0.062666
v 0.207539 -0.454893 0.000000
v 0.119338 -0.445503 0.193094
v 0.152008 -0.458530 0.129012
v 0.072266 -0.494750 0.000000
v 0.113324 -0.482437 0.066421
v 0.041121 -0.493844 0.066536
v -0.036800 -0.303883 0.395349
v 0.000000 -0.347511 0.359494
v -0.078217 -0.420089 0.259629
v -0.038683 -0.388491 0.312375
v -0.116753 -0.377930 0.305839
v 0.038683 -0.388491 0.312375
v 0.078217 -0.420089 0.259629
v -0.207539 -0.454893 0.000000
v -0.183450 -0.460889 0.062666
v -0.244339 -0.432149 0.059544
v -0.041121 -0.493844 0.066536
v -0.113324 -0.482437 0.066421
v -0.072266 -0.494750 0.000000
v -0.189019 -0.422593 0.188911
v -0.152008 -0.458530 0.129012
v -0.119338 -0.445503 0.193094
v 0.041162 -0.456491 0.199804
v -0.041162 -0.456491 0.199804
v 0.000000 -0.481931 0.133202
v 0.183450 -0.460889 -0.062666
v 0.244339 -0.432149 -0.059544
v 0.041121 -0.493844 -0.066536
v 0.113324 -0.482437 -0.066421
v 0.189019 -0.422593 -0.188911
v 0.152008 -0.458530 -0.129012
v 0.119338 -0.445503 -0.193094
v -0.244339 -0.432149 -0.059544
v -0.183450 -0.460889 -0.062666
v -0.119338 -0.445503 -0.193094
v -0.152008 -0.458530 -0.129012
v -0.189019 -0.422593 -0.188911
v -0.113324 -0.482437 -0.066421
v -0.041121 -0.493844 -0.066536
v 0.036800 -0.303883 -0.395349
v 0.000000 -0.347511 -0.359494
v -0.036800 -0.303883 -0.395349
v 0.078217 -0.420089 -0.259629
v 0.038683 -0.388491 -0.312375
v 0.116753 -0.377930 -0.305839
v -0.116753 -0.377930 -0.305839
v -0.038683 -0.388491 -0.312375
v -0.078217 -0.420089 -0.259629
v 0.000000 -0.481931 -0.133202
v -0.041162 -0.456491 -0.199804
v 0.041162 -0.456491 -0.199804
v 0.284845 -0.398224 -0.101395
v 0.303883 -0.395349 -0.036800
v 0.226995 -0.378968 -0.234215
v 0.259479 -0.392109 -0.170063
v 0.377930 -0.305839 -0.116753
v 0.322070 -0.353425 -0.146155
v 0.353553 -0.300750 -0.185874
v 0.059544 -0.244339 -0.432149
v 0.101395 -0.284845 -0.398224
v 0.234215 -0.226995 -0.378968
v 0.170063 -0.259479 -0.392109
v 0.188911 -0.189019 -0.422593
v 0.146155 -0.322070 -0.353425
v 0.185874 -0.353553 -0.300750
v 0.432149 -0.059544 -0.244339
v 0.398224 -0.101395 -0.284845
v 0.395349 -0.036800 -0.303883
v 0.378968 -0.234215 -0.226995
v 0.392109 -0.170063 -0.259479
v 0.422593 -0.188911 -0.189019
v 0.305839 -0.116753 -0.377930
v 0.353425 -0.146155 -0.322070
v 0.300750 -0.185874 -0.353553
v 0.256688 -0.323289 -0.282127
v 0.282127 -0.256688 -0.323289
v 0.323289 -0.282127 -0.256688
v 0.347511 -0.359494 0.000000
v 0.420089 -0.259629 -0.078217
v 0.388491 -0.312375 -0.038683
v 0.388491 -0.312375 0.038683
v 0.420089 -0.259629 0.078217
v 0.454893 0.000000 -0.207539
v 0.460889 -0.062666 -0.183450
v 0.493844 -0.066536 -0.041121
v 0.482437 -0.066421 -0.113324
v 0.494750 0.000000 -0.072266
v 0.458530 -0.129012 -0.152008
v 0.445503 -0.193094 -0.119338
v 0.460889 -0.062666 0.183450
v 0.454893 0.000000 0.207539
v 0.445503 -0.193094 0.119338
v 0.458530 -0.129012 0.152008
v 0.494750 0.000000 0.072266
v 0.482437 -0.066421 0.113324
v 0.493844 -0.066536 0.041121
v 0.456491 -0.199804 -0.041162
v 0.481931 -0.133202 0.000000
v 0.456491 -0.199804 0.041162
v 0.062666 -0.183450 0.460889
v 0.193094 -0.119338 0.445503
v 0.129012 -0.152008 0.458530
v 0.066421 -0.113324 0.482437
v 0.066536 -0.041121 0.493844
v 0.359494 0.000000 0.347511
v 0.259629 0.078217 0.420089
v 0.312375 0.038683 0.388491
v 0.312375 -0.038683 0.388491
v 0.259629 -0.078217 0.420089
v 0.062666 0.183450 0.460889
v 0.066536 0.041121 0.493844
v 0.066421 0.113324 0.482437
v 0.129012 0.152008 0.458530
v 0.193094 0.119338 0.445503
v 0.199804 -0.041162 0.456491
v 0.199804 0.041162 0.456491
v 0.133202 0.000000 0.481931
v -0.284845 -0.398224 0.101395
v -0.226995 -0.378968 0.234215
v -0.259479 -0.392109 0.170063
v -0.322070 -0.353425 0.146155
v -0.353553 -0.300750 0.185874
v -0.101395 -0.284845 0.398224
v -0.234215 -0.226995 0.378968
v -0.170063 -0.259479 0.392109
v -0.146155 -0.322070 0.353425
v -0.185874 -0.353553 0.300750
v -0.398224 -0.101395 0.284845
v -0.378968 -0.234215 0.226995
v -0.392109 -0.170063 0.259479
v -0.353425 -0.146155 0.322070
v -0.300750 -0.185874 0.353553
v -0.256688 -0.323289 0.282127
v -0.282127 -0.256688 0.323289
v -0.323289 -0.282127 0.256688
v -0.101395 -0.284845 -0.398224
v -0.185874 -0.353553 -0.300750
v -0.146155 -0.322070 -0.353425
v -0.170063 -0.259479 -0.392109
v -0.234215 -0.226995 -0.378968
v -0.284845 -0.398224 -0.101395
v -0.353553 -0.300750 -0.185874
v -0.322070 -0.353425 -0.146155
v -0.259479 -0.392109 -0.170063
v -0.226995 -0.378968 -0.234215
v -0.398224 -0.101395 -0.284845
v -0.300750 -0.185874 -0.353553
v -0.353425 -0.146155 -0.322070
v -0.392109 -0.170063 -0.259479
v -0.378968 -0.234215 -0.226995
v -0.256688 -0.323289 -0.282127
v -0.323289 -0.282127 -0.256688
v -0.282127 -0.256688 -0.323289
v 0.359494 0.000000 -0.347511
v 0.259629 -0.078217 -0.420089
v 0.312375 -0.038683 -0.388491
v 0.312375 0.038683 -0.388491
v 0.259629 0.078217 -0.420089
v 0.062666 -0.183450 -0.460889
v 0.066536 -0.041121 -0.493844
v 0.066421 -0.113324 -0.482437
v 0.129012 -0.152008 -0.458530
v 0.193094 -0.119338 -0.445503
v 0.062666 0.183450 -0.460889
v 0.193094 0.119338 -0.445503
v 0.129012 0.152008 -0.458530
v 0.066421 0.113324 -0.482437
v 0.066536 0.041121 -0.493844
v 0.199804 -0.041162 -0.456491
v 0.133202 0.000000 -0.481931
v 0.199804 0.041162 -0.456491
v 0.460889 0.062666 0.183450
v 0.493844 0.066536 0.041121
v 0.482437 0.066421 0.113324
v 0.458530 0.129012 0.152008
v 0.445503 0.193094 0.119338
v 0.460889 0.062666 -0.183450
v 0.445503 0.193094 -0.119338
v 0.458530 0.129012 -0.152008
v 0.482437 0.066421 -0.113324
v 0.493844 0.066536 -0.041121
v 0.347511 0.359494 0.000000
v 0.420089 0.259629 0.078217
v 0.388491 0.312375 0.038683
v 0.388491 0.312375 -0.038683
v 0.420089 0.259629 -0.078217
v 0.481931 0.133202 0.000000
v 0.456491 0.199804 -0.041162
v 0.456491 0.199804 0.041162
v -0.282971 0.411848 0.017574
v -0.274857 0.414874 0.048303
v -0.254536 0.429422 0.028435
v -0.315060 0.377855 0.089234
v -0.295035 0.397691 0.069255
v -0.324420 0.376197 0.056808
v -0.232503 0.433005 0.091918
v -0.265195 0.416133 0.080653
v -0.252949 0.416242 0.112958
v -0.380203 0.276227 0.170718
v -0.366733 0.304117 0.151724
v -0.392250 0.278652 0.135988
v -0.308802 0.349689 0.179887
v -0.338718 0.327965 0.166460
v -0.324724 0.323420 0.199885
v -0.361623 0.331419 0.096904
v -0.351099 0.330667 0.131867
v -0.333629 0.355284 0.111647
v -0.172216 0.414640 0.220034
v -0.208571 0.401866 0.212136
v -0.191342 0.392949 0.242856
v -0.240158 0.413052 0.147350
v -0.224953 0.408629 0.180050
v -0.204828 0.428323 0.156794
v -0.261249 0.362650 0.224130
v -0.243890 0.386572 0.202681
v -0.277423 0.369082 0.191872
v -0.304280 0.376843 0.124110
v -0.291649 0.373888 0.158584
v -0.272900 0.396237 0.136097
v -0.411848 0.017574 0.282971
v -0.414874 0.048303 0.274857
v -0.429422 0.028435 0.254536
v -0.377855 0.089234 0.315060
v -0.397691 0.069255 0.295035
v -0.376197 0.056808 0.324420
v -0.433005 0.091918 0.232503
v -0.416133 0.080653 0.265195
v -0.416242 0.112958 0.252949
v -0.276227 0.170718 0.380203
v -0.304117 0.151724 0.366733
v -0.278652 0.135988 0.392250
v -0.349689 0.179887 0.308802
v -0.327965 0.166460 0.338718
v -0.323420 0.199885 0.324724
v -0.331419 0.096904 0.361623
v -0.330667 0.131867 0.351099
v -0.355284 0.111647 0.333629
v -0.414640 0.220034 0.172216
v -0.401866 0.212136 0.208571
v -0.392949 0.242856 0.191342
v -0.413052 0.147350 0.240158
v -0.408629 0.180050 0.224953
v -0.428323 0.156794 0.204828
v -0.362650 0.224130 0.261249
v -0.386572 0.202681 0.243890
v -0.369082 0.191872 0.277423
v -0.376843 0.124110 0.304280
v -0.373888 0.158584 0.291649
v -0.396237 0.136097 0.272900
v -0.017574 0.282971 0.411848
v -0.048303 0.274857 0.414874
v -0.028435 0.254536 0.429422
v -0.089234 0.315060 0.377855
v -0.069255 0.295035 0.397691
v -0.056808 0.324420 0.376197
v -0.091918 0.232503 0.433005
v -0.080653 0.265195 0.416133
v -0.112958 0.252949 0.416242
v -0.170718 0.380203 0.276227
v -0.151724 0.366733 0.304117
v -0.135988 0.392250 0.278652
v -0.179887 0.308802 0.349689
v -0.166460 0.338718 0.327965
v -0.199885 0.324724 0.323420
v -0.096904 0.361623 0.331419
v -0.131867 0.351099 0.330667
v -0.111647 0.333629 0.355284
v -0.220034 0.172216 0.414640
v -0.212136 0.208571 0.401866
v -0.242856 0.191342 0.392949
v -0.147350 0.240158 0.413052
v -0.180050 0.224953 0.408629
v -0.156794 0.204828 0.428323
v -0.224130 0.261249 0.362650
v -0.202681 0.243890 0.386572
v -0.191872 0.277423 0.369082
v -0.124110 0.304280 0.376843
v -0.158584 0.291649 0.373888
v -0.136097 0.272900 0.396237
v -0.367506 0.268392 0.207136
v -0.334806 0.248221 0.276209
v -0.352236 0.258985 0.242604
v -0.339488 0.292358 0.221979
v -0.309621 0.314156 0.235459
v -0.268392 0.207136 0.367506
v -0.248221 0.276209 0.334806
v -0.258985 0.242604 0.352236
v -0.292358 0.221979 0.339488
v -0.314156 0.235459 0.309621
v -0.207136 0.367506 0.268392
v -0.276209 0.334806 0.248221
v -0.242604 0.352236 0.258985
v -0.221979 0.339488 0.292358
v -0.235459 0.309621 0.314156
v -0.303739 0.270325 0.290976
v -0.270325 0.290976 0.303739
v -0.290976 0.303739 0.270325
v -0.226553 0.444727 0.029853
v -0.236962 0.440283 0.000000
v -0.202102 0.447667 0.093536
v -0.214382 0.447537 0.061244
v -0.175694 0.468115 0.000000
v -0.195940 0.458935 0.031404
v -0.163715 0.471391 0.031426
v -0.137347 0.426320 0.222232
v -0.154597 0.435224 0.191520
v -0.116929 0.468273 0.130569
v -0.136037 0.453229 0.161485
v -0.100594 0.461940 0.162765
v -0.171049 0.441944 0.159460
v -0.186279 0.446351 0.126770
v -0.036228 0.498686 0.000000
v -0.056847 0.495637 0.033358
v -0.020624 0.498459 0.033371
v -0.128511 0.482054 0.033299
v -0.093087 0.490128 0.033315
v -0.107924 0.488214 0.000000
v -0.061365 0.486185 0.099290
v -0.077430 0.489450 0.066657
v -0.097536 0.480258 0.099190
v -0.168183 0.460955 0.096099
v -0.133065 0.471898 0.098010
v -0.148789 0.472941 0.064718
v 0.017574 0.282971 0.411848
v 0.000000 0.304710 0.396424
v 0.038386 0.346485 0.358433
v 0.018442 0.326440 0.378282
v 0.056808 0.324420 0.376197
v -0.018442 0.326440 0.378282
v -0.038386 0.346485 0.358433
v 0.116723 0.413574 0.255603
v 0.097749 0.400091 0.283501
v 0.135988 0.392250 0.278652
v 0.019393 0.407992 0.288386
v 0.058607 0.405375 0.286769
v 0.039230 0.424014 0.262055
v 0.096904 0.361623 0.331419
v 0.077962 0.384414 0.310078
v 0.057768 0.366927 0.334704
v -0.097749 0.400091 0.283501
v -0.116723 0.413574 0.255603
v -0.057768 0.366927 0.334704
v -0.077962 0.384414 0.310078
v -0.039230 0.424014 0.262055
v -0.058607 0.405375 0.286769
v -0.019393 0.407992 0.288386
v 0.019394 0.368998 0.336845
v 0.000000 0.389659 0.313314
v -0.019394 0.368998 0.336845
v 0.236962 0.440283 0.000000
v 0.226553 0.444727 0.029853
v 0.254536 0.429422 0.028435
v 0.163715 0.471391 0.031426
v 0.195940 0.458935 0.031404
v 0.175694 0.468115 0.000000
v 0.232503 0.433005 0.091918
v 0.214382 0.447537 0.061244
v 0.202102 0.447667 0.093536
v 0.020624 0.498459 0.033371
v 0.056847 0.495637 0.033358
v 0.036228 0.498686 0.000000
v 0.097536 0.480258 0.099190
v 0.077430 0.489450 0.066657
v 0.061365 0.486185 0.099290
v 0.107924 0.488214 0.000000
v 0.093087 0.490128 0.033315
v 0.128511 0.482054 0.033299
v 0.172216 0.414640 0.220034
v 0.154597 0.435224 0.191520
v 0.137347 0.426320 0.222232
v 0.186279 0.446351 0.126770
v 0.171049 0.441944 0.159460
v 0.204828 0.428323 0.156794
v 0.100594 0.461940 0.162765
v 0.136037 0.453229 0.161485
v 0.116929 0.468273 0.130569
v 0.148789 0.472941 0.064718
v 0.133065 0.471898 0.098010
v 0.168183 0.460955 0.096099
v -0.099114 0.434267 0.227131
v -0.020650 0.442380 0.232107
v -0.059878 0.439672 0.230441
v -0.080503 0.452419 0.197068
v -0.061400 0.467565 0.166171
v 0.099114 0.434267 0.227131
v 0.061400 0.467565 0.166171
v 0.080503 0.452419 0.197068
v 0.059878 0.439672 0.230441
v 0.020650 0.442380 0.232107
v 0.000000 0.495523 0.066762
v -0.040751 0.480327 0.132759
v -0.020625 0.489426 0.100184
v 0.020625 0.489426 0.100184
v 0.040751 0.480327 0.132759
v 0.000000 0.458046 0.200484
v 0.020651 0.470809 0.167070
v -0.020651 0.470809 0.167070
v -0.226553 0.444727 -0.029853
v -0.254536 0.429422 -0.028435
v -0.163715 0.471391 -0.031426
v -0.195940 0.458935 -0.031404
v -0.232503 0.433005 -0.091918
v -0.214382 0.447537 -0.061244
v -0.202102 0.447667 -0.093536
v -0.020624 0.498459 -0.033371
v -0.056847 0.495637 -0.033358
v -0.097536 0.480258 -0.099190
v -0.077430 0.489450 -0.066657
v -0.061365 0.486185 -0.099290
v -0.093087 0.490128 -0.033315
v -0.128511 0.482054 -0.033299
v -0.172216 0.414640 -0.220034
v -0.154597 0.435224 -0.191520
v -0.137347 0.426320 -0.222232
v -0.186279 0.446351 -0.126770
v -0.171049 0.441944 -0.159460
v -0.204828 0.428323 -0.156794
v -0.100594 0.461940 -0.162765
v -0.136037 0.453229 -0.161485
v -0.116929 0.468273 -0.130569
v -0.148789 0.472941 -0.064718
v -0.133065 0.471898 -0.098010
v -0.168183 0.460955 -0.096099
v 0.254536 0.429422 -0.028435
v 0.226553 0.444727 -0.029853
v 0.202102 0.447667 -0.093536
v 0.214382 0.447537 -0.061244
v 0.232503 0.433005 -0.091918
v 0.195940 0.458935 -0.031404
v 0.163715 0.471391 -0.031426
v 0.137347 0.426320 -0.222232
v 0.154597 0.435224 -0.191520
v 0.172216 0.414640 -0.220034
v 0.116929 0.468273 -0.130569
v 0.136037 0.453229 -0.161485
v 0.100594 0.461940 -0.162765
v 0.204828 0.428323 -0.156794
v 0.171049 0.441944 -0.159460
v 0.186279 0.446351 -0.126770
v 0.056847 0.495637 -0.033358
v 0.020624 0.498459 -0.033371
v 0.128511 0.482054 -0.033299
v 0.093087 0.490128 -0.033315
v 0.061365 0.486185 -0.099290
v 0.077430 0.489450 -0.066657
v 0.097536 0.480258 -0.099190
v 0.168183 0.460955 -0.096099
v 0.133065 0.471898 -0.098010
v 0.148789 0.472941 -0.064718
v -0.017574 0.282971 -0.411848
v 0.000000 0.304710 -0.396424
v 0.017574 0.282971 -0.411848
v -0.038386 0.346485 -0.358433
v -0.018442 0.326440 -0.378282
v -0.056808 0.324420 -0.376197
v 0.056808 0.324420 -0.376197
v 0.018442 0.326440 -0.378282
v 0.038386 0.346485 -0.358433
v -0.116723 0.413574 -0.255603
v -0.097749 0.400091 -0.283501
v -0.135988 0.392250 -0.278652
v -0.019393 0.407992 -0.288386
v -0.058607 0.405375 -0.286769
v -0.039230 0.424014 -0.262055
v -0.096904 0.361623 -0.331419
v -0.077962 0.384414 -0.310078
v -0.057768 0.366927 -0.334704
v 0.135988 0.392250 -0.278652
v 0.097749 0.400091 -0.283501
v 0.116723 0.413574 -0.255603
v 0.057768 0.366927 -0.334704
v 0.077962 0.384414 -0.310078
v 0.096904 0.361623 -0.331419
v 0.039230 0.424014 -0.262055
v 0.058607 0.405375 -0.286769
v 0.019393 0.407992 -0.288386
v -0.019394 0.368998 -0.336845
v 0.000000 0.389659 -0.313314
v 0.019394 0.368998 -0.336845
v 0.000000 0.495523 -0.066762
v 0.040751 0.480327 -0.132759
v 0.020625 0.489426 -0.100184
v -0.020625 0.489426 -0.100184
v -0.040751 0.480327 -0.132759
v 0.099114 0.434267 -0.227131
v 0.020650 0.442380 -0.232107
v 0.059878 0.439672 -0.230441
v 0.080503 0.452419 -0.197068
v 0.061400 0.467565 -0.166171
v -0.099114 0.434267 -0.227131
v -0.061400 0.467565 -0.166171
v -0.080503 0.452419 -0.197068
v -0.059878 0.439672 -0.230441
v -0.020650 0.442380 -0.232107
v 0.020651 0.470809 -0.167070
v 0.000000 0.458046 -0.200484
v -0.020651 0.470809 -0.167070
v -0.274857 0.414874 -0.048303
v -0.282971 0.411848 -0.017574
v -0.252949 0.416242 -0.112958
v -0.265195 0.416133 -0.080653
v -0.324420 0.376197 -0.056808
v -0.295035 0.397691 -0.069255
v -0.315060 0.377855 -0.089234
v -0.191342 0.392949 -0.242856
v -0.208571 0.401866 -0.212136
v -0.277423 0.369082 -0.191872
v -0.243890 0.386572 -0.202681
v -0.261249 0.362650 -0.224130
v -0.224953 0.408629 -0.180050
v -0.240158 0.413052 -0.147350
v -0.392250 0.278652 -0.135988
v -0.366733 0.304117 -0.151724
v -0.380203 0.276227 -0.170718
v -0.333629 0.355284 -0.111647
v -0.351099 0.330667 -0.131867
v -0.361623 0.331419 -0.096904
v -0.324724 0.323420 -0.199885
v -0.338718 0.327965 -0.166460
v -0.308802 0.349689 -0.179887
v -0.272900 0.396237 -0.136097
v -0.291649 0.373888 -0.158584
v -0.304280 0.376843 -0.124110
v -0.028435 0.254536 -0.429422
v -0.048303 0.274857 -0.414874
v -0.112958 0.252949 -0.416242
v -0.080653 0.265195 -0.416133
v -0.091918 0.232503 -0.433005
v -0.069255 0.295035 -0.397691
v -0.089234 0.315060 -0.377855
v -0.242856 0.191342 -0.392949
v -0.212136 0.208571 -0.401866
v -0.220034 0.172216 -0.414640
v -0.191872 0.277423 -0.369082
v -0.202681 0.243890 -0.386572
v -0.224130 0.261249 -0.362650
v -0.156794 0.204828 -0.428323
v -0.180050 0.224953 -0.408629
v -0.147350 0.240158 -0.413052
v -0.151724 0.366733 -0.304117
v -0.170718 0.380203 -0.276227
v -0.111647 0.333629 -0.355284
v -0.131867 0.351099 -0.330667
v -0.199885 0.324724 -0.323420
v -0.166460 0.338718 -0.327965
v -0.179887 0.308802 -0.349689
v -0.136097 0.272900 -0.396237
v -0.158584 0.291649 -0.373888
v -0.124110 0.304280 -0.376843
v -0.429422 0.028435 -0.254536
v -0.414874 0.048303 -0.274857
v -0.411848 0.017574 -0.282971
v -0.416242 0.112958 -0.252949
v -0.416133 0.080653 -0.265195
v -0.433005 0.091918 -0.232503
v -0.376197 0.056808 -0.324420
v -0.397691 0.069255 -0.295035
v -0.377855 0.089234 -0.315060
v -0.392949 0.242856 -0.191342
v -0.401866 0.212136 -0.208571
v -0.414640 0.220034 -0.172216
v -0.369082 0.191872 -0.277423
v -0.386572 0.202681 -0.243890
v -0.362650 0.224130 -0.261249
v -0.428323 0.156794 -0.204828
v -0.408629 0.180050 -0.224953
v -0.413052 0.147350 -0.240158
v -0.278652 0.135988 -0.392250
v -0.304117 0.151724 -0.366733
v -0.276227 0.170718 -0.380203
v -0.355284 0.111647 -0.333629
v -0.330667 0.131867 -0.351099
v -0.331419 0.096904 -0.361623
v -0.323420 0.199885 -0.324724
v -0.327965 0.166460 -0.338718
v -0.349689 0.179887 -0.308802
v -0.396237 0.136097 -0.272900
v -0.373888 0.158584 -0.291649
v -0.376843 0.124110 -0.304280
v -0.207136 0.367506 -0.268392
v -0.235459 0.309621 -0.314156
v -0.221979 0.339488 -0.292358
v -0.242604 0.352236 -0.258985
v -0.276209 0.334806 -0.248221
v -0.268392 0.207136 -0.367506
v -0.314156 0.235459 -0.309621
v -0.292358 0.221979 -0.339488
v -0.258985 0.242604 -0.352236
v -0.248221 0.276209 -0.334806
v -0.367506 0.268392 -0.207136
v -0.309621 0.314156 -0.235459
v -0.339488 0.292358 -0.221979
v -0.352236 0.258985 -0.242604
v -0.334806 0.248221 -0.276209
v -0.270325 0.290976 -0.303739
v -0.303739 0.270325 -0.290976
v -0.290976 0.303739 -0.270325
v -0.304710 0.396424 0.000000
v -0.346485 0.358433 -0.038386
v -0.326440 0.378282 -0.018442
v -0.326440 0.378282 0.018442
v -0.346485 0.358433 0.038386
v -0.413574 0.255603 -0.116723
v -0.400091 0.283501 -0.097749
v -0.407992 0.288386 -0.019393
v -0.405375 0.286769 -0.058607
v -0.424014 0.262055 -0.039230
v -0.384414 0.310078 -0.077962
v -0.366927 0.334704 -0.057768
v -0.400091 0.283501 0.097749
v -0.413574 0.255603 0.116723
v -0.366927 0.334704 0.057768
v -0.384414 0.310078 0.077962
v -0.424014 0.262055 0.039230
v -0.405375 0.286769 0.058607
v -0.407992 0.288386 0.019393
v -0.368998 0.336845 -0.019394
v -0.389659 0.313314 0.000000
v -0.368998 0.336845 0.019394
v -0.440283 0.000000 -0.236962
v -0.444727 0.029853 -0.226553
v -0.471391 0.031426 -0.163715
v -0.458935 0.031404 -0.195940
v -0.468115 0.000000 -0.175694
v -0.447537 0.061244 -0.214382
v -0.447667 0.093536 -0.202102
v -0.498459 0.033371 -0.020624
v -0.495637 0.033358 -0.056847
v -0.498686 0.000000 -0.036228
v -0.480258 0.099190 -0.097536
v -0.489450 0.066657 -0.077430
v -0.486185 0.099290 -0.061365
v -0.488214 0.000000 -0.107924
v -0.490128 0.033315 -0.093087
v -0.482054 0.033299 -0.128511
v -0.435224 0.191520 -0.154597
v -0.426320 0.222232 -0.137347
v -0.446351 0.126770 -0.186279
v -0.441944 0.159460 -0.171049
v -0.461940 0.162765 -0.100594
v -0.453229 0.161485 -0.136037
v -0.468273 0.130569 -0.116929
v -0.472941 0.064718 -0.148789
v -0.471898 0.098010 -0.133065
v -0.460955 0.096099 -0.168183
v -0.444727 0.029853 0.226553
v -0.440283 0.000000 0.236962
v -0.447667 0.093536 0.202102
v -0.447537 0.061244 0.214382
v -0.468115 0.000000 0.175694
v -0.458935 0.031404 0.195940
v -0.471391 0.031426 0.163715
v -0.426320 0.222232 0.137347
v -0.435224 0.191520 0.154597
v -0.468273 0.130569 0.116929
v -0.453229 0.161485 0.136037
v -0.461940 0.162765 0.100594
v -0.441944 0.159460 0.171049
v -0.446351 0.126770 0.186279
v -0.498686 0.000000 0.036228
v -0.495637 0.033358 0.056847
v -0.498459 0.033371 0.020624
v -0.482054 0.033299 0.128511
v -0.490128 0.033315 0.093087
v -0.488214 0.000000 0.107924
v -0.486185 0.099290 0.061365
v -0.489450 0.066657 0.077430
v -0.480258 0.099190 0.097536
v -0.460955 0.096099 0.168183
v -0.471898 0.098010 0.133065
v -0.472941 0.064718 0.148789
v -0.434267 0.227131 -0.099114
v -0.467565 0.166171 -0.061400
v -0.452419 0.197068 -0.080503
v -0.439672 0.230441 -0.059878
v -0.442380 0.232107 -0.020650
v -0.495523 0.066762 0.000000
v -0.480327 0.132759 0.040751
v -0.489426 0.100184 0.020625
v -0.489426 0.100184 -0.020625
v -0.480327 0.132759 -0.040751
v -0.434267 0.227131 0.099114
v -0.442380 0.232107 0.020650
v -0.439672 0.230441 0.059878
v -0.452419 0.197068 0.080503
v -0.467565 0.166171 0.061400
v -0.470809 0.167070 -0.020651
v -0.470809 0.167070 0.020651
v -0.458046 0.200484 0.000000
v 0.274857 0.414874 0.048303
v 0.282971 0.411848 0.017574
v 0.252949 0.416242 0.112958
v 0.265195 0.416133 0.080653
v 0.324420 0.376197 0.056808
v 0.295035 0.397691 0.069255
v 0.315060 0.377855 0.089234
v 0.191342 0.392949 0.242856
v 0.208571 0.401866 0.212136
v 0.277423 0.369082 0.191872
v 0.243890 0.386572 0.202681
v 0.261249 0.362650 0.224130
v 0.224953 0.408629 0.180050
v 0.240158 0.413052 0.147350
v 0.392250 0.278652 0.135988
v 0.366733 0.304117 0.151724
v 0.380203 0.276227 0.170718
v 0.333629 0.355284 0.111647
v 0.351099 0.330667 0.131867
v 0.361623 0.331419 0.096904
v 0.324724 0.323420 0.199885
v 0.338718 0.327965 0.166460
v 0.308802 0.349689 0.179887
v 0.272900 0.396237 0.136097
v 0.291649 0.373888 0.158584
v 0.304280 0.376843 0.124110
v 0.028435 0.254536 0.429422
v 0.048303 0.274857 0.414874
v 0.112958 0.252949 0.416242
v 0.080653 0.265195 0.416133
v 0.091918 0.232503 0.433005
v 0.069255 0.295035 0.397691
v 0.089234 0.315060 0.377855
v 0.242856 0.191342 0.392949
v 0.212136 0.208571 0.401866
v 0.220034 0.172216 0.414640
v 0.191872 0.277423 0.369082
v 0.202681 0.243890 0.386572
v 0.224130 0.261249 0.362650
v 0.156794 0.204828 0.428323
v 0.180050 0.224953 0.408629
v 0.147350 0.240158 0.413052
v 0.151724 0.366733 0.304117
v 0.170718 0.380203 0.276227
v 0.111647 0.333629 0.355284
v 0.131867 0.351099 0.330667
v 0.199885 0.324724 0.323420
v 0.166460 0.338718 0.327965
v 0.179887 0.308802 0.349689
v 0.136097 0.272900 0.396237
v 0.158584 0.291649 0.373888
v 0.124110 0.304280 0.376843
v 0.429422 0.028435 0.254536
v 0.414874 0.048303 0.274857
v 0.411848 0.017574 0.282971
v 0.416242 0.112958 0.252949
v 0.416133 0.080653 0.265195
v 0.433005 0.091918 0.232503
v 0.376197 0.056808 0.324420
v 0.397691 0.069255 0.295035
v 0.377855 0.089234 0.315060
v 0.392949 0.242856 0.191342
v 0.401866 0.212136 0.208571
v 0.414640 0.220034 0.172216
v 0.369082 0.191872 0.277423
v 0.386572 0.202681 0.243890
v 0.362650 0.224130 0.261249
v 0.428323 0.156794 0.204828
v 0.408629 0.180050 0.224953
v 0.413052 0.147350 0.240158
v 0.278652 0.135988 0.392250
v 0.304117 0.151724 0.366733
v 0.276227 0.170718 0.380203
v 0.355284 0.111647 0.333629
v 0.330667 0.131867 0.351099
v 0.331419 0.096904 0.361623
v 0.323420 0.199885 0.324724
v 0.327965 0.166460 0.338718
v 0.349689 0.179887 0.308802
v 0.396237 0.136097 0.272900
v 0.373888 0.158584 0.291649
v 0.376843 0.124110 0.304280
v 0.207136 0.367506 0.268392
v 0.235459 0.309621 0.314156
v 0.221979 0.339488 0.292358
v 0.242604 0.352236 0.258985
v 0.276209 0.334806 0.248221
v 0.268392 0.207136 0.367506
v 0.314156 0.235459 0.309621
v 0.292358 0.221979 0.339488
v 0.258985 0.242604 0.352236
v 0.248221 0.276209 0.334806
v 0.367506 0.268392 0.207136
v 0.309621 0.314156 0.235459
v 0.339488 0.292358 0.221979
v 0.352236 0.258985 0.242604
v 0.334806 0.248221 0.276209
v 0.270325 0.290976 0.303739
v 0.303739 0.270325 0.290976
v 0.290976 0.303739 0.270325
v -0.029853 0.226553 0.444727
v 0.000000 0.236962 0.440283
v -0.093536 0.202102 0.447667
v -0.061244 0.214382 0.447537
v 0.000000 0.175694 0.468115
v -0.031404 0.195940 0.458935
v -0.031426 0.163715 0.471391
v -0.222232 0.137347 0.426320
v -0.191520 0.154597 0.435224
v -0.130569 0.116929 0.468273
v -0.161485 0.136037 0.453229
v -0.162765 0.100594 0.461940
v -0.159460 0.171049 0.441944
v -0.126770 0.186279 0.446351
v 0.000000 0.036228 0.498686
v -0.033358 0.056847 0.495637
v -0.033371 0.020624 0.498459
v -0.033299 0.128511 0.482054
v -0.033315 0.093087 0.490128
v 0.000000 0.107924 0.488214
v -0.099290 0.061365 0.486185
v -0.066657 0.077430 0.489450
v -0.099190 0.097536 0.480258
v -0.096099 0.168183 0.460955
v -0.098010 0.133065 0.471898
v -0.064718 0.148789 0.472941
v -0.411848 -0.017574 0.282971
v -0.396424 0.000000 0.304710
v -0.358433 -0.038386 0.346485
v -0.378282 -0.018442 0.326440
v -0.376197 -0.056808 0.324420
v -0.378282 0.018442 0.326440
v -0.358433 0.038386 0.346485
v -0.255603 -0.116723 0.413574
v -0.283501 -0.097749 0.400091
v -0.278652 -0.135988 0.392250
v -0.288386 -0.019393 0.407992
v -0.286769 -0.058607 0.405375
v -0.262055 -0.039230 0.424014
v -0.331419 -0.096904 0.361623
v -0.310078 -0.077962 0.384414
v -0.334704 -0.057768 0.366927
v -0.283501 0.097749 0.400091
v -0.255603 0.116723 0.413574
v -0.334704 0.057768 0.366927
v -0.310078 0.077962 0.384414
v -0.262055 0.039230 0.424014
v -0.286769 0.058607 0.405375
v -0.288386 0.019393 0.407992
v -0.336845 -0.019394 0.368998
v -0.313314 0.000000 0.389659
v -0.336845 0.019394 0.368998
v 0.000000 -0.236962 0.440283
v -0.029853 -0.226553 0.444727
v -0.028435 -0.254536 0.429422
v -0.031426 -0.163715 0.471391
v -0.031404 -0.195940 0.458935
v 0.000000 -0.175694 0.468115
v -0.091918 -0.232503 0.433005
v -0.061244 -0.214382 0.447537
v -0.093536 -0.202102 0.447667
v -0.033371 -0.020624 0.498459
v -0.033358 -0.056847 0.495637
v 0.000000 -0.036228 0.498686
v -0.099190 -0.097536 0.480258
v -0.066657 -0.077430 0.489450
v -0.099290 -0.061365 0.486185
v 0.000000 -0.107924 0.488214
v -0.033315 -0.093087 0.490128
v -0.033299 -0.128511 0.482054
v -0.220034 -0.172216 0.414640
v -0.191520 -0.154597 0.435224
v -0.222232 -0.137347 0.426320
v -0.126770 -0.186279 0.446351
v -0.159460 -0.171049 0.441944
v -0.156794 -0.204828 0.428323
v -0.162765 -0.100594 0.461940
v -0.161485 -0.136037 0.453229
v -0.130569 -0.116929 0.468273
v -0.064718 -0.148789 0.472941
v -0.098010 -0.133065 0.471898
v -0.096099 -0.168183 0.460955
v -0.227131 0.099114 0.434267
v -0.232107 0.020650 0.442380
v -0.230441 0.059878 0.439672
v -0.197068 0.080503 0.452419
v -0.166171 0.061400 0.467565
v -0.227131 -0.099114 0.434267
v -0.166171 -0.061400 0.467565
v -0.197068 -0.080503 0.452419
v -0.230441 -0.059878 0.439672
v -0.232107 -0.020650 0.442380
v -0.066762 0.000000 0.495523
v -0.132759 0.040751 0.480327
v -0.100184 0.020625 0.489426
v -0.100184 -0.020625 0.489426
v -0.132759 -0.040751 0.480327
v -0.200484 0.000000 0.458046
v -0.167070 -0.020651 0.470809
v -0.167070 0.020651 0.470809
v -0.444727 -0.029853 0.226553
v -0.429422 -0.028435 0.254536
v -0.471391 -0.031426 0.163715
v -0.458935 -0.031404 0.195940
v -0.433005 -0.091918 0.232503
v -0.447537 -0.061244 0.214382
v -0.447667 -0.093536 0.202102
v -0.498459 -0.033371 0.020624
v -0.495637 -0.033358 0.056847
v -0.480258 -0.099190 0.097536
v -0.489450 -0.066657 0.077430
v -0.486185 -0.099290 0.061365
v -0.490128 -0.033315 0.093087
v -0.482054 -0.033299 0.128511
v -0.414640 -0.220034 0.172216
v -0.435224 -0.191520 0.154597
v -0.426320 -0.222232 0.137347
v -0.446351 -0.126770 0.186279
v -0.441944 -0.159460 0.171049
v -0.428323 -0.156794 0.204828
v -0.461940 -0.162765 0.100594
v -0.453229 -0.161485 0.136037
v -0.468273 -0.130569 0.116929
v -0.472941 -0.064718 0.148789
v -0.471898 -0.098010 0.133065
v -0.460955 -0.096099 0.168183
v -0.429422 -0.028435 -0.254536
v -0.444727 -0.029853 -0.226553
v -0.447667 -0.093536 -0.202102
v -0.447537 -0.061244 -0.214382
v -0.433005 -0.091918 -0.232503
v -0.458935 -0.031404 -0.195940
v -0.471391 -0.031426 -0.163715
v -0.426320 -0.222232 -0.137347
v -0.435224 -0.191520 -0.154597
v -0.414640 -0.220034 -0.172216
v -0.468273 -0.130569 -0.116929
v -0.453229 -0.161485 -0.136037
v -0.461940 -0.162765 -0.100594
v -0.428323 -0.156794 -0.204828
v -0.441944 -0.159460 -0.171049
v -0.446351 -0.126770 -0.186279
v -0.495637 -0.033358 -0.056847
v -0.498459 -0.033371 -0.020624
v -0.482054 -0.033299 -0.128511
v -0.490128 -0.033315 -0.093087
v -0.486185 -0.099290 -0.061365
v -0.489450 -0.066657 -0.077430
v -0.480258 -0.099190 -0.097536
v -0.460955 -0.096099 -0.168183
v -0.471898 -0.098010 -0.133065
v -0.472941 -0.064718 -0.148789
v -0.282971 -0.411848 0.017574
v -0.304710 -0.396424 0.000000
v -0.282971 -0.411848 -0.017574
v -0.346485 -0.358433 0.038386
v -0.326440 -0.378282 0.018442
v -0.324420 -0.376197 0.056808
v -0.324420 -0.376197 -0.056808
v -0.326440 -0.378282 -0.018442
v -0.346485 -0.358433 -0.038386
v -0.413574 -0.255603 0.116723
v -0.400091 -0.283501 0.097749
v -0.392250 -0.278652 0.135988
v -0.407992 -0.288386 0.019393
v -0.405375 -0.286769 0.058607
v -0.424014 -0.262055 0.039230
v -0.361623 -0.331419 0.096904
v -0.384414 -0.310078 0.077962
v -0.366927 -0.334704 0.057768
v -0.392250 -0.278652 -0.135988
v -0.400091 -0.283501 -0.097749
v -0.413574 -0.255603 -0.116723
v -0.366927 -0.334704 -0.057768
v -0.384414 -0.310078 -0.077962
v -0.361623 -0.331419 -0.096904
v -0.424014 -0.262055 -0.039230
v -0.405375 -0.286769 -0.058607
v -0.407992 -0.288386 -0.019393
v -0.368998 -0.336845 0.019394
v -0.389659 -0.313314 0.000000
v -0.368998 -0.336845 -0.019394
v -0.495523 -0.066762 0.000000
v -0.480327 -0.132759 -0.040751
v -0.489426 -0.100184 -0.020625
v -0.489426 -0.100184 0.020625
v -0.480327 -0.132759 0.040751
v -0.434267 -0.227131 -0.099114
v -0.442380 -0.232107 -0.020650
v -0.439672 -0.230441 -0.059878
v -0.452419 -0.197068 -0.080503
v -0.467565 -0.166171 -0.061400
v -0.434267 -0.227131 0.099114
v -0.467565 -0.166171 0.061400
v -0.452419 -0.197068 0.080503
v -0.439672 -0.230441 0.059878
v -0.442380 -0.232107 0.020650
v -0.470809 -0.167070 -0.020651
v -0.458046 -0.200484 0.000000
v -0.470809 -0.167070 0.020651
v -0.396424 0.000000 -0.304710
v -0.411848 -0.017574 -0.282971
v -0.358433 0.038386 -0.346485
v -0.378282 0.018442 -0.326440
v -0.376197 -0.056808 -0.324420
v -0.378282 -0.018442 -0.326440
v -0.358433 -0.038386 -0.346485
v -0.255603 0.116723 -0.413574
v -0.283501 0.097749 -0.400091
v -0.288386 0.019393 -0.407992
v -0.286769 0.058607 -0.405375
v -0.262055 0.039230 -0.424014
v -0.310078 0.077962 -0.384414
v -0.334704 0.057768 -0.366927
v -0.278652 -0.135988 -0.392250
v -0.283501 -0.097749 -0.400091
v -0.255603 -0.116723 -0.413574
v -0.334704 -0.057768 -0.366927
v -0.310078 -0.077962 -0.384414
v -0.331419 -0.096904 -0.361623
v -0.262055 -0.039230 -0.424014
v -0.286769 -0.058607 -0.405375
v -0.288386 -0.019393 -0.407992
v -0.336845 0.019394 -0.368998
v -0.313314 0.000000 -0.389659
v -0.336845 -0.019394 -0.368998
v 0.000000 0.236962 -0.440283
v -0.029853 0.226553 -0.444727
v -0.031426 0.163715 -0.471391
v -0.031404 0.195940 -0.458935
v 0.000000 0.175694 -0.468115
v -0.061244 0.214382 -0.447537
v -0.093536 0.202102 -0.447667
v -0.033371 0.020624 -0.498459
v -0.033358 0.056847 -0.495637
v 0.000000 0.036228 -0.498686
v -0.099190 0.097536 -0.480258
v -0.066657 0.077430 -0.489450
v -0.099290 0.061365 -0.486185
v 0.000000 0.107924 -0.488214
v -0.033315 0.093087 -0.490128
v -0.033299 0.128511 -0.482054
v -0.191520 0.154597 -0.435224
v -0.222232 0.137347 -0.426320
v -0.126770 0.186279 -0.446351
v -0.159460 0.171049 -0.441944
v -0.162765 0.100594 -0.461940
v -0.161485 0.136037 -0.453229
v -0.130569 0.116929 -0.468273
v -0.064718 0.148789 -0.472941
v -0.098010 0.133065 -0.471898
v -0.096099 0.168183 -0.460955
v -0.028435 -0.254536 -0.429422
v -0.029853 -0.226553 -0.444727
v 0.000000 -0.236962 -0.440283
v -0.093536 -0.202102 -0.447667
v -0.061244 -0.214382 -0.447537
v -0.091918 -0.232503 -0.433005
v 0.000000 -0.175694 -0.468115
v -0.031404 -0.195940 -0.458935
v -0.031426 -0.163715 -0.471391
v -0.222232 -0.137347 -0.426320
v -0.191520 -0.154597 -0.435224
v -0.220034 -0.172216 -0.414640
v -0.130569 -0.116929 -0.468273
v -0.161485 -0.136037 -0.453229
v -0.162765 -0.100594 -0.461940
v -0.156794 -0.204828 -0.428323
v -0.159460 -0.171049 -0.441944
v -0.126770 -0.186279 -0.446351
v 0.000000 -0.036228 -0.498686
v -0.033358 -0.056847 -0.495637
v -0.033371 -0.020624 -0.498459
v -0.033299 -0.128511 -0.482054
v -0.033315 -0.093087 -0.490128
v 0.000000 -0.107924 -0.488214
v -0.099290 -0.061365 -0.486185
v -0.066657 -0.077430 -0.489450
v -0.099190 -0.097536 -0.480258
v -0.096099 -0.168183 -0.460955
v -0.098010 -0.133065 -0.471898
v -0.064718 -0.148789 -0.472941
v -0.227131 0.099114 -0.434267
v -0.166171 0.061400 -0.467565
v -0.197068 0.080503 -0.452419
v -0.230441 0.059878 -0.439672
v -0.232107 0.020650 -0.442380
v -0.066762 0.000000 -0.495523
v -0.132759 -0.040751 -0.480327
v -0.100184 -0.020625 -0.489426
v -0.100184 0.020625 -0.489426
v -0.132759 0.040751 -0.480327
v -0.227131 -0.099114 -0.434267
v -0.232107 -0.020650 -0.442380
v -0.230441 -0.059878 -0.439672
v -0.197068 -0.080503 -0.452419
v -0.166171 -0.061400 -0.467565
v -0.167070 0.020651 -0.470809
v -0.167070 -0.020651 -0.470809
v -0.200484 0.000000 -0.458046
v 0.048303 0.274857 -0.414874
v 0.028435 0.254536 -0.429422
v 0.089234 0.315060 -0.377855
v 0.069255 0.295035 -0.397691
v 0.091918 0.232503 -0.433005
v 0.080653 0.265195 -0.416133
v 0.112958 0.252949 -0.416242
v 0.170718 0.380203 -0.276227
v 0.151724 0.366733 -0.304117
v 0.179887 0.308802 -0.349689
v 0.166460 0.338718 -0.327965
v 0.199885 0.324724 -0.323420
v 0.131867 0.351099 -0.330667
v 0.111647 0.333629 -0.355284
v 0.220034 0.172216 -0.414640
v 0.212136 0.208571 -0.401866
v 0.242856 0.191342 -0.392949
v 0.147350 0.240158 -0.413052
v 0.180050 0.224953 -0.408629
v 0.156794 0.204828 -0.428323
v 0.224130 0.261249 -0.362650
v 0.202681 0.243890 -0.386572
v 0.191872 0.277423 -0.369082
v 0.124110 0.304280 -0.376843
v 0.158584 0.291649 -0.373888
v 0.136097 0.272900 -0.396237
v 0.282971 0.411848 -0.017574
v 0.274857 0.414874 -0.048303
v 0.315060 0.377855 -0.089234
v 0.295035 0.397691 -0.069255
v 0.324420 0.376197 -0.056808
v 0.265195 0.416133 -0.080653
v 0.252949 0.416242 -0.112958
v 0.380203 0.276227 -0.170718
v 0.366733 0.304117 -0.151724
v 0.392250 0.278652 -0.135988
v 0.308802 0.349689 -0.179887
v 0.338718 0.327965 -0.166460
v 0.324724 0.323420 -0.199885
v 0.361623 0.331419 -0.096904
v 0.351099 0.330667 -0.131867
v 0.333629 0.355284 -0.111647
v 0.208571 0.401866 -0.212136
v 0.191342 0.392949 -0.242856
v 0.240158 0.413052 -0.147350
v 0.224953 0.408629 -0.180050
v 0.261249 0.362650 -0.224130
v 0.243890 0.386572 -0.202681
v 0.277423 0.369082 -0.191872
v 0.304280 0.376843 -0.124110
v 0.291649 0.373888 -0.158584
v 0.272900 0.396237 -0.136097
v 0.411848 0.017574 -0.282971
v 0.414874 0.048303 -0.274857
v 0.429422 0.028435 -0.254536
v 0.377855 0.089234 -0.315060
v 0.397691 0.069255 -0.295035
v 0.376197 0.056808 -0.324420
v 0.433005 0.091918 -0.232503
v 0.416133 0.080653 -0.265195
v 0.416242 0.112958 -0.252949
v 0.276227 0.170718 -0.380203
v 0.304117 0.151724 -0.366733
v 0.278652 0.135988 -0.392250
v 0.349689 0.179887 -0.308802
v 0.327965 0.166460 -0.338718
v 0.323420 0.199885 -0.324724
v 0.331419 0.096904 -0.361623
v 0.330667 0.131867 -0.351099
v 0.355284 0.111647 -0.333629
v 0.414640 0.220034 -0.172216
v 0.401866 0.212136 -0.208571
v 0.392949 0.242856 -0.191342
v 0.413052 0.147350 -0.240158
v 0.408629 0.180050 -0.224953
v 0.428323 0.156794 -0.204828
v 0.362650 0.224130 -0.261249
v 0.386572 0.202681 -0.243890
v 0.369082 0.191872 -0.277423
v 0.376843 0.124110 -0.304280
v 0.373888 0.158584 -0.291649
v 0.396237 0.136097 -0.272900
v 0.207136 0.367506 -0.268392
v 0.276209 0.334806 -0.248221
v 0.242604 0.352236 -0.258985
v 0.221979 0.339488 -0.292358
v 0.235459 0.309621 -0.314156
v 0.367506 0.268392 -0.207136
v 0.334806 0.248221 -0.276209
v 0.352236 0.258985 -0.242604
v 0.339488 0.292358 -0.221979
v 0.309621 0.314156 -0.235459
v 0.268392 0.207136 -0.367506
v 0.248221 0.276209 -0.334806
v 0.258985 0.242604 -0.352236
v 0.292358 0.221979 -0.339488
v 0.314156 0.235459 -0.309621
v 0.290976 0.303739 -0.270325
v 0.303739 0.270325 -0.290976
v 0.270325 0.290976 -0.303739
v 0.282971 -0.411848 0.017574
v 0.274857 -0.414874 0.048303
v 0.254536 -0.429422 0.028435
v 0.315060 -0.377855 0.089234
v 0.295035 -0.397691 0.069255
v 0.324420 -0.376197 0.056808
v 0.232503 -0.433005 0.091918
v 0.265195 -0.416133 0.080653
v 0.252949 -0.416242 0.112958
v 0.380203 -0.276227 0.170718
v 0.366733 -0.304117 0.151724
v 0.392250 -0.278652 0.135988
v 0.308802 -0.349689 0.179887
v 0.338718 -0.327965 0.166460
v 0.324724 -0.323420 0.199885
v 0.361623 -0.331419 0.096904
v 0.351099 -0.330667 0.131867
v 0.333629 -0.355284 0.111647
v 0.172216 -0.414640 0.220034
v 0.208571 -0.401866 0.212136
v 0.191342 -0.392949 0.242856
v 0.240158 -0.413052 0.147350
v 0.224953 -0.408629 0.180050
v 0.204828 -0.428323 0.156794
v 0.261249 -0.362650 0.224130
v 0.243890 -0.386572 0.202681
v 0.277423 -0.369082 0.191872
v 0.304280 -0.376843 0.124110
v 0.291649 -0.373888 0.158584
v 0.272900 -0.396237 0.136097
v 0.411848 -0.017574 0.282971
v 0.414874 -0.048303 0.274857
v 0.429422 -0.028435 0.254536
v 0.377855 -0.089234 0.315060
v 0.397691 -0.069255 0.295035
v 0.376197 -0.056808 0.324420
v 0.433005 -0.091918 0.232503
v 0.416133 -0.080653 0.265195
v 0.416242 -0.112958 0.252949
v 0.276227 -0.170718 0.380203
v 0.304117 -0.151724 0.366733
v 0.278652 -0.135988 0.392250
v 0.349689 -0.179887 0.308802
v 0.327965 -0.166460 0.338718
v 0.323420 -0.199885 0.324724
v 0.331419 -0.096904 0.361623
v 0.330667 -0.131867 0.351099
v 0.355284 -0.111647 0.333629
v 0.414640 -0.220034 0.172216
v 0.401866 -0.212136 0.208571
v 0.392949 -0.242856 0.191342
v 0.413052 -0.147350 0.240158
v 0.408629 -0.180050 0.224953
v 0.428323 -0.156794 0.204828
v 0.362650 -0.224130 0.261249
v 0.386572 -0.202681 0.243890
v 0.369082 -0.191872 0.277423
v 0.376843 -0.124110 0.304280
v 0.373888 -0.158584 0.291649
v 0.396237 -0.136097 0.272900
v 0.017574 -0.282971 0.411848
v 0.048303 -0.274857 0.414874
v 0.028435 -0.254536 0.429422
v 0.089234 -0.315060 0.377855
v 0.069255 -0.295035 0.397691
v 0.056808 -0.324420 0.376197
v 0.091918 -0.232503 0.433005
v 0.080653 -0.265195 0.416133
v 0.112958 -0.252949 0.416242
v 0.170718 -0.380203 0.276227
v 0.151724 -0.366733 0.304117
v 0.135988 -0.392250 0.278652
v 0.179887 -0.308802 0.349689
v 0.166460 -0.338718 0.327965
v 0.199885 -0.324724 0.323420
v 0.096904 -0.361623 0.331419
v 0.131867 -0.351099 0.330667
v 0.111647 -0.333629 0.355284
v 0.220034 -0.172216 0.414640
v 0.212136 -0.208571 0.401866
v 0.242856 -0.191342 0.392949
v 0.147350 -0.240158 0.413052
v 0.180050 -0.224953 0.408629
v 0.156794 -0.204828 0.428323
v 0.224130 -0.261249 0.362650
v 0.202681 -0.243890 0.386572
v 0.191872 -0.277423 0.369082
v 0.124110 -0.304280 0.376843
v 0.158584 -0.291649 0.373888
v 0.136097 -0.272900 0.396237
v 0.367506 -0.268392 0.207136
v 0.334806 -0.248221 0.276209
v 0.352236 -0.258985 0.242604
v 0.339488 -0.292358 0.221979
v 0.309621 -0.314156 0.235459
v 0.268392 -0.207136 0.367506
v 0.248221 -0.276209 0.334806
v 0.258985 -0.242604 0.352236
v 0.292358 -0.221979 0.339488
v 0.314156 -0.235459 0.309621
v 0.207136 -0.367506 0.268392
v 0.276209 -0.334806 0.248221
v 0.242604 -0.352236 0.258985
v 0.221979 -0.339488 0.292358
v 0.235459 -0.309621 0.314156
v 0.303739 -0.270325 0.290976
v 0.270325 -0.290976 0.303739
v 0.290976 -0.303739 0.270325
v 0.226553 -0.444727 0.029853
v 0.236962 -0.440283 0.000000
v 0.202102 -0.447667 0.093536
v 0.214382 -0.447537 0.061244
v 0.175694 -0.468115 0.000000
v 0.195940 -0.458935 0.031404
v 0.163715 -0.471391 0.031426
v 0.137347 -0.426320 0.222232
v 0.154597 -0.435224 0.191520
v 0.116929 -0.468273 0.130569
v 0.136037 -0.453229 0.161485
v 0.100594 -0.461940 0.162765
v 0.171049 -0.441944 0.159460
v 0.186279 -0.446351 0.126770
v 0.036228 -0.498686 0.000000
v 0.056847 -0.495637 0.033358
v 0.020624 -0.498459 0.033371
v 0.128511 -0.482054 0.033299
v 0.093087 -0.490128 0.033315
v 0.107924 -0.488214 0.000000
v 0.061365 -0.486185 0.099290
v 0.077430 -0.489450 0.066657
v 0.097536 -0.480258 0.099190
v 0.168183 -0.460955 0.096099
v 0.133065 -0.471898 0.098010
v 0.148789 -0.472941 0.064718
v -0.017574 -0.282971 0.411848
v 0.000000 -0.304710 0.396424
v -0.038386 -0.346485 0.358433
v -0.018442 -0.326440 0.378282
v -0.056808 -0.324420 0.376197
v 0.018442 -0.326440 0.378282
v 0.038386 -0.346485 0.358433
v -0.116723 -0.413574 0.255603
v -0.097749 -0.400091 0.283501
v -0.135988 -0.392250 0.278652
v -0.019393 -0.407992 0.288386
v -0.058607 -0.405375 0.286769
v -0.039230 -0.424014 0.262055
v -0.096904 -0.361623 0.331419
v -0.077962 -0.384414 0.310078
v -0.057768 -0.366927 0.334704
v 0.097749 -0.400091 0.283501
v 0.116723 -0.413574 0.255603
v 0.057768 -0.366927 0.334704
v 0.077962 -0.384414 0.310078
v 0.039230 -0.424014 0.262055
v 0.058607 -0.405375 0.286769
v 0.019393 -0.407992 0.288386
v -0.019394 -0.368998 0.336845
v 0.000000 -0.389659 0.313314
v 0.019394 -0.368998 0.336845
v -0.236962 -0.440283 0.000000
v -0.226553 -0.444727 0.029853
v -0.254536 -0.429422 0.028435
v -0.163715 -0.471391 0.031426
v -0.195940 -0.458935 0.031404
v -0.175694 -0.468115 0.000000
v -0.232503 -0.433005 0.091918
v -0.214382 -0.447537 0.061244
v -0.202102 -0.447667 0.093536
v -0.020624 -0.498459 0.033371
v -0.056847 -0.495637 0.033358
v -0.036228 -0.498686 0.000000
v -0.097536 -0.480258 0.099190
v -0.077430 -0.489450 0.066657
v -0.061365 -0.486185 0.099290
v -0.107924 -0.488214 0.000000
v -0.093087 -0.490128 0.033315
v -0.128511 -0.482054 0.033299
v -0.172216 -0.414640 0.220034
v -0.154597 -0.435224 0.191520
v -0.137347 -0.426320 0.222232
v -0.186279 -0.446351 0.126770
v -0.171049 -0.441944 0.159460
v -0.204828 -0.428323 0.156794
v -0.100594 -0.461940 0.162765
v -0.136037 -0.453229 0.161485
v -0.116929 -0.468273 0.130569
v -0.148789 -0.472941 0.064718
v -0.133065 -0.471898 0.098010
v -0.168183 -0.460955 0.096099
v 0.099114 -0.434267 0.227131
v 0.020650 -0.442380 0.232107
v 0.059878 -0.439672 0.230441
v 0.080503 -0.452419 0.197068
v 0.061400 -0.467565 0.166171
v -0.099114 -0.434267 0.227131
v -0.061400 -0.467565 0.166171
v -0.080503 -0.452419 0.197068
v -0.059878 -0.439672 0.230441
v -0.020650 -0.442380 0.232107
v 0.000000 -0.495523 0.066762
v 0.040751 -0.480327 0.132759
v 0.020625 -0.489426 0.100184
v -0.020625 -0.489426 0.100184
v -0.040751 -0.480327 0.132759
v 0.000000 -0.458046 0.200484
v -0.020651 -0.470809 0.167070
v 0.020651 -0.470809 0.167070
v 0.226553 -0.444727 -0.029853
v 0.254536 -0.429422 -0.028435
v 0.163715 -0.471391 -0.031426
v 0.195940 -0.458935 -0.031404
v 0.232503 -0.433005 -0.091918
v 0.214382 -0.447537 -0.061244
v 0.202102 -0.447667 -0.093536
v 0.020624 -0.498459 -0.033371
v 0.056847 -0.495637 -0.033358
v 0.097536 -0.480258 -0.099190
v 0.077430 -0.489450 -0.066657
v 0.061365 -0.486185 -0.099290
v 0.093087 -0.490128 -0.033315
v 0.128511 -0.482054 -0.033299
v 0.172216 -0.414640 -0.220034
v 0.154597 -0.435224 -0.191520
v 0.137347 -0.426320 -0.222232
v 0.186279 -0.446351 -0.126770
v 0.171049 -0.441944 -0.159460
v 0.204828 -0.428323 -0.156794
v 0.100594 -0.461940 -0.162765
v 0.136037 -0.453229 -0.161485
v 0.116929 -0.468273 -0.130569
v 0.148789 -0.472941 -0.064718
v 0.133065 -0.471898 -0.098010
v 0.168183 -0.460955 -0.096099
v -0.254536 -0.429422 -0.028435
v -0.226553 -0.444727 -0.029853
v -0.202102 -0.447667 -0.093536
v -0.214382 -0.447537 -0.061244
v -0.232503 -0.433005 -0.091918
v -0.195940 -0.458935 -0.031404
v -0.163715 -0.471391 -0.031426
v -0.137347 -0.426320 -0.222232
v -0.154597 -0.435224 -0.191520
v -0.172216 -0.414640 -0.220034
v -0.116929 -0.468273 -0.130569
v -0.136037 -0.453229 -0.161485
v -0.100594 -0.461940 -0.162765
v -0.204828 -0.428323 -0.156794
v -0.171049 -0.441944 -0.159460
v -0.186279 -0.446351 -0.126770
v -0.056847 -0.495637 -0.033358
v -0.020624 -0.498459 -0.033371
v -0.128511 -0.482054 -0.033299
v -0.093087 -0.490128 -0.033315
v -0.061365 -0.486185 -0.099290
v -0.077430 -0.489450 -0.066657
v -0.097536 -0.480258 -0.099190
v -0.168183 -0.460955 -0.096099
v -0.133065 -0.471898 -0.098010
v -0.148789 -0.472941 -0.064718
v 0.017574 -0.282971 -0.411848
v 0.000000 -0.304710 -0.396424
v -0.017574 -0.282971 -0.411848
v 0.038386 -0.346485 -0.358433
v 0.018442 -0.326440 -0.378282
v 0.056808 -0.324420 -0.376197
v -0.056808 -0.324420 -0.376197
v -0.018442 -0.326440 -0.378282
v -0.038386 -0.346485 -0.358433
v 0.116723 -0.413574 -0.255603
v 0.097749 -0.400091 -0.283501
v 0.135988 -0.392250 -0.278652
v 0.019393 -0.407992 -0.288386
v 0.058607 -0.405375 -0.286769
v 0.039230 -0.424014 -0.262055
v 0.096904 -0.361623 -0.331419
v 0.077962 -0.384414 -0.310078
v 0.057768 -0.366927 -0.334704
v -0.135988 -0.392250 -0.278652
v -0.097749 -0.400091 -0.283501
v -0.116723 -0.413574 -0.255603
v -0.057768 -0.366927 -0.334704
v -0.077962 -0.384414 -0.310078
v -0.096904 -0.361623 -0.331419
v -0.039230 -0.424014 -0.262055
v -0.058607 -0.405375 -0.286769
v -0.019393 -0.407992 -0.288386
v 0.019394 -0.368998 -0.336845
v 0.000000 -0.389659 -0.313314
v -0.019394 -0.368998 -0.336845
v 0.000000 -0.495523 -0.066762
v -0.040751 -0.480327 -0.132759
v -0.020625 -0.489426 -0.100184
v 0.020625 -0.489426 -0.100184
v 0.040751 -0.480327 -0.132759
v -0.099114 -0.434267 -0.227131
v -0.020650 -0.442380 -0.232107
v -0.059878 -0.439672 -0.230441
v -0.080503 -0.452419 -0.197068
v -0.061400 -0.467565 -0.166171
v 0.099114 -0.434267 -0.227131
v 0.061400 -0.467565 -0.166171
v 0.080503 -0.452419 -0.197068
v 0.059878 -0.439672 -0.230441
v 0.020650 -0.442380 -0.232107
v -0.020651 -0.470809 -0.167070
v 0.000000 -0.458046 -0.200484
v 0.020651 -0.470809 -0.167070
v 0.274857 -0.414874 -0.048303
v 0.282971 -0.411848 -0.017574
v 0.252949 -0.416242 -0.112958
v 0.265195 -0.416133 -0.080653
v 0.324420 -0.376197 -0.056808
v 0.295035 -0.397691 -0.069255
v 0.315060 -0.377855 -0.089234
v 0.191342 -0.392949 -0.242856
v 0.208571 -0.401866 -0.212136
v 0.277423 -0.369082 -0.191872
v 0.243890 -0.386572 -0.202681
v 0.261249 -0.362650 -0.224130
v 0.224953 -0.408629 -0.180050
v 0.240158 -0.413052 -0.147350
v 0.392250 -0.278652 -0.135988
v 0.366733 -0.304117 -0.151724
v 0.380203 -0.276227 -0.170718
v 0.333629 -0.355284 -0.111647
v 0.351099 -0.330667 -0.131867
v 0.361623 -0.331419 -0.096904
v 0.324724 -0.323420 -0.199885
v 0.338718 -0.327965 -0.166460
v 0.308802 -0.349689 -0.179887
v 0.272900 -0.396237 -0.136097
v 0.291649 -0.373888 -0.158584
v 0.304280 -0.376843 -0.124110
v 0.028435 -0.254536 -0.429422
v 0.048303 -0.274857 -0.414874
v 0.112958 -0.252949 -0.416242
v 0.080653 -0.265195 -0.416133
v 0.091918 -0.232503 -0.433005
v 0.069255 -0.295035 -0.397691
v 0.089234 -0.315060 -0.377855
v 0.242856 -0.191342 -0.392949
v 0.212136 -0.208571 -0.401866
v 0.220034 -0.172216 -0.414640
v 0.191872 -0.277423 -0.369082
v 0.202681 -0.243890 -0.386572
v 0.224130 -0.261249 -0.362650
v 0.156794 -0.204828 -0.428323
v 0.180050 -0.224953 -0.408629
v 0.147350 -0.240158 -0.413052
v 0.151724 -0.366733 -0.304117
v 0.170718 -0.380203 -0.276227
v 0.111647 -0.333629 -0.355284
v 0.131867 -0.351099 -0.330667
v 0.199885 -0.324724 -0.323420
v 0.166460 -0.338718 -0.327965
v 0.179887 -0.308802 -0.349689
v 0.136097 -0.272900 -0.396237
v 0.158584 -0.291649 -0.373888
v 0.124110 -0.304280 -0.376843
v 0.429422 -0.028435 -0.254536
v 0.414874 -0.048303 -0.274857
v 0.411848 -0.017574 -0.282971
v 0.416242 -0.112958 -0.252949
v 0.416133 -0.080653 -0.265195
v 0.433005 -0.091918 -0.232503
v 0.376197 -0.056808 -0.324420
v 0.397691 -0.069255 -0.295035
v 0.377855 -0.089234 -0.315060
v 0.392949 -0.242856 -0.191342
v 0.401866 -0.212136 -0.208571
v 0.414640 -0.220034 -0.172216
v 0.369082 -0.191872 -0.277423
v 0.386572 -0.202681 -0.243890
v 0.362650 -0.224130 -0.261249
v 0.428323 -0.156794 -0.204828
v 0.408629 -0.180050 -0.224953
v 0.413052 -0.147350 -0.240158
v 0.278652 -0.135988 -0.392250
v 0.304117 -0.151724 -0.366733
v 0.276227 -0.170718 -0.380203
v 0.355284 -0.111647 -0.333629
v 0.330667 -0.131867 -0.351099
v 0.331419 -0.096904 -0.361623
v 0.323420 -0.199885 -0.324724
v 0.327965 -0.166460 -0.338718
v 0.349689 -0.179887 -0.308802
v 0.396237 -0.136097 -0.272900
v 0.373888 -0.158584 -0.291649
v 0.376843 -0.124110 -0.304280
v 0.207136 -0.367506 -0.268392
v 0.235459 -0.309621 -0.314156
v 0.221979 -0.339488 -0.292358
v 0.242604 -0.352236 -0.258985
v 0.276209 -0.334806 -0.248221
v 0.268392 -0.207136 -0.367506
v 0.314156 -0.235459 -0.309621
v 0.292358 -0.221979 -0.339488
v 0.258985 -0.242604 -0.352236
v 0.248221 -0.276209 -0.334806
v 0.367506 -0.268392 -0.207136
v 0.309621 -0.314156 -0.235459
v 0.339488 -0.292358 -0.221979
v 0.352236 -0.258985 -0.242604
v 0.334806 -0.248221 -0.276209
v 0.270325 -0.290976 -0.303739
v 0.303739 -0.270325 -0.290976
v 0.290976 -0.303739 -0.270325
v 0.304710 -0.396424 0.000000
v 0.346485 -0.358433 -0.038386
v 0.326440 -0.378282 -0.018442
v 0.326440 -0.378282 0.018442
v 0.346485 -0.358433 0.038386
v 0.413574 -0.255603 -0.116723
v 0.400091 -0.283501 -0.097749
v 0.407992 -0.288386 -0.019393
v 0.405375 -0.286769 -0.058607
v 0.424014 -0.262055 -0.039230
v 0.384414 -0.310078 -0.077962
v 0.366927 -0.334704 -0.057768
v 0.400091 -0.283501 0.097749
v 0.413574 -0.255603 0.116723
v 0.366927 -0.334704 0.057768
v 0.384414 -0.310078 0.077962
v 0.424014 -0.262055 0.039230
v 0.405375 -0.286769 0.058607
v 0.407992 -0.288386 0.019393
v 0.368998 -0.336845 -0.019394
v 0.389659 -0.313314 0.000000
v 0.368998 -0.336845 0.019394
v 0.440283 0.000000 -0.236962
v 0.444727 -0.029853 -0.226553
v 0.471391 -0.031426 -0.163715
v 0.458935 -0.031404 -0.195940
v 0.468115 0.000000 -0.175694
v 0.447537 -0.061244 -0.214382
v 0.447667 -0.093536 -0.202102
v 0.498459 -0.033371 -0.020624
v 0.495637 -0.033358 -0.056847
v 0.498686 0.000000 -0.036228
v 0.480258 -0.099190 -0.097536
v 0.489450 -0.066657 -0.077430
v 0.486185 -0.099290 -0.061365
v 0.488214 0.000000 -0.107924
v 0.490128 -0.033315 -0.093087
v 0.482054 -0.033299 -0.128511
v 0.435224 -0.191520 -0.154597
v 0.426320 -0.222232 -0.137347
v 0.446351 -0.126770 -0.186279
v 0.441944 -0.159460 -0.171049
v 0.461940 -0.162765 -0.100594
v 0.453229 -0.161485 -0.136037
v 0.468273 -0.130569 -0.116929
v 0.472941 -0.064718 -0.148789
v 0.471898 -0.098010 -0.133065
v 0.460955 -0.096099 -0.168183
v 0.444727 -0.029853 0.226553
v 0.440283 0.000000 0.236962
v 0.447667 -0.093536 0.202102
v 0.447537 -0.061244 0.214382
v 0.468115 0.000000 0.175694
v 0.458935 -0.031404 0.195940
v 0.471391 -0.031426 0.163715
v 0.426320 -0.222232 0.137347
v 0.435224 -0.191520 0.154597
v 0.468273 -0.130569 0.116929
v 0.453229 -0.161485 0.136037
v 0.461940 -0.162765 0.100594
v 0.441944 -0.159460 0.171049
v 0.446351 -0.126770 0.186279
v 0.498686 0.000000 0.036228
v 0.495637 -0.033358 0.056847
v 0.498459 -0.033371 0.020624
v 0.482054 -0.033299 0.128511
v 0.490128 -0.033315 0.093087
v 0.488214 0.000000 0.107924
v 0.486185 -0.099290 0.061365
v 0.489450 -0.066657 0.077430
v 0.480258 -0.099190 0.097536
v 0.460955 -0.096099 0.168183
v 0.471898 -0.098010 0.133065
v 0.472941 -0.064718 0.148789
v 0.434267 -0.227131 -0.099114
v 0.467565 -0.166171 -0.061400
v 0.452419 -0.197068 -0.080503
v 0.439672 -0.230441 -0.059878
v 0.442380 -0.232107 -0.020650
v 0.495523 -0.066762 0.000000
v 0.480327 -0.132759 0.040751
v 0.489426 -0.100184 0.020625
v 0.489426 -0.100184 -0.020625
v 0.480327 -0.132759 -0.040751
v 0.434267 -0.227131 0.099114
v 0.442380 -0.232107 0.020650
v 0.439672 -0.230441 0.059878
v 0.452419 -0.197068 0.080503
v 0.467565 -0.166171 0.061400
v 0.470809 -0.167070 -0.020651
v 0.470809 -0.167070 0.020651
v 0.458046 -0.200484 0.000000
v 0.029853 -0.226553 0.444727
v 0.093536 -0.202102 0.447667
v 0.061244 -0.214382 0.447537
v 0.031404 -0.195940 0.458935
v 0.031426 -0.163715 0.471391
v 0.222232 -0.137347 0.426320
v 0.191520 -0.154597 0.435224
v 0.130569 -0.116929 0.468273
v 0.161485 -0.136037 0.453229
v 0.162765 -0.100594 0.461940
v 0.159460 -0.171049 0.441944
v 0.126770 -0.186279 0.446351
v 0.033358 -0.056847 0.495637
v 0.033371 -0.020624 0.498459
v 0.033299 -0.128511 0.482054
v 0.033315 -0.093087 0.490128
v 0.099290 -0.061365 0.486185
v 0.066657 -0.077430 0.489450
v 0.099190 -0.097536 0.480258
v 0.096099 -0.168183 0.460955
v 0.098010 -0.133065 0.471898
v 0.064718 -0.148789 0.472941
v 0.396424 0.000000 0.304710
v 0.358433 0.038386 0.346485
v 0.378282 0.018442 0.326440
v 0.378282 -0.018442 0.326440
v 0.358433 -0.038386 0.346485
v 0.255603 0.116723 0.413574
v 0.283501 0.097749 0.400091
v 0.288386 0.019393 0.407992
v 0.286769 0.058607 0.405375
v 0.262055 0.039230 0.424014
v 0.310078 0.077962 0.384414
v 0.334704 0.057768 0.366927
v 0.283501 -0.097749 0.400091
v 0.255603 -0.116723 0.413574
v 0.334704 -0.057768 0.366927
v 0.310078 -0.077962 0.384414
v 0.262055 -0.039230 0.424014
v 0.286769 -0.058607 0.405375
v 0.288386 -0.019393 0.407992
v 0.336845 0.019394 0.368998
v 0.313314 0.000000 0.389659
v 0.336845 -0.019394 0.368998
v 0.029853 0.226553 0.444727
v 0.031426 0.163715 0.471391
v 0.031404 0.195940 0.458935
v 0.061244 0.214382 0.447537
v 0.093536 0.202102 0.447667
v 0.033371 0.020624 0.498459
v 0.033358 0.056847 0.495637
v 0.099190 0.097536 0.480258
v 0.066657 0.077430 0.489450
v 0.099290 0.061365 0.486185
v 0.033315 0.093087 0.490128
v 0.033299 0.128511 0.482054
v 0.191520 0.154597 0.435224
v 0.222232 0.137347 0.426320
v 0.126770 0.186279 0.446351
v 0.159460 0.171049 0.441944
v 0.162765 0.100594 0.461940
v 0.161485 0.136037 0.453229
v 0.130569 0.116929 0.468273
v 0.064718 0.148789 0.472941
v 0.098010 0.133065 0.471898
v 0.096099 0.168183 0.460955
v 0.227131 -0.099114 0.434267
v 0.232107 -0.020650 0.442380
v 0.230441 -0.059878 0.439672
v 0.197068 -0.080503 0.452419
v 0.166171 -0.061400 0.467565
v 0.227131 0.099114 0.434267
v 0.166171 0.061400 0.467565
v 0.197068 0.080503 0.452419
v 0.230441 0.059878 0.439672
v 0.232107 0.020650 0.442380
v 0.066762 0.000000 0.495523
v 0.132759 -0.040751 0.480327
v 0.100184 -0.020625 0.489426
v 0.100184 0.020625 0.489426
v 0.132759 0.040751 0.480327
v 0.200484 0.000000 0.458046
v 0.167070 0.020651 0.470809
v 0.167070 -0.020651 0.470809
v -0.274857 -0.414874 0.048303
v -0.252949 -0.416242 0.112958
v -0.265195 -0.416133 0.080653
v -0.295035 -0.397691 0.069255
v -0.315060 -0.377855 0.089234
v -0.191342 -0.392949 0.242856
v -0.208571 -0.401866 0.212136
v -0.277423 -0.369082 0.191872
v -0.243890 -0.386572 0.202681
v -0.261249 -0.362650 0.224130
v -0.224953 -0.408629 0.180050
v -0.240158 -0.413052 0.147350
v -0.366733 -0.304117 0.151724
v -0.380203 -0.276227 0.170718
v -0.333629 -0.355284 0.111647
v -0.351099 -0.330667 0.131867
v -0.324724 -0.323420 0.199885
v -0.338718 -0.327965 0.166460
v -0.308802 -0.349689 0.179887
v -0.272900 -0.396237 0.136097
v -0.291649 -0.373888 0.158584
v -0.304280 -0.376843 0.124110
v -0.048303 -0.274857 0.414874
v -0.112958 -0.252949 0.416242
v -0.080653 -0.265195 0.416133
v -0.069255 -0.295035 0.397691
v -0.089234 -0.315060 0.377855
v -0.242856 -0.191342 0.392949
v -0.212136 -0.208571 0.401866
v -0.191872 -0.277423 0.369082
v -0.202681 -0.243890 0.386572
v -0.224130 -0.261249 0.362650
v -0.180050 -0.224953 0.408629
v -0.147350 -0.240158 0.413052
v -0.151724 -0.366733 0.304117
v -0.170718 -0.380203 0.276227
v -0.111647 -0.333629 0.355284
v -0.131867 -0.351099 0.330667
v -0.199885 -0.324724 0.323420
v -0.166460 -0.338718 0.327965
v -0.179887 -0.308802 0.349689
v -0.136097 -0.272900 0.396237
v -0.158584 -0.291649 0.373888
v -0.124110 -0.304280 0.376843
v -0.414874 -0.048303 0.274857
v -0.416242 -0.112958 0.252949
v -0.416133 -0.080653 0.265195
v -0.397691 -0.069255 0.295035
v -0.377855 -0.089234 0.315060
v -0.392949 -0.242856 0.191342
v -0.401866 -0.212136 0.208571
v -0.369082 -0.191872 0.277423
v -0.386572 -0.202681 0.243890
v -0.362650 -0.224130 0.261249
v -0.408629 -0.180050 0.224953
v -0.413052 -0.147350 0.240158
v -0.304117 -0.151724 0.366733
v -0.276227 -0.170718 0.380203
v -0.355284 -0.111647 0.333629
v -0.330667 -0.131867 0.351099
v -0.323420 -0.199885 0.324724
v -0.327965 -0.166460 0.338718
v -0.349689 -0.179887 0.308802
v -0.396237 -0.136097 0.272900
v -0.373888 -0.158584 0.291649
v -0.376843 -0.124110 0.304280
v -0.207136 -0.367506 0.268392
v -0.235459 -0.309621 0.314156
v -0.221979 -0.339488 0.292358
v -0.242604 -0.352236 0.258985
v -0.276209 -0.334806 0.248221
v -0.268392 -0.207136 0.367506
v -0.314156 -0.235459 0.309621
v -0.292358 -0.221979 0.339488
v -0.258985 -0.242604 0.352236
v -0.248221 -0.276209 0.334806
v -0.367506 -0.268392 0.207136
v -0.309621 -0.314156 0.235459
v -0.339488 -0.292358 0.221979
v -0.352236 -0.258985 0.242604
v -0.334806 -0.248221 0.276209
v -0.270325 -0.290976 0.303739
v -0.303739 -0.270325 0.290976
v -0.290976 -0.303739 0.270325
v -0.048303 -0.274857 -0.414874
v -0.089234 -0.315060 -0.377855
v -0.069255 -0.295035 -0.397691
v -0.080653 -0.265195 -0.416133
v -0.112958 -0.252949 -0.416242
v -0.170718 -0.380203 -0.276227
v -0.151724 -0.366733 -0.304117
v -0.179887 -0.308802 -0.349689
v -0.166460 -0.338718 -0.327965
v -0.199885 -0.324724 -0.323420
v -0.131867 -0.351099 -0.330667
v -0.111647 -0.333629 -0.355284
v -0.212136 -0.208571 -0.401866
v -0.242856 -0.191342 -0.392949
v -0.147350 -0.240158 -0.413052
v -0.180050 -0.224953 -0.408629
v -0.224130 -0.261249 -0.362650
v -0.202681 -0.243890 -0.386572
v -0.191872 -0.277423 -0.369082
v -0.124110 -0.304280 -0.376843
v -0.158584 -0.291649 -0.373888
v -0.136097 -0.272900 -0.396237
v -0.274857 -0.414874 -0.048303
v -0.315060 -0.377855 -0.089234
v -0.295035 -0.397691 -0.069255
v -0.265195 -0.416133 -0.080653
v -0.252949 -0.416242 -0.112958
v -0.380203 -0.276227 -0.170718
v -0.366733 -0.304117 -0.151724
v -0.308802 -0.349689 -0.179887
v -0.338718 -0.327965 -0.166460
v -0.324724 -0.323420 -0.199885
v -0.351099 -0.330667 -0.131867
v -0.333629 -0.355284 -0.111647
v -0.208571 -0.401866 -0.212136
v -0.191342 -0.392949 -0.242856
v -0.240158 -0.413052 -0.147350
v -0.224953 -0.408629 -0.180050
v -0.261249 -0.362650 -0.224130
v -0.243890 -0.386572 -0.202681
v -0.277423 -0.369082 -0.191872
v -0.304280 -0.376843 -0.124110
v -0.291649 -0.373888 -0.158584
v -0.272900 -0.396237 -0.136097
v -0.414874 -0.048303 -0.274857
v -0.377855 -0.089234 -0.315060
v -0.397691 -0.069255 -0.295035
v -0.416133 -0.080653 -0.265195
v -0.416242 -0.112958 -0.252949
v -0.276227 -0.170718 -0.380203
v -0.304117 -0.151724 -0.366733
v -0.349689 -0.179887 -0.308802
v -0.327965 -0.166460 -0.338718
v -0.323420 -0.199885 -0.324724
v -0.330667 -0.131867 -0.351099
v -0.355284 -0.111647 -0.333629
v -0.401866 -0.212136 -0.208571
v -0.392949 -0.242856 -0.191342
v -0.413052 -0.147350 -0.240158
v -0.408629 -0.180050 -0.224953
v -0.362650 -0.224130 -0.261249
v -0.386572 -0.202681 -0.243890
v -0.369082 -0.191872 -0.277423
v -0.376843 -0.124110 -0.304280
v -0.373888 -0.158584 -0.291649
v -0.396237 -0.136097 -0.272900
v -0.207136 -0.367506 -0.268392
v -0.276209 -0.334806 -0.248221
v -0.242604 -0.352236 -0.258985
v -0.221979 -0.339488 -0.292358
v -0.235459 -0.309621 -0.314156
v -0.367506 -0.268392 -0.207136
v -0.334806 -0.248221 -0.276209
v -0.352236 -0.258985 -0.242604
v -0.339488 -0.292358 -0.221979
v -0.309621 -0.314156 -0.235459
v -0.268392 -0.207136 -0.367506
v -0.248221 -0.276209 -0.334806
v -0.258985 -0.242604 -0.352236
v -0.292358 -0.221979 -0.339488
v -0.314156 -0.235459 -0.309621
v -0.290976 -0.303739 -0.270325
v -0.303739 -0.270325 -0.290976
v -0.270325 -0.290976 -0.303739
v 0.396424 0.000000 -0.304710
v 0.358433 -0.038386 -0.346485
v 0.378282 -0.018442 -0.326440
v 0.378282 0.018442 -0.326440
v 0.358433 0.038386 -0.346485
v 0.255603 -0.116723 -0.413574
v 0.283501 -0.097749 -0.400091
v 0.288386 -0.019393 -0.407992
v 0.286769 -0.058607 -0.405375
v 0.262055 -0.039230 -0.424014
v 0.310078 -0.077962 -0.384414
v 0.334704 -0.057768 -0.366927
v 0.283501 0.097749 -0.400091
v 0.255603 0.116723 -0.413574
v 0.334704 0.057768 -0.366927
v 0.310078 0.077962 -0.384414
v 0.262055 0.039230 -0.424014
v 0.286769 0.058607 -0.405375
v 0.288386 0.019393 -0.407992
v 0.336845 -0.019394 -0.368998
v 0.313314 0.000000 -0.389659
v 0.336845 0.019394 -0.368998
v 0.029853 -0.226553 -0.444727
v 0.031426 -0.163715 -0.471391
v 0.031404 -0.195940 -0.458935
v 0.061244 -0.214382 -0.447537
v 0.093536 -0.202102 -0.447667
v 0.033371 -0.020624 -0.498459
v 0.033358 -0.056847 -0.495637
v 0.099190 -0.097536 -0.480258
v 0.066657 -0.077430 -0.489450
v 0.099290 -0.061365 -0.486185
v 0.033315 -0.093087 -0.490128
v 0.033299 -0.128511 -0.482054
v 0.191520 -0.154597 -0.435224
v 0.222232 -0.137347 -0.426320
v 0.126770 -0.186279 -0.446351
v 0.159460 -0.171049 -0.441944
v 0.162765 -0.100594 -0.461940
v 0.161485 -0.136037 -0.453229
v 0.130569 -0.116929 -0.468273
v 0.064718 -0.148789 -0.472941
v 0.098010 -0.133065 -0.471898
v 0.096099 -0.168183 -0.460955
v 0.029853 0.226553 -0.444727
v 0.093536 0.202102 -0.447667
v 0.061244 0.214382 -0.447537
v 0.031404 0.195940 -0.458935
v 0.031426 0.163715 -0.471391
v 0.222232 0.137347 -0.426320
v 0.191520 0.154597 -0.435224
v 0.130569 0.116929 -0.468273
v 0.161485 0.136037 -0.453229
v 0.162765 0.100594 -0.461940
v 0.159460 0.171049 -0.441944
v 0.126770 0.186279 -0.446351
v 0.033358 0.056847 -0.495637
v 0.033371 0.020624 -0.498459
v 0.033299 0.128511 -0.482054
v 0.033315 0.093087 -0.490128
v 0.099290 0.061365 -0.486185
v 0.066657 0.077430 -0.489450
v 0.099190 0.097536 -0.480258
v 0.096099 0.168183 -0.460955
v 0.098010 0.133065 -0.471898
v 0.064718 0.148789 -0.472941
v 0.227131 -0.099114 -0.434267
v 0.166171 -0.061400 -0.467565
v 0.197068 -0.080503 -0.452419
v 0.230441 -0.059878 -0.439672
v 0.232107 -0.020650 -0.442380
v 0.066762 0.000000 -0.495523
v 0.132759 0.040751 -0.480327
v 0.100184 0.020625 -0.489426
v 0.100184 -0.020625 -0.489426
v 0.132759 -0.040751 -0.480327
v 0.227131 0.099114 -0.434267
v 0.232107 0.020650 -0.442380
v 0.230441 0.059878 -0.439672
v 0.197068 0.080503 -0.452419
v 0.166171 0.061400 -0.467565
v 0.167070 -0.020651 -0.470809
v 0.167070 0.020651 -0.470809
v 0.200484 0.000000 -0.458046
v 0.444727 0.029853 0.226553
v 0.471391 0.031426 0.163715
v 0.458935 0.031404 0.195940
v 0.447537 0.061244 0.214382
v 0.447667 0.093536 0.202102
v 0.498459 0.033371 0.020624
v 0.495637 0.033358 0.056847
v 0.480258 0.099190 0.097536
v 0.489450 0.066657 0.077430
v 0.486185 0.099290 0.061365
v 0.490128 0.033315 0.093087
v 0.482054 0.033299 0.128511
v 0.435224 0.191520 0.154597
v 0.426320 0.222232 0.137347
v 0.446351 0.126770 0.186279
v 0.441944 0.159460 0.171049
v 0.461940 0.162765 0.100594
v 0.453229 0.161485 0.136037
v 0.468273 0.130569 0.116929
v 0.472941 0.064718 0.148789
v 0.471898 0.098010 0.133065
v 0.460955 0.096099 0.168183
v 0.444727 0.029853 -0.226553
v 0.447667 0.093536 -0.202102
v 0.447537 0.061244 -0.214382
v 0.458935 0.031404 -0.195940
v 0.471391 0.031426 -0.163715
v 0.426320 0.222232 -0.137347
v 0.435224 0.191520 -0.154597
v 0.468273 0.130569 -0.116929
v 0.453229 0.161485 -0.136037
v 0.461940 0.162765 -0.100594
v 0.441944 0.159460 -0.171049
v 0.446351 0.126770 -0.186279
v 0.495637 0.033358 -0.056847
v 0.498459 0.033371 -0.020624
v 0.482054 0.033299 -0.128511
v 0.490128 0.033315 -0.093087
v 0.486185 0.099290 -0.061365
v 0.489450 0.066657 -0.077430
v 0.480258 0.099190 -0.097536
v 0.460955 0.096099 -0.168183
v 0.471898 0.098010 -0.133065
v 0.472941 0.064718 -0.148789
v 0.304710 0.396424 0.000000
v 0.346485 0.358433 0.038386
v 0.326440 0.378282 0.018442
v 0.326440 0.378282 -0.018442
v 0.346485 0.358433 -0.038386
v 0.413574 0.255603 0.116723
v 0.400091 0.283501 0.097749
v 0.407992 0.288386 0.019393
v 0.405375 0.286769 0.058607
v 0.424014 0.262055 0.039230
v 0.384414 0.310078 0.077962
v 0.366927 0.334704 0.057768
v 0.400091 0.283501 -0.097749
v 0.413574 0.255603 -0.116723
v 0.366927 0.334704 -0.057768
v 0.384414 0.310078 -0.077962
v 0.424014 0.262055 -0.039230
v 0.405375 0.286769 -0.058607
v 0.407992 0.288386 -0.019393
v 0.368998 0.336845 0.019394
v 0.389659 0.313314 0.000000
v 0.368998 0.336845 -0.019394
v 0.495523 0.066762 0.000000
v 0.480327 0.132759 -0.040751
v 0.489426 0.100184 -0.020625
v 0.489426 0.100184 0.020625
v 0.480327 0.132759 0.040751
v 0.434267 0.227131 -0.099114
v 0.442380 0.232107 -0.020650
v 0.439672 0.230441 -0.059878
v 0.452419 0.197068 -0.080503
v 0.467565 0.166171 -0.061400
v 0.434267 0.227131 0.099114
v 0.467565 0.166171 0.061400
v 0.452419 0.197068 0.080503
v 0.439672 0.230441 0.059878
v 0.442380 0.232107 0.020650
v 0.470809 0.167070 -0.020651
v 0.458046 0.200484 0.000000
v 0.470809 0.167070 0.020651
vn -0.525731 0.850651 0.000000
vn 0.525731 0.850651 0.000000
vn -0.525731 -0.850651 0.000000
vn 0.525731 -0.850651 0.000000
vn 0.000000 -0.525731 0.850651
vn 0.000000 0.525731 0.850651
vn 0.000000 -0.525731 -0.850651
vn 0.000000 0.525731 -0.850651
vn 0.850651 0.000000 -0.525731
vn 0.850651 0.000000 0.525731
vn -0.850651 0.000000 -0.525731
vn -0.850651 0.000000 0.525731
vn -0.809017 0.500000 0.309017
vn -0.500000 0.309017 0.809017
vn -0.309017 0.809017 0.500000
vn 0.309017 0.809017 0.500000
vn 0.000000 1.000000 0.000000
vn 0.309017 0.809017 -0.500000
vn -0.309017 0.809017 -0.500000
vn -0.500000 0.309017 -0.809017
vn -0.809017 0.500000 -0.309017
vn -1.000000 0.000000 0.000000
vn 0.500000 0.309017 0.809017
vn 0.809017 0.500000 0.309017
vn -0.500000 -0.309017 0.809017
vn 0.000000 0.000000 1.000000
vn -0.809017 -0.500000 -0.309017
vn -0.809017 -0.500000 0.309017
vn 0.000000 0.000000 -1.000000
vn -0.500000 -0.309017 -0.809017
vn 0.809017 0.500000 -0.309017
vn 0.500000 0.309017 -0.809017
vn 0.809017 -0.500000 0.309017
vn 0.500000 -0.309017 0.809017
vn 0.309017 -0.809017 0.500000
vn -0.309017 -0.809017 0.500000
vn 0.000000 -1.000000 0.000000
vn -0.309017 -0.809017 -0.500000
vn 0.309017 -0.809017 -0.500000
vn 0.500000 -0.309017 -0.809017
vn 0.809017 -0.500000 -0.309017
vn 1.000000 0.000000 0.000000
vn -0.686829 0.710513 0.153092
vn -0.587785 0.688191 0.425325
vn -0.439121 0.863605 0.247708
vn -0.710513 0.153092 0.686829
vn -0.688191 0.425325 0.587785
vn -0.863605 0.247708 0.439121
vn -0.153092 0.686829 0.710513
vn -0.425325 0.587785 0.688191
vn -0.247708 0.439121 0.863605
vn -0.162460 0.951057 0.262866
vn -0.286029 0.958221 0.000000
vn 0.153092 0.686829 0.710513
vn 0.000000 0.850651 0.525731
vn 0.286029 0.958221 0.000000
vn 0.162460 0.951057 0.262866
vn 0.439121 0.863605 0.247708
vn -0.162460 0.951057 -0.262866
vn -0.439121 0.863605 -0.247708
vn 0.439121 0.863605 -0.247708
vn 0.162460 0.951057 -0.262866
vn -0.153092 0.686829 -0.710513
vn 0.000000 0.850651 -0.525731
vn 0.153092 0.686829 -0.710513
vn -0.587785 0.688191 -0.425325
vn -0.686829 0.710513 -0.153092
vn -0.247708 0.439121 -0.863605
vn -0.425325 0.587785 -0.688191
vn -0.863605 0.247708 -0.439121
vn -0.688191 0.425325 -0.587785
vn -0.710513 0.153092 -0.686829
vn -0.850651 0.525731 0.000000
vn -0.958221 0.000000 -0.286029
vn -0.951057 0.262866 -0.162460
vn -0.951057 0.262866 0.162460
vn -0.958221 0.000000 0.286029
vn 0.587785 0.688191 0.425325
vn 0.686829 0.710513 0.153092
vn 0.247708 0.439121 0.863605
vn 0.425325 0.587785 0.688191
vn 0.863605 0.247708 0.439121
vn 0.688191 0.425325 0.587785
vn 0.710513 0.153092 0.686829
vn -0.262866 0.162460 0.951057
vn 0.000000 0.286029 0.958221
vn -0.710513 -0.153092 0.686829
vn -0.525731 0.000000 0.850651
vn 0.000000 -0.286029 0.958221
vn -0.262866 -0.162460 0.951057
vn -0.247708 -0.439121 0.863605
vn -0.951057 -0.262866 0.162460
vn -0.863605 -0.247708 0.439121
vn -0.863605 -0.247708 -0.439121
vn -0.951057 -0.262866 -0.162460
vn -0.686829 -0.710513 0.153092
vn -0.850651 -0.525731 0.000000
vn -0.686829 -0.710513 -0.153092
vn -0.525731 0.000000 -0.850651
vn -0.710513 -0.153092 -0.686829
vn 0.000000 0.286029 -0.958221
vn -0.262866 0.162460 -0.951057
vn -0.247708 -0.439121 -0.863605
vn -0.262866 -0.162460 -0.951057
vn 0.000000 -0.286029 -0.958221
vn 0.425325 0.587785 -0.688191
vn 0.247708 0.439121 -0.863605
vn 0.686829 0.710513 -0.153092
vn 0.587785 0.688191 -0.425325
vn 0.710513 0.153092 -0.686829
vn 0.688191 0.425325 -0.587785
vn 0.863605 0.247708 -0.439121
vn 0.686829 -0.710513 0.153092
vn 0.587785 -0.688191 0.425325
vn 0.439121 -0.863605 0.247708
vn 0.710513 -0.153092 0.686829
vn 0.688191 -0.425325 0.587785
vn 0.863605 -0.247708 0.439121
vn 0.153092 -0.686829 0.710513
vn 0.425325 -0.587785 0.688191
vn 0.247708 -0.439121 0.863605
vn 0.162460 -0.951057 0.262866
vn 0.286029 -0.958221 0.000000
vn -0.153092 -0.686829 0.710513
vn 0.000000 -0.850651 0.525731
vn -0.286029 -0.958221 0.000000
vn -0.162460 -0.951057 0.262866
vn -0.439121 -0.863605 0.247708
vn 0.162460 -0.951057 -0.262866
vn 0.439121 -0.863605 -0.247708
vn -0.439121 -0.863605 -0.247708
vn -0.162460 -0.951057 -0.262866
vn 0.153092 -0.686829 -0.710513
vn 0.000000 -0.850651 -0.525731
vn -0.153092 -0.686829 -0.710513
vn 0.587785 -0.688191 -0.425325
vn 0.686829 -0.710513 -0.153092
vn 0.247708 -0.439121 -0.863605
vn 0.425325 -0.587785 -0.688191
vn 0.863605 -0.247708 -0.439121
vn 0.688191 -0.425325 -0.587785
vn 0.710513 -0.153092 -0.686829
vn 0.850651 -0.525731 0.000000
vn 0.958221 0.000000 -0.286029
vn 0.951057 -0.262866 -0.162460
vn 0.951057 -0.262866 0.162460
vn 0.958221 0.000000 0.286029
vn 0.262866 -0.162460 0.951057
vn 0.525731 0.000000 0.850651
vn 0.262866 0.162460 0.951057
vn -0.587785 -0.688191 0.425325
vn -0.425325 -0.587785 0.688191
vn -0.688191 -0.425325 0.587785
vn -0.425325 -0.587785 -0.688191
vn -0.587785 -0.688191 -0.425325
vn -0.688191 -0.425325 -0.587785
vn 0.525731 0.000000 -0.850651
vn 0.262866 -0.162460 -0.951057
vn 0.262866 0.162460 -0.951057
vn 0.951057 0.262866 0.162460
vn 0.951057 0.262866 -0.162460
vn 0.850651 0.525731 0.000000
vn -0.607766 0.790698 0.073600
vn -0.569691 0.796447 0.202791
vn -0.488678 0.864298 0.119088
vn -0.707107 0.601501 0.371748
vn -0.644141 0.706851 0.292310
vn -0.755860 0.611679 0.233506
vn -0.378038 0.845185 0.377821
vn -0.518959 0.784217 0.340125
vn -0.453990 0.757935 0.468430
vn -0.790698 0.073600 0.607766
vn -0.796447 0.202791 0.569691
vn -0.864298 0.119088 0.488678
vn -0.601501 0.371748 0.707107
vn -0.706851 0.292310 0.644141
vn -0.611679 0.233506 0.755860
vn -0.845185 0.377821 0.378038
vn -0.784217 0.340125 0.518959
vn -0.757935 0.468430 0.453990
vn -0.073600 0.607766 0.790698
vn -0.202791 0.569691 0.796447
vn -0.119088 0.488678 0.864298
vn -0.371748 0.707107 0.601501
vn -0.292310 0.644141 0.706851
vn -0.233506 0.755860 0.611679
vn -0.377821 0.378038 0.845185
vn -0.340125 0.518959 0.784217
vn -0.468430 0.453990 0.757935
vn -0.646578 0.564254 0.513375
vn -0.564254 0.513375 0.646578
vn -0.513375 0.646578 0.564254
vn -0.366900 0.921779 0.125332
vn -0.415078 0.909786 0.000000
vn -0.238677 0.891007 0.386187
vn -0.304016 0.917059 0.258024
vn -0.144532 0.989500 0.000000
vn -0.226649 0.964875 0.132842
vn -0.082242 0.987688 0.133071
vn 0.073600 0.607766 0.790698
vn 0.000000 0.695022 0.718988
vn 0.156434 0.840178 0.519258
vn 0.077367 0.776983 0.624750
vn 0.233506 0.755860 0.611679
vn -0.077367 0.776983 0.624750
vn -0.156434 0.840178 0.519258
vn 0.415078 0.909786 0.000000
vn 0.366900 0.921779 0.125332
vn 0.488678 0.864298 0.119088
vn 0.082242 0.987688 0.133071
vn 0.226649 0.964875 0.132842
vn 0.144532 0.989500 0.000000
vn 0.378038 0.845185 0.377821
vn 0.304016 0.917059 0.258024
vn 0.238677 0.891007 0.386187
vn -0.082324 0.912982 0.399607
vn 0.082324 0.912982 0.399607
vn 0.000000 0.963861 0.266405
vn -0.366900 0.921779 -0.125332
vn -0.488678 0.864298 -0.119088
vn -0.082242 0.987688 -0.133071
vn -0.226649 0.964875 -0.132842
vn -0.378038 0.845185 -0.377821
vn -0.304016 0.917059 -0.258024
vn -0.238677 0.891007 -0.386187
vn 0.488678 0.864298 -0.119088
vn 0.366900 0.921779 -0.125332
vn 0.238677 0.891007 -0.386187
vn 0.304016 0.917059 -0.258024
vn 0.378038 0.845185 -0.377821
vn 0.226649 0.964875 -0.132842
vn 0.082242 0.987688 -0.133071
vn -0.073600 0.607766 -0.790698
vn 0.000000 0.695022 -0.718988
vn 0.073600 0.607766 -0.790698
vn -0.156434 0.840178 -0.519258
vn -0.077367 0.776983 -0.624750
vn -0.233506 0.755860 -0.611679
vn 0.233506 0.755860 -0.611679
vn 0.077367 0.776983 -0.624750
vn 0.156434 0.840178 -0.519258
vn 0.000000 0.963861 -0.266405
vn 0.082324 0.912982 -0.399607
vn -0.082324 0.912982 -0.399607
vn -0.569691 0.796447 -0.202791
vn -0.607766 0.790698 -0.073600
vn -0.453990 0.757935 -0.468430
vn -0.518959 0.784217 -0.340125
vn -0.755860 0.611679 -0.233506
vn -0.644141 0.706851 -0.292310
vn -0.707107 0.601501 -0.371748
vn -0.119088 0.488678 -0.864298
vn -0.202791 0.569691 -0.796447
vn -0.468430 0.453990 -0.757935
vn -0.340125 0.518959 -0.784217
vn -0.377821 0.378038 -0.845185
vn -0.292310 0.644141 -0.706851
vn -0.371748 0.707107 -0.601501
vn -0.864298 0.119088 -0.488678
vn -0.796447 0.202791 -0.569691
vn -0.790698 0.073600 -0.607766
vn -0.757935 0.468430 -0.453990
vn -0.784217 0.340125 -0.518959
vn -0.845185 0.377821 -0.378038
vn -0.611679 0.233506 -0.755860
vn -0.706851 0.292310 -0.644141
vn -0.601501 0.371748 -0.707107
vn -0.513375 0.646578 -0.564254
vn -0.564254 0.513375 -0.646578
vn -0.646578 0.564254 -0.513375
vn -0.695022 0.718988 0.000000
vn -0.840178 0.519258 -0.156434
vn -0.776983 0.624750 -0.077367
vn -0.776983 0.624750 0.077367
vn -0.840178 0.519258 0.156434
vn -0.909786 0.000000 -0.415078
vn -0.921779 0.125332 -0.366900
vn -0.987688 0.133071 -0.082242
vn -0.964875 0.132842 -0.226649
vn -0.989500 0.000000 -0.144532
vn -0.917059 0.258024 -0.304016
vn -0.891007 0.386187 -0.238677
vn -0.921779 0.125332 0.366900
vn -0.909786 0.000000 0.415078
vn -0.891007 0.386187 0.238677
vn -0.917059 0.258024 0.304016
vn -0.989500 0.000000 0.144532
vn -0.964875 0.132842 0.226649
vn -0.987688 0.133071 0.082242
vn -0.912982 0.399607 -0.082324
vn -0.963861 0.266405 0.000000
vn -0.912982 0.399607 0.082324
vn 0.569691 0.796447 0.202791
vn 0.607766 0.790698 0.073600
vn 0.453990 0.757935 0.468430
vn 0.518959 0.784217 0.340125
vn 0.755860 0.611679 0.233506
vn 0.644141 0.706851 0.292310
vn 0.707107 0.601501 0.371748
vn 0.119088 0.488678 0.864298
vn 0.202791 0.569691 0.796447
vn 0.468430 0.453990 0.757935
vn 0.340125 0.518959 0.784217
vn 0.377821 0.378038 0.845185
vn 0.292310 0.644141 0.706851
vn 0.371748 0.707107 0.601501
vn 0.864298 0.119088 0.488678
vn 0.796447 0.202791 0.569691
vn 0.790698 0.073600 0.607766
vn 0.757935 0.468430 0.453990
vn 0.784217 0.340125 0.518959
vn 0.845185 0.377821 0.378038
vn 0.611679 0.233506 0.755860
vn 0.706851 0.292310 0.644141
vn 0.601501 0.371748 0.707107
vn 0.513375 0.646578 0.564254
vn 0.564254 0.513375 0.646578
vn 0.646578 0.564254 0.513375
vn -0.125332 0.366900 0.921779
vn 0.000000 0.415078 0.909786
vn -0.386187 0.238677 0.891007
vn -0.258024 0.304016 0.917059
vn 0.000000 0.144532 0.989500
vn -0.132842 0.226649 0.964875
vn -0.133071 0.082242 0.987688
vn -0.790698 -0.073600 0.607766
vn -0.718988 0.000000 0.695022
vn -0.519258 -0.156434 0.840178
vn -0.624750 -0.077367 0.776983
vn -0.611679 -0.233506 0.755860
vn -0.624750 0.077367 0.776983
vn -0.519258 0.156434 0.840178
vn 0.000000 -0.415078 0.909786
vn -0.125332 -0.366900 0.921779
vn -0.119088 -0.488678 0.864298
vn -0.133071 -0.082242 0.987688
vn -0.132842 -0.226649 0.964875
vn 0.000000 -0.144532 0.989500
vn -0.377821 -0.378038 0.845185
vn -0.258024 -0.304016 0.917059
vn -0.386187 -0.238677 0.891007
vn -0.399607 0.082324 0.912982
vn -0.399607 -0.082324 0.912982
vn -0.266405 0.000000 0.963861
vn -0.921779 -0.125332 0.366900
vn -0.864298 -0.119088 0.488678
vn -0.987688 -0.133071 0.082242
vn -0.964875 -0.132842 0.226649
vn -0.845185 -0.377821 0.378038
vn -0.917059 -0.258024 0.304016
vn -0.891007 -0.386187 0.238677
vn -0.864298 -0.119088 -0.488678
vn -0.921779 -0.125332 -0.366900
vn -0.891007 -0.386187 -0.238677
vn -0.917059 -0.258024 -0.304016
vn -0.845185 -0.377821 -0.378038
vn -0.964875 -0.132842 -0.226649
vn -0.987688 -0.133071 -0.082242
vn -0.607766 -0.790698 0.073600
vn -0.695022 -0.718988 0.000000
vn -0.607766 -0.790698 -0.073600
vn -0.840178 -0.519258 0.156434
vn -0.776983 -0.624750 0.077367
vn -0.755860 -0.611679 0.233506
vn -0.755860 -0.611679 -0.233506
vn -0.776983 -0.624750 -0.077367
vn -0.840178 -0.519258 -0.156434
vn -0.963861 -0.266405 0.000000
vn -0.912982 -0.399607 -0.082324
vn -0.912982 -0.399607 0.082324
vn -0.718988 0.000000 -0.695022
vn -0.790698 -0.073600 -0.607766
vn -0.519258 0.156434 -0.840178
vn -0.624750 0.077367 -0.776983
vn -0.611679 -0.233506 -0.755860
vn -0.624750 -0.077367 -0.776983
vn -0.519258 -0.156434 -0.840178
vn 0.000000 0.415078 -0.909786
vn -0.125332 0.366900 -0.921779
vn -0.133071 0.082242 -0.987688
vn -0.132842 0.226649 -0.964875
vn 0.000000 0.144532 -0.989500
vn -0.258024 0.304016 -0.917059
vn -0.386187 0.238677 -0.891007
vn -0.119088 -0.488678 -0.864298
vn -0.125332 -0.366900 -0.921779
vn 0.000000 -0.415078 -0.909786
vn -0.386187 -0.238677 -0.891007
vn -0.258024 -0.304016 -0.917059
vn -0.377821 -0.378038 -0.845185
vn 0.000000 -0.144532 -0.989500
vn -0.132842 -0.226649 -0.964875
vn -0.133071 -0.082242 -0.987688
vn -0.399607 0.082324 -0.912982
vn -0.266405 0.000000 -0.963861
vn -0.399607 -0.082324 -0.912982
vn 0.202791 0.569691 -0.796447
vn 0.119088 0.488678 -0.864298
vn 0.371748 0.707107 -0.601501
vn 0.292310 0.644141 -0.706851
vn 0.377821 0.378038 -0.845185
vn 0.340125 0.518959 -0.784217
vn 0.468430 0.453990 -0.757935
vn 0.607766 0.790698 -0.073600
vn 0.569691 0.796447 -0.202791
vn 0.707107 0.601501 -0.371748
vn 0.644141 0.706851 -0.292310
vn 0.755860 0.611679 -0.233506
vn 0.518959 0.784217 -0.340125
vn 0.453990 0.757935 -0.468430
vn 0.790698 0.073600 -0.607766
vn 0.796447 0.202791 -0.569691
vn 0.864298 0.119088 -0.488678
vn 0.601501 0.371748 -0.707107
vn 0.706851 0.292310 -0.644141
vn 0.611679 0.233506 -0.755860
vn 0.845185 0.377821 -0.378038
vn 0.784217 0.340125 -0.518959
vn 0.757935 0.468430 -0.453990
vn 0.513375 0.646578 -0.564254
vn 0.646578 0.564254 -0.513375
vn 0.564254 0.513375 -0.646578
vn 0.607766 -0.790698 0.073600
vn 0.569691 -0.796447 0.202791
vn 0.488678 -0.864298 0.119088
vn 0.707107 -0.601501 0.371748
vn 0.644141 -0.706851 0.292310
vn 0.755860 -0.611679 0.233506
vn 0.378038 -0.845185 0.377821
vn 0.518959 -0.784217 0.340125
vn 0.453990 -0.757935 0.468430
vn 0.790698 -0.073600 0.607766
vn 0.796447 -0.202791 0.569691
vn 0.864298 -0.119088 0.488678
vn 0.601501 -0.371748 0.707107
vn 0.706851 -0.292310 0.644141
vn 0.611679 -0.233506 0.755860
vn 0.845185 -0.377821 0.378038
vn 0.784217 -0.340125 0.518959
vn 0.757935 -0.468430 0.453990
vn 0.073600 -0.607766 0.790698
vn 0.202791 -0.569691 0.796447
vn 0.119088 -0.488678 0.864298
vn 0.371748 -0.707107 0.601501
vn 0.292310 -0.644141 0.706851
vn 0.233506 -0.755860 0.611679
vn 0.377821 -0.378038 0.845185
vn 0.340125 -0.518959 0.784217
vn 0.468430 -0.453990 0.757935
vn 0.646578 -0.564254 0.513375
vn 0.564254 -0.513375 0.646578
vn 0.513375 -0.646578 0.564254
vn 0.366900 -0.921779 0.125332
vn 0.415078 -0.909786 0.000000
vn 0.238677 -0.891007 0.386187
vn 0.304016 -0.917059 0.258024
vn 0.144532 -0.989500 0.000000
vn 0.226649 -0.964875 0.132842
vn 0.082242 -0.987688 0.133071
vn -0.073600 -0.607766 0.790698
vn 0.000000 -0.695022 0.718988
vn -0.156434 -0.840178 0.519258
vn -0.077367 -0.776983 0.624750
vn -0.233506 -0.755860 0.611679
vn 0.077367 -0.776983 0.624750
vn 0.156434 -0.840178 0.519258
vn -0.415078 -0.909786 0.000000
vn -0.366900 -0.921779 0.125332
vn -0.488678 -0.864298 0.119088
vn -0.082242 -0.987688 0.133071
vn -0.226649 -0.964875 0.132842
vn -0.144532 -0.989500 0.000000
vn -0.378038 -0.845185 0.377821
vn -0.304016 -0.917059 0.258024
vn -0.238677 -0.891007 0.386187
vn 0.082324 -0.912982 0.399607
vn -0.082324 -0.912982 0.399607
vn 0.000000 -0.963861 0.266405
vn 0.366900 -0.921779 -0.125332
vn 0.488678 -0.864298 -0.119088
vn 0.082242 -0.987688 -0.133071
vn 0.226649 -0.964875 -0.132842
vn 0.378038 -0.845185 -0.377821
vn 0.304016 -0.917059 -0.258024
vn 0.238677 -0.891007 -0.386187
vn -0.488678 -0.864298 -0.119088
vn -0.366900 -0.921779 -0.125332
vn -0.238677 -0.891007 -0.386187
vn -0.304016 -0.917059 -0.258024
vn -0.378038 -0.845185 -0.377821
vn -0.226649 -0.964875 -0.132842
vn -0.082242 -0.987688 -0.133071
vn 0.073600 -0.607766 -0.790698
vn 0.000000 -0.695022 -0.718988
vn -0.073600 -0.607766 -0.790698
vn 0.156434 -0.840178 -0.519258
vn 0.077367 -0.776983 -0.624750
vn 0.233506 -0.755860 -0.611679
vn -0.233506 -0.755860 -0.611679
vn -0.077367 -0.776983 -0.624750
vn -0.156434 -0.840178 -0.519258
vn 0.000000 -0.963861 -0.266405
vn -0.082324 -0.912982 -0.399607
vn 0.082324 -0.912982 -0.399607
vn 0.569691 -0.796447 -0.202791
vn 0.607766 -0.790698 -0.073600
vn 0.453990 -0.757935 -0.468430
vn 0.518959 -0.784217 -0.340125
vn 0.755860 -0.611679 -0.233506
vn 0.644141 -0.706851 -0.292310
vn 0.707107 -0.601501 -0.371748
vn 0.119088 -0.488678 -0.864298
vn 0.202791 -0.569691 -0.796447
vn 0.468430 -0.453990 -0.757935
vn 0.340125 -0.518959 -0.784217
vn 0.377821 -0.378038 -0.845185
vn 0.292310 -0.644141 -0.706851
vn 0.371748 -0.707107 -0.601501
vn 0.864298 -0.119088 -0.488678
vn 0.796447 -0.202791 -0.569691
vn 0.790698 -0.073600 -0.607766
vn 0.757935 -0.468430 -0.453990
vn 0.784217 -0.340125 -0.518959
vn 0.845185 -0.377821 -0.378038
vn 0.611679 -0.233506 -0.755860
vn 0.706851 -0.292310 -0.644141
vn 0.601501 -0.371748 -0.707107
vn 0.513375 -0.646578 -0.564254
vn 0.564254 -0.513375 -0.646578
vn 0.646578 -0.564254 -0.513375
vn 0.695022 -0.718988 0.000000
vn 0.840178 -0.519258 -0.156434
vn 0.776983 -0.624750 -0.077367
vn 0.776983 -0.624750 0.077367
vn 0.840178 -0.519258 0.156434
vn 0.909786 0.000000 -0.415078
vn 0.921779 -0.125332 -0.366900
vn 0.987688 -0.133071 -0.082242
vn 0.964875 -0.132842 -0.226649
vn 0.989500 0.000000 -0.144532
vn 0.917059 -0.258024 -0.304016
vn 0.891007 -0.386187 -0.238677
vn 0.921779 -0.125332 0.366900
vn 0.909786 0.000000 0.415078
vn 0.891007 -0.386187 0.238677
vn 0.917059 -0.258024 0.304016
vn 0.989500 0.000000 0.144532
vn 0.964875 -0.132842 0.226649
vn 0.987688 -0.133071 0.082242
vn 0.912982 -0.399607 -0.082324
vn 0.963861 -0.266405 0.000000
vn 0.912982 -0.399607 0.082324
vn 0.125332 -0.366900 0.921779
vn 0.386187 -0.238677 0.891007
vn 0.258024 -0.304016 0.917059
vn 0.132842 -0.226649 0.964875
vn 0.133071 -0.082242 0.987688
vn 0.718988 0.000000 0.695022
vn 0.519258 0.156434 0.840178
vn 0.624750 0.077367 0.776983
vn 0.624750 -0.077367 0.776983
vn 0.519258 -0.156434 0.840178
vn 0.125332 0.366900 0.921779
vn 0.133071 0.082242 0.987688
vn 0.132842 0.226649 0.964875
vn 0.258024 0.304016 0.917059
vn 0.386187 0.238677 0.891007
vn 0.399607 -0.082324 0.912982
vn 0.399607 0.082324 0.912982
vn 0.266405 0.000000 0.963861
vn -0.569691 -0.796447 0.202791
vn -0.453990 -0.757935 0.468430
vn -0.518959 -0.784217 0.340125
vn -0.644141 -0.706851 0.292310
vn -0.707107 -0.601501 0.371748
vn -0.202791 -0.569691 0.796447
vn -0.468430 -0.453990 0.757935
vn -0.340125 -0.518959 0.784217
vn -0.292310 -0.644141 0.706851
vn -0.371748 -0.707107 0.601501
vn -0.796447 -0.202791 0.569691
vn -0.757935 -0.468430 0.453990
vn -0.784217 -0.340125 0.518959
vn -0.706851 -0.292310 0.644141
vn -0.601501 -0.371748 0.707107
vn -0.513375 -0.646578 0.564254
vn -0.564254 -0.513375 0.646578
vn -0.646578 -0.564254 0.513375
vn -0.202791 -0.569691 -0.796447
vn -0.371748 -0.707107 -0.601501
vn -0.292310 -0.644141 -0.706851
vn -0.340125 -0.518959 -0.784217
vn -0.468430 -0.453990 -0.757935
vn -0.569691 -0.796447 -0.202791
vn -0.707107 -0.601501 -0.371748
vn -0.644141 -0.706851 -0.292310
vn -0.518959 -0.784217 -0.340125
vn -0.453990 -0.757935 -0.468430
vn -0.796447 -0.202791 -0.569691
vn -0.601501 -0.371748 -0.707107
vn -0.706851 -0.292310 -0.644141
vn -0.784217 -0.340125 -0.518959
vn -0.757935 -0.468430 -0.453990
vn -0.513375 -0.646578 -0.564254
vn -0.646578 -0.564254 -0.513375
vn -0.564254 -0.513375 -0.646578
vn 0.718988 0.000000 -0.695022
vn 0.519258 -0.156434 -0.840178
vn 0.624750 -0.077367 -0.776983
vn 0.624750 0.077367 -0.776983
vn 0.519258 0.156434 -0.840178
vn 0.125332 -0.366900 -0.921779
vn 0.133071 -0.082242 -0.987688
vn 0.132842 -0.226649 -0.964875
vn 0.258024 -0.304016 -0.917059
vn 0.386187 -0.238677 -0.891007
vn 0.125332 0.366900 -0.921779
vn 0.386187 0.238677 -0.891007
vn 0.258024 0.304016 -0.917059
vn 0.132842 0.226649 -0.964875
vn 0.133071 0.082242 -0.987688
vn 0.399607 -0.082324 -0.912982
vn 0.266405 0.000000 -0.963861
vn 0.399607 0.082324 -0.912982
vn 0.921779 0.125332 0.366900
vn 0.987688 0.133071 0.082242
vn 0.964875 0.132842 0.226649
vn 0.917059 0.258024 0.304016
vn 0.891007 0.386187 0.238677
vn 0.921779 0.125332 -0.366900
vn 0.891007 0.386187 -0.238677
vn 0.917059 0.258024 -0.304016
vn 0.964875 0.132842 -0.226649
vn 0.987688 0.133071 -0.082242
vn 0.695022 0.718988 0.000000
vn 0.840178 0.519258 0.156434
vn 0.776983 0.624750 0.077367
vn 0.776983 0.624750 -0.077367
vn 0.840178 0.519258 -0.156434
vn 0.963861 0.266405 0.000000
vn 0.912982 0.399607 -0.082324
vn 0.912982 0.399607 0.082324
vn -0.565941 0.823696 0.035147
vn -0.549713 0.829749 0.096606
vn -0.509072 0.858843 0.056869
vn -0.630120 0.755710 0.178468
vn -0.590070 0.795381 0.138511
vn -0.648841 0.752394 0.113616
vn -0.465005 0.866011 0.183835
vn -0.530391 0.832266 0.161306
vn -0.505899 0.832483 0.225916
vn -0.760406 0.552454 0.341435
vn -0.733465 0.608234 0.303447
vn -0.784500 0.557304 0.271977
vn -0.617603 0.699378 0.359773
vn -0.677436 0.655931 0.332920
vn -0.649448 0.646840 0.399769
vn -0.723245 0.662838 0.193809
vn -0.702198 0.661334 0.263733
vn -0.667257 0.710569 0.223294
vn -0.344433 0.829281 0.440067
vn -0.417142 0.803732 0.424272
vn -0.382683 0.785899 0.485712
vn -0.480315 0.826105 0.294699
vn -0.449906 0.817259 0.360100
vn -0.409656 0.856647 0.313589
vn -0.522499 0.725299 0.448259
vn -0.487779 0.773145 0.405362
vn -0.554845 0.738165 0.383744
vn -0.608560 0.753685 0.248221
vn -0.583298 0.747775 0.317168
vn -0.545799 0.792473 0.272193
vn -0.823696 0.035147 0.565941
vn -0.829749 0.096606 0.549713
vn -0.858843 0.056869 0.509072
vn -0.755710 0.178468 0.630120
vn -0.795381 0.138511 0.590070
vn -0.752394 0.113616 0.648841
vn -0.866011 0.183835 0.465005
vn -0.832266 0.161306 0.530391
vn -0.832483 0.225916 0.505899
vn -0.552454 0.341435 0.760406
vn -0.608234 0.303447 0.733465
vn -0.557304 0.271977 0.784500
vn -0.699378 0.359773 0.617603
vn -0.655931 0.332920 0.677436
vn -0.646840 0.399769 0.649448
vn -0.662838 0.193809 0.723245
vn -0.661334 0.263733 0.702198
vn -0.710569 0.223294 0.667257
vn -0.829281 0.440067 0.344433
vn -0.803732 0.424272 0.417142
vn -0.785899 0.485712 0.382683
vn -0.826105 0.294699 0.480315
vn -0.817259 0.360100 0.449906
vn -0.856647 0.313589 0.409656
vn -0.725299 0.448259 0.522499
vn -0.773145 0.405362 0.487779
vn -0.738165 0.383744 0.554845
vn -0.753685 0.248221 0.608560
vn -0.747775 0.317168 0.583298
vn -0.792473 0.272193 0.545799
vn -0.035147 0.565941 0.823696
vn -0.096606 0.549713 0.829749
vn -0.056869 0.509072 0.858843
vn -0.178468 0.630120 0.755710
vn -0.138511 0.590070 0.795381
vn -0.113616 0.648841 0.752394
vn -0.183835 0.465005 0.866011
vn -0.161306 0.530391 0.832266
vn -0.225916 0.505899 0.832483
vn -0.341435 0.760406 0.552454
vn -0.303447 0.733465 0.608234
vn -0.271977 0.784500 0.557304
vn -0.359773 0.617603 0.699378
vn -0.332920 0.677436 0.655931
vn -0.399769 0.649448 0.646840
vn -0.193809 0.723245 0.662838
vn -0.263733 0.702198 0.661334
vn -0.223294 0.667257 0.710569
vn -0.440067 0.344433 0.829281
vn -0.424272 0.417142 0.803732
vn -0.485712 0.382683 0.785899
vn -0.294699 0.480315 0.826105
vn -0.360100 0.449906 0.817259
vn -0.313589 0.409656 0.856647
vn -0.448259 0.522499 0.725299
vn -0.405362 0.487779 0.773145
vn -0.383744 0.554845 0.738165
vn -0.248221 0.608560 0.753685
vn -0.317168 0.583298 0.747775
vn -0.272193 0.545799 0.792473
vn -0.735011 0.536784 0.414273
vn -0.669612 0.496441 0.552418
vn -0.704471 0.517970 0.485208
vn -0.678977 0.584716 0.443957
vn -0.619242 0.628313 0.470917
vn -0.536784 0.414273 0.735011
vn -0.496441 0.552418 0.669612
vn -0.517970 0.485208 0.704471
vn -0.584716 0.443957 0.678977
vn -0.628313 0.470917 0.619242
vn -0.414273 0.735011 0.536784
vn -0.552418 0.669612 0.496441
vn -0.485208 0.704471 0.517970
vn -0.443957 0.678977 0.584716
vn -0.470917 0.619242 0.628313
vn -0.607478 0.540650 0.581952
vn -0.540650 0.581952 0.607478
vn -0.581952 0.607478 0.540650
vn -0.453107 0.889455 0.059706
vn -0.473925 0.880565 0.000000
vn -0.404203 0.895334 0.187072
vn -0.428764 0.895074 0.122488
vn -0.351389 0.936230 0.000000
vn -0.391880 0.917870 0.062809
vn -0.327431 0.942782 0.062851
vn -0.274694 0.852640 0.444464
vn -0.309193 0.870448 0.383039
vn -0.233859 0.936545 0.261138
vn -0.272074 0.906458 0.322970
vn -0.201189 0.923880 0.325530
vn -0.342098 0.883888 0.318921
vn -0.372558 0.892703 0.253540
vn -0.072456 0.997372 0.000000
vn -0.113695 0.991273 0.066716
vn -0.041248 0.996917 0.066741
vn -0.257021 0.964108 0.066598
vn -0.186173 0.980255 0.066630
vn -0.215848 0.976427 0.000000
vn -0.122729 0.972370 0.198580
vn -0.154860 0.978900 0.133313
vn -0.195072 0.960516 0.198381
vn -0.336367 0.921910 0.192197
vn -0.266130 0.943796 0.196021
vn -0.297578 0.945882 0.129436
vn 0.035147 0.565941 0.823696
vn 0.000000 0.609419 0.792848
vn 0.076773 0.692971 0.716866
vn 0.036884 0.652879 0.756564
vn 0.113616 0.648841 0.752394
vn -0.036884 0.652879 0.756564
vn -0.076773 0.692971 0.716866
vn 0.233445 0.827147 0.511205
vn 0.195499 0.800181 0.567001
vn 0.271977 0.784500 0.557304
vn 0.038786 0.815984 0.576772
vn 0.117214 0.810749 0.573538
vn 0.078459 0.848029 0.524110
vn 0.193809 0.723245 0.662838
vn 0.155925 0.768827 0.620155
vn 0.115536 0.733855 0.669409
vn -0.195499 0.800181 0.567001
vn -0.233445 0.827147 0.511205
vn -0.115536 0.733855 0.669409
vn -0.155925 0.768827 0.620155
vn -0.078459 0.848029 0.524110
vn -0.117214 0.810749 0.573538
vn -0.038786 0.815984 0.576772
vn 0.038788 0.737996 0.673689
vn 0.000000 0.779319 0.626628
vn -0.038788 0.737996 0.673689
vn 0.473925 0.880565 0.000000
vn 0.453107 0.889455 0.059706
vn 0.509072 0.858843 0.056869
vn 0.327431 0.942782 0.062851
vn 0.391880 0.917870 0.062809
vn 0.351389 0.936230 0.000000
vn 0.465005 0.866011 0.183835
vn 0.428764 0.895074 0.122488
vn 0.404203 0.895334 0.187072
vn 0.041248 0.996917 0.066741
vn 0.113695 0.991273 0.066716
vn 0.072456 0.997372 0.000000
vn 0.195072 0.960516 0.198381
vn 0.154860 0.978900 0.133313
vn 0.122729 0.972370 0.198580
vn 0.215848 0.976427 0.000000
vn 0.186173 0.980255 0.066630
vn 0.257021 0.964108 0.066598
vn 0.344433 0.829281 0.440067
vn 0.309193 0.870448 0.383039
vn 0.274694 0.852640 0.444464
vn 0.372558 0.892703 0.253540
vn 0.342098 0.883888 0.318921
vn 0.409656 0.856647 0.313589
vn 0.201189 0.923880 0.325530
vn 0.272074 0.906458 0.322970
vn 0.233859 0.936545 0.261138
vn 0.297578 0.945882 0.129436
vn 0.266130 0.943796 0.196021
vn 0.336367 0.921910 0.192197
vn -0.198227 0.868534 0.454262
vn -0.041299 0.884760 0.464213
vn -0.119755 0.879345 0.460882
vn -0.161006 0.904839 0.394136
vn -0.122800 0.935130 0.332342
vn 0.198227 0.868534 0.454262
vn 0.122800 0.935130 0.332342
vn 0.161006 0.904839 0.394136
vn 0.119755 0.879345 0.460882
vn 0.041299 0.884760 0.464213
vn 0.000000 0.991046 0.133523
vn -0.081501 0.960655 0.265518
vn -0.041251 0.978852 0.200368
vn 0.041251 0.978852 0.200368
vn 0.081501 0.960655 0.265518
vn 0.000000 0.916092 0.400968
vn 0.041302 0.941618 0.334140
vn -0.041302 0.941618 0.334140
vn -0.453107 0.889455 -0.059706
vn -0.509072 0.858843 -0.056869
vn -0.327431 0.942782 -0.062851
vn -0.391880 0.917870 -0.062809
vn -0.465005 0.866011 -0.183835
vn -0.428764 0.895074 -0.122488
vn -0.404203 0.895334 -0.187072
vn -0.041248 0.996917 -0.066741
vn -0.113695 0.991273 -0.066716
vn -0.195072 0.960516 -0.198381
vn -0.154860 0.978900 -0.133313
vn -0.122729 0.972370 -0.198580
vn -0.186173 0.980255 -0.066630
vn -0.257021 0.964108 -0.066598
vn -0.344433 0.829281 -0.440067
vn -0.309193 0.870448 -0.383039
vn -0.274694 0.852640 -0.444464
vn -0.372558 0.892703 -0.253540
vn -0.342098 0.883888 -0.318921
vn -0.409656 0.856647 -0.313589
vn -0.201189 0.923880 -0.325530
vn -0.272074 0.906458 -0.322970
vn -0.233859 0.936545 -0.261138
vn -0.297578 0.945882 -0.129436
vn -0.266130 0.943796 -0.196021
vn -0.336367 0.921910 -0.192197
vn 0.509072 0.858843 -0.056869
vn 0.453107 0.889455 -0.059706
vn 0.404203 0.895334 -0.187072
vn 0.428764 0.895074 -0.122488
vn 0.465005 0.866011 -0.183835
vn 0.391880 0.917870 -0.062809
vn 0.327431 0.942782 -0.062851
vn 0.274694 0.852640 -0.444464
vn 0.309193 0.870448 -0.383039
vn 0.344433 0.829281 -0.440067
vn 0.233859 0.936545 -0.261138
vn 0.272074 0.906458 -0.322970
vn 0.201189 0.923880 -0.325530
vn 0.409656 0.856647 -0.313589
vn 0.342098 0.883888 -0.318921
vn 0.372558 0.892703 -0.253540
vn 0.113695 0.991273 -0.066716
vn 0.041248 0.996917 -0.066741
vn 0.257021 0.964108 -0.066598
vn 0.186173 0.980255 -0.066630
vn 0.122729 0.972370 -0.198580
vn 0.154860 0.978900 -0.133313
vn 0.195072 0.960516 -0.198381
vn 0.336367 0.921910 -0.192197
vn 0.266130 0.943796 -0.196021
vn 0.297578 0.945882 -0.129436
vn -0.035147 0.565941 -0.823696
vn 0.000000 0.609419 -0.792848
vn 0.035147 0.565941 -0.823696
vn -0.076773 0.692971 -0.716866
vn -0.036884 0.652879 -0.756564
vn -0.113616 0.648841 -0.752394
vn 0.113616 0.648841 -0.752394
vn 0.036884 0.652879 -0.756564
vn 0.076773 0.692971 -0.716866
vn -0.233445 0.827147 -0.511205
vn -0.195499 0.800181 -0.567001
vn -0.271977 0.784500 -0.557304
vn -0.038786 0.815984 -0.576772
vn -0.117214 0.810749 -0.573538
vn -0.078459 0.848029 -0.524110
vn -0.193809 0.723245 -0.662838
vn -0.155925 0.768827 -0.620155
vn -0.115536 0.733855 -0.669409
vn 0.271977 0.784500 -0.557304
vn 0.195499 0.800181 -0.567001
vn 0.233445 0.827147 -0.511205
vn 0.115536 0.733855 -0.669409
vn 0.155925 0.768827 -0.620155
vn 0.193809 0.723245 -0.662838
vn 0.078459 0.848029 -0.524110
vn 0.117214 0.810749 -0.573538
vn 0.038786 0.815984 -0.576772
vn -0.038788 0.737996 -0.673689
vn 0.000000 0.779319 -0.626628
vn 0.038788 0.737996 -0.673689
vn 0.000000 0.991046 -0.133523
vn 0.081501 0.960655 -0.265518
vn 0.041251 0.978852 -0.200368
vn -0.041251 0.978852 -0.200368
vn -0.081501 0.960655 -0.265518
vn 0.198227 0.868534 -0.454262
vn 0.041299 0.884760 -0.464213
vn 0.119755 0.879345 -0.460882
vn 0.161006 0.904839 -0.394136
vn 0.122800 0.935130 -0.332342
vn -0.198227 0.868534 -0.454262
vn -0.122800 0.935130 -0.332342
vn -0.161006 0.904839 -0.394136
vn -0.119755 0.879345 -0.460882
vn -0.041299 0.884760 -0.464213
vn 0.041302 0.941618 -0.334140
vn 0.000000 0.916092 -0.400968
vn -0.041302 0.941618 -0.334140
vn -0.549713 0.829749 -0.096606
vn -0.565941 0.823696 -0.035147
vn -0.505899 0.832483 -0.225916
vn -0.530391 0.832266 -0.161306
vn -0.648841 0.752394 -0.113616
vn -0.590070 0.795381 -0.138511
vn -0.630120 0.755710 -0.178468
vn -0.382683 0.785899 -0.485712
vn -0.417142 0.803732 -0.424272
vn -0.554845 0.738165 -0.383744
vn -0.487779 0.773145 -0.405362
vn -0.522499 0.725299 -0.448259
vn -0.449906 0.817259 -0.360100
vn -0.480315 0.826105 -0.294699
vn -0.784500 0.557304 -0.271977
vn -0.733465 0.608234 -0.303447
vn -0.760406 0.552454 -0.341435
vn -0.667257 0.710569 -0.223294
vn -0.702198 0.661334 -0.263733
vn -0.723245 0.662838 -0.193809
vn -0.649448 0.646840 -0.399769
vn -0.677436 0.655931 -0.332920
vn -0.617603 0.699378 -0.359773
vn -0.545799 0.792473 -0.272193
vn -0.583298 0.747775 -0.317168
vn -0.608560 0.753685 -0.248221
vn -0.056869 0.509072 -0.858843
vn -0.096606 0.549713 -0.829749
vn -0.225916 0.505899 -0.832483
vn -0.161306 0.530391 -0.832266
vn -0.183835 0.465005 -0.866011
vn -0.138511 0.590070 -0.795381
vn -0.178468 0.630120 -0.755710
vn -0.485712 0.382683 -0.785899
vn -0.424272 0.417142 -0.803732
vn -0.440067 0.344433 -0.829281
vn -0.383744 0.554845 -0.738165
vn -0.405362 0.487779 -0.773145
vn -0.448259 0.522499 -0.725299
vn -0.313589 0.409656 -0.856647
vn -0.360100 0.449906 -0.817259
vn -0.294699 0.480315 -0.826105
vn -0.303447 0.733465 -0.608234
vn -0.341435 0.760406 -0.552454
vn -0.223294 0.667257 -0.710569
vn -0.263733 0.702198 -0.661334
vn -0.399769 0.649448 -0.646840
vn -0.332920 0.677436 -0.655931
vn -0.359773 0.617603 -0.699378
vn -0.272193 0.545799 -0.792473
vn -0.317168 0.583298 -0.747775
vn -0.248221 0.608560 -0.753685
vn -0.858843 0.056869 -0.509072
vn -0.829749 0.096606 -0.549713
vn -0.823696 0.035147 -0.565941
vn -0.832483 0.225916 -0.505899
vn -0.832266 0.161306 -0.530391
vn -0.866011 0.183835 -0.465005
vn -0.752394 0.113616 -0.648841
vn -0.795381 0.138511 -0.590070
vn -0.755710 0.178468 -0.630120
vn -0.785899 0.485712 -0.382683
vn -0.803732 0.424272 -0.417142
vn -0.829281 0.440067 -0.344433
vn -0.738165 0.383744 -0.554845
vn -0.773145 0.405362 -0.487779
vn -0.725299 0.448259 -0.522499
vn -0.856647 0.313589 -0.409656
vn -0.817259 0.360100 -0.449906
vn -0.826105 0.294699 -0.480315
vn -0.557304 0.271977 -0.784500
vn -0.608234 0.303447 -0.733465
vn -0.552454 0.341435 -0.760406
vn -0.710569 0.223294 -0.667257
vn -0.661334 0.263733 -0.702198
vn -0.662838 0.193809 -0.723245
vn -0.646840 0.399769 -0.649448
vn -0.655931 0.332920 -0.677436
vn -0.699378 0.359773 -0.617603
vn -0.792473 0.272193 -0.545799
vn -0.747775 0.317168 -0.583298
vn -0.753685 0.248221 -0.608560
vn -0.414273 0.735011 -0.536784
vn -0.470917 0.619242 -0.628313
vn -0.443957 0.678977 -0.584716
vn -0.485208 0.704471 -0.517970
vn -0.552418 0.669612 -0.496441
vn -0.536784 0.414273 -0.735011
vn -0.628313 0.470917 -0.619242
vn -0.584716 0.443957 -0.678977
vn -0.517970 0.485208 -0.704471
vn -0.496441 0.552418 -0.669612
vn -0.735011 0.536784 -0.414273
vn -0.619242 0.628313 -0.470917
vn -0.678977 0.584716 -0.443957
vn -0.704471 0.517970 -0.485208
vn -0.669612 0.496441 -0.552418
vn -0.540650 0.581952 -0.607478
vn -0.607478 0.540650 -0.581952
vn -0.581952 0.607478 -0.540650
vn -0.609419 0.792848 0.000000
vn -0.692971 0.716866 -0.076773
vn -0.652879 0.756564 -0.036884
vn -0.652879 0.756564 0.036884
vn -0.692971 0.716866 0.076773
vn -0.827147 0.511205 -0.233445
vn -0.800181 0.567001 -0.195499
vn -0.815984 0.576772 -0.038786
vn -0.810749 0.573538 -0.117214
vn -0.848029 0.524110 -0.078459
vn -0.768827 0.620155 -0.155925
vn -0.733855 0.669409 -0.115536
vn -0.800181 0.567001 0.195499
vn -0.827147 0.511205 0.233445
vn -0.733855 0.669409 0.115536
vn -0.768827 0.620155 0.155925
vn -0.848029 0.524110 0.078459
vn -0.810749 0.573538 0.117214
vn -0.815984 0.576772 0.038786
vn -0.737996 0.673689 -0.038788
vn -0.779319 0.626628 0.000000
vn -0.737996 0.673689 0.038788
vn -0.880565 0.000000 -0.473925
vn -0.889455 0.059706 -0.453107
vn -0.942782 0.062851 -0.327431
vn -0.917870 0.062809 -0.391880
vn -0.936230 0.000000 -0.351389
vn -0.895074 0.122488 -0.428764
vn -0.895334 0.187072 -0.404203
vn -0.996917 0.066741 -0.041248
vn -0.991273 0.066716 -0.113695
vn -0.997372 0.000000 -0.072456
vn -0.960516 0.198381 -0.195072
vn -0.978900 0.133313 -0.154860
vn -0.972370 0.198580 -0.122729
vn -0.976427 0.000000 -0.215848
vn -0.980255 0.066630 -0.186173
vn -0.964108 0.066598 -0.257021
vn -0.870448 0.383039 -0.309193
vn -0.852640 0.444464 -0.274694
vn -0.892703 0.253540 -0.372558
vn -0.883888 0.318921 -0.342098
vn -0.923880 0.325530 -0.201189
vn -0.906458 0.322970 -0.272074
vn -0.936545 0.261138 -0.233859
vn -0.945882 0.129436 -0.297578
vn -0.943796 0.196021 -0.266130
vn -0.921910 0.192197 -0.336367
vn -0.889455 0.059706 0.453107
vn -0.880565 0.000000 0.473925
vn -0.895334 0.187072 0.404203
vn -0.895074 0.122488 0.428764
vn -0.936230 0.000000 0.351389
vn -0.917870 0.062809 0.391880
vn -0.942782 0.062851 0.327431
vn -0.852640 0.444464 0.274694
vn -0.870448 0.383039 0.309193
vn -0.936545 0.261138 0.233859
vn -0.906458 0.322970 0.272074
vn -0.923880 0.325530 0.201189
vn -0.883888 0.318921 0.342098
vn -0.892703 0.253540 0.372558
vn -0.997372 0.000000 0.072456
vn -0.991273 0.066716 0.113695
vn -0.996917 0.066741 0.041248
vn -0.964108 0.066598 0.257021
vn -0.980255 0.066630 0.186173
vn -0.976427 0.000000 0.215848
vn -0.972370 0.198580 0.122729
vn -0.978900 0.133313 0.154860
vn -0.960516 0.198381 0.195072
vn -0.921910 0.192197 0.336367
vn -0.943796 0.196021 0.266130
vn -0.945882 0.129436 0.297578
vn -0.868534 0.454262 -0.198227
vn -0.935130 0.332342 -0.122800
vn -0.904839 0.394136 -0.161006
vn -0.879345 0.460882 -0.119755
vn -0.884760 0.464213 -0.041299
vn -0.991046 0.133523 0.000000
vn -0.960655 0.265518 0.081501
vn -0.978852 0.200368 0.041251
vn -0.978852 0.200368 -0.041251
vn -0.960655 0.265518 -0.081501
vn -0.868534 0.454262 0.198227
vn -0.884760 0.464213 0.041299
vn -0.879345 0.460882 0.119755
vn -0.904839 0.394136 0.161006
vn -0.935130 0.332342 0.122800
vn -0.941618 0.334140 -0.041302
vn -0.941618 0.334140 0.041302
vn -0.916092 0.400968 0.000000
vn 0.549713 0.829749 0.096606
vn 0.565941 0.823696 0.035147
vn 0.505899 0.832483 0.225916
vn 0.530391 0.832266 0.161306
vn 0.648841 0.752394 0.113616
vn 0.590070 0.795381 0.138511
vn 0.630120 0.755710 0.178468
vn 0.382683 0.785899 0.485712
vn 0.417142 0.803732 0.424272
vn 0.554845 0.738165 0.383744
vn 0.487779 0.773145 0.405362
vn 0.522499 0.725299 0.448259
vn 0.449906 0.817259 0.360100
vn 0.480315 0.826105 0.294699
vn 0.784500 0.557304 0.271977
vn 0.733465 0.608234 0.303447
vn 0.760406 0.552454 0.341435
vn 0.667257 0.710569 0.223294
vn 0.702198 0.661334 0.263733
vn 0.723245 0.662838 0.193809
vn 0.649448 0.646840 0.399769
vn 0.677436 0.655931 0.332920
vn 0.617603 0.699378 0.359773
vn 0.545799 0.792473 0.272193
vn 0.583298 0.747775 0.317168
vn 0.608560 0.753685 0.248221
vn 0.056869 0.509072 0.858843
vn 0.096606 0.549713 0.829749
vn 0.225916 0.505899 0.832483
vn 0.161306 0.530391 0.832266
vn 0.183835 0.465005 0.866011
vn 0.138511 0.590070 0.795381
vn 0.178468 0.630120 0.755710
vn 0.485712 0.382683 0.785899
vn 0.424272 0.417142 0.803732
vn 0.440067 0.344433 0.829281
vn 0.383744 0.554845 0.738165
vn 0.405362 0.487779 0.773145
vn 0.448259 0.522499 0.725299
vn 0.313589 0.409656 0.856647
vn 0.360100 0.449906 0.817259
vn 0.294699 0.480315 0.826105
vn 0.303447 0.733465 0.608234
vn 0.341435 0.760406 0.552454
vn 0.223294 0.667257 0.710569
vn 0.263733 0.702198 0.661334
vn 0.399769 0.649448 0.646840
vn 0.332920 0.677436 0.655931
vn 0.359773 0.617603 0.699378
vn 0.272193 0.545799 0.792473
vn 0.317168 0.583298 0.747775
vn 0.248221 0.608560 0.753685
vn 0.858843 0.056869 0.509072
vn 0.829749 0.096606 0.549713
vn 0.823696 0.035147 0.565941
vn 0.832483 0.225916 0.505899
vn 0.832266 0.161306 0.530391
vn 0.866011 0.183835 0.465005
vn 0.752394 0.113616 0.648841
vn 0.795381 0.138511 0.590070
vn 0.755710 0.178468 0.630120
vn 0.785899 0.485712 0.382683
vn 0.803732 0.424272 0.417142
vn 0.829281 0.440067 0.344433
vn 0.738165 0.383744 0.554845
vn 0.773145 0.405362 0.487779
vn 0.725299 0.448259 0.522499
vn 0.856647 0.313589 0.409656
vn 0.817259 0.360100 0.449906
vn 0.826105 0.294699 0.480315
vn 0.557304 0.271977 0.784500
vn 0.608234 0.303447 0.733465
vn 0.552454 0.341435 0.760406
vn 0.710569 0.223294 0.667257
vn 0.661334 0.263733 0.702198
vn 0.662838 0.193809 0.723245
vn 0.646840 0.399769 0.649448
vn 0.655931 0.332920 0.677436
vn 0.699378 0.359773 0.617603
vn 0.792473 0.272193 0.545799
vn 0.747775 0.317168 0.583298
vn 0.753685 0.248221 0.608560
vn 0.414273 0.735011 0.536784
vn 0.470917 0.619242 0.628313
vn 0.443957 0.678977 0.584716
vn 0.485208 0.704471 0.517970
vn 0.552418 0.669612 0.496441
vn 0.536784 0.414273 0.735011
vn 0.628313 0.470917 0.619242
vn 0.584716 0.443957 0.678977
vn 0.517970 0.485208 0.704471
vn 0.496441 0.552418 0.669612
vn 0.735011 0.536784 0.414273
vn 0.619242 0.628313 0.470917
vn 0.678977 0.584716 0.443957
vn 0.704471 0.517970 0.485208
vn 0.669612 0.496441 0.552418
vn 0.540650 0.581952 0.607478
vn 0.607478 0.540650 0.581952
vn 0.581952 0.607478 0.540650
vn -0.059706 0.453107 0.889455
vn 0.000000 0.473925 0.880565
vn -0.187072 0.404203 0.895334
vn -0.122488 0.428764 0.895074
vn 0.000000 0.351389 0.936230
vn -0.062809 0.391880 0.917870
vn -0.062851 0.327431 0.942782
vn -0.444464 0.274694 0.852640
vn -0.383039 0.309193 0.870448
vn -0.261138 0.233859 0.936545
vn -0.322970 0.272074 0.906458
vn -0.325530 0.201189 0.923880
vn -0.318921 0.342098 0.883888
vn -0.253540 0.372558 0.892703
vn 0.000000 0.072456 0.997372
vn -0.066716 0.113695 0.991273
vn -0.066741 0.041248 0.996917
vn -0.066598 0.257021 0.964108
vn -0.066630 0.186173 0.980255
vn 0.000000 0.215848 0.976427
vn -0.198580 0.122729 0.972370
vn -0.133313 0.154860 0.978900
vn -0.198381 0.195072 0.960516
vn -0.192197 0.336367 0.921910
vn -0.196021 0.266130 0.943796
vn -0.129436 0.297578 0.945882
vn -0.823696 -0.035147 0.565941
vn -0.792848 0.000000 0.609419
vn -0.716866 -0.076773 0.692971
vn -0.756564 -0.036884 0.652879
vn -0.752394 -0.113616 0.648841
vn -0.756564 0.036884 0.652879
vn -0.716866 0.076773 0.692971
vn -0.511205 -0.233445 0.827147
vn -0.567001 -0.195499 0.800181
vn -0.557304 -0.271977 0.784500
vn -0.576772 -0.038786 0.815984
vn -0.573538 -0.117214 0.810749
vn -0.524110 -0.078459 0.848029
vn -0.662838 -0.193809 0.723245
vn -0.620155 -0.155925 0.768827
vn -0.669409 -0.115536 0.733855
vn -0.567001 0.195499 0.800181
vn -0.511205 0.233445 0.827147
vn -0.669409 0.115536 0.733855
vn -0.620155 0.155925 0.768827
vn -0.524110 0.078459 0.848029
vn -0.573538 0.117214 0.810749
vn -0.576772 0.038786 0.815984
vn -0.673689 -0.038788 0.737996
vn -0.626628 0.000000 0.779319
vn -0.673689 0.038788 0.737996
vn 0.000000 -0.473925 0.880565
vn -0.059706 -0.453107 0.889455
vn -0.056869 -0.509072 0.858843
vn -0.062851 -0.327431 0.942782
vn -0.062809 -0.391880 0.917870
vn 0.000000 -0.351389 0.936230
vn -0.183835 -0.465005 0.866011
vn -0.122488 -0.428764 0.895074
vn -0.187072 -0.404203 0.895334
vn -0.066741 -0.041248 0.996917
vn -0.066716 -0.113695 0.991273
vn 0.000000 -0.072456 0.997372
vn -0.198381 -0.195072 0.960516
vn -0.133313 -0.154860 0.978900
vn -0.198580 -0.122729 0.972370
vn 0.000000 -0.215848 0.976427
vn -0.066630 -0.186173 0.980255
vn -0.066598 -0.257021 0.964108
vn -0.440067 -0.344433 0.829281
vn -0.383039 -0.309193 0.870448
vn -0.444464 -0.274694 0.852640
vn -0.253540 -0.372558 0.892703
vn -0.318921 -0.342098 0.883888
vn -0.313589 -0.409656 0.856647
vn -0.325530 -0.201189 0.923880
vn -0.322970 -0.272074 0.906458
vn -0.261138 -0.233859 0.936545
vn -0.129436 -0.297578 0.945882
vn -0.196021 -0.266130 0.943796
vn -0.192197 -0.336367 0.921910
vn -0.454262 0.198227 0.868534
vn -0.464213 0.041299 0.884760
vn -0.460882 0.119755 0.879345
vn -0.394136 0.161006 0.904839
vn -0.332342 0.122800 0.935130
vn -0.454262 -0.198227 0.868534
vn -0.332342 -0.122800 0.935130
vn -0.394136 -0.161006 0.904839
vn -0.460882 -0.119755 0.879345
vn -0.464213 -0.041299 0.884760
vn -0.133523 0.000000 0.991046
vn -0.265518 0.081501 0.960655
vn -0.200368 0.041251 0.978852
vn -0.200368 -0.041251 0.978852
vn -0.265518 -0.081501 0.960655
vn -0.400968 0.000000 0.916092
vn -0.334140 -0.041302 0.941618
vn -0.334140 0.041302 0.941618
vn -0.889455 -0.059706 0.453107
vn -0.858843 -0.056869 0.509072
vn -0.942782 -0.062851 0.327431
vn -0.917870 -0.062809 0.391880
vn -0.866011 -0.183835 0.465005
vn -0.895074 -0.122488 0.428764
vn -0.895334 -0.187072 0.404203
vn -0.996917 -0.066741 0.041248
vn -0.991273 -0.066716 0.113695
vn -0.960516 -0.198381 0.195072
vn -0.978900 -0.133313 0.154860
vn -0.972370 -0.198580 0.122729
vn -0.980255 -0.066630 0.186173
vn -0.964108 -0.066598 0.257021
vn -0.829281 -0.440067 0.344433
vn -0.870448 -0.383039 0.309193
vn -0.852640 -0.444464 0.274694
vn -0.892703 -0.253540 0.372558
vn -0.883888 -0.318921 0.342098
vn -0.856647 -0.313589 0.409656
vn -0.923880 -0.325530 0.201189
vn -0.906458 -0.322970 0.272074
vn -0.936545 -0.261138 0.233859
vn -0.945882 -0.129436 0.297578
vn -0.943796 -0.196021 0.266130
vn -0.921910 -0.192197 0.336367
vn -0.858843 -0.056869 -0.509072
vn -0.889455 -0.059706 -0.453107
vn -0.895334 -0.187072 -0.404203
vn -0.895074 -0.122488 -0.428764
vn -0.866011 -0.183835 -0.465005
vn -0.917870 -0.062809 -0.391880
vn -0.942782 -0.062851 -0.327431
vn -0.852640 -0.444464 -0.274694
vn -0.870448 -0.383039 -0.309193
vn -0.829281 -0.440067 -0.344433
vn -0.936545 -0.261138 -0.233859
vn -0.906458 -0.322970 -0.272074
vn -0.923880 -0.325530 -0.201189
vn -0.856647 -0.313589 -0.409656
vn -0.883888 -0.318921 -0.342098
vn -0.892703 -0.253540 -0.372558
vn -0.991273 -0.066716 -0.113695
vn -0.996917 -0.066741 -0.041248
vn -0.964108 -0.066598 -0.257021
vn -0.980255 -0.066630 -0.186173
vn -0.972370 -0.198580 -0.122729
vn -0.978900 -0.133313 -0.154860
vn -0.960516 -0.198381 -0.195072
vn -0.921910 -0.192197 -0.336367
vn -0.943796 -0.196021 -0.266130
vn -0.945882 -0.129436 -0.297578
vn -0.565941 -0.823696 0.035147
vn -0.609419 -0.792848 0.000000
vn -0.565941 -0.823696 -0.035147
vn -0.692971 -0.716866 0.076773
vn -0.652879 -0.756564 0.036884
vn -0.648841 -0.752394 0.113616
vn -0.648841 -0.752394 -0.113616
vn -0.652879 -0.756564 -0.036884
vn -0.692971 -0.716866 -0.076773
vn -0.827147 -0.511205 0.233445
vn -0.800181 -0.567001 0.195499
vn -0.784500 -0.557304 0.271977
vn -0.815984 -0.576772 0.038786
vn -0.810749 -0.573538 0.117214
vn -0.848029 -0.524110 0.078459
vn -0.723245 -0.662838 0.193809
vn -0.768827 -0.620155 0.155925
vn -0.733855 -0.669409 0.115536
vn -0.784500 -0.557304 -0.271977
vn -0.800181 -0.567001 -0.195499
vn -0.827147 -0.511205 -0.233445
vn -0.733855 -0.669409 -0.115536
vn -0.768827 -0.620155 -0.155925
vn -0.723245 -0.662838 -0.193809
vn -0.848029 -0.524110 -0.078459
vn -0.810749 -0.573538 -0.117214
vn -0.815984 -0.576772 -0.038786
vn -0.737996 -0.673689 0.038788
vn -0.779319 -0.626628 0.000000
vn -0.737996 -0.673689 -0.038788
vn -0.991046 -0.133523 0.000000
vn -0.960655 -0.265518 -0.081501
vn -0.978852 -0.200368 -0.041251
vn -0.978852 -0.200368 0.041251
vn -0.960655 -0.265518 0.081501
vn -0.868534 -0.454262 -0.198227
vn -0.884760 -0.464213 -0.041299
vn -0.879345 -0.460882 -0.119755
vn -0.904839 -0.394136 -0.161006
vn -0.935130 -0.332342 -0.122800
vn -0.868534 -0.454262 0.198227
vn -0.935130 -0.332342 0.122800
vn -0.904839 -0.394136 0.161006
vn -0.879345 -0.460882 0.119755
vn -0.884760 -0.464213 0.041299
vn -0.941618 -0.334140 -0.041302
vn -0.916092 -0.400968 0.000000
vn -0.941618 -0.334140 0.041302
vn -0.792848 0.000000 -0.609419
vn -0.823696 -0.035147 -0.565941
vn -0.716866 0.076773 -0.692971
vn -0.756564 0.036884 -0.652879
vn -0.752394 -0.113616 -0.648841
vn -0.756564 -0.036884 -0.652879
vn -0.716866 -0.076773 -0.692971
vn -0.511205 0.233445 -0.827147
vn -0.567001 0.195499 -0.800181
vn -0.576772 0.038786 -0.815984
vn -0.573538 0.117214 -0.810749
vn -0.524110 0.078459 -0.848029
vn -0.620155 0.155925 -0.768827
vn -0.669409 0.115536 -0.733855
vn -0.557304 -0.271977 -0.784500
vn -0.567001 -0.195499 -0.800181
vn -0.511205 -0.233445 -0.827147
vn -0.669409 -0.115536 -0.733855
vn -0.620155 -0.155925 -0.768827
vn -0.662838 -0.193809 -0.723245
vn -0.524110 -0.078459 -0.848029
vn -0.573538 -0.117214 -0.810749
vn -0.576772 -0.038786 -0.815984
vn -0.673689 0.038788 -0.737996
vn -0.626628 0.000000 -0.779319
vn -0.673689 -0.038788 -0.737996
vn 0.000000 0.473925 -0.880565
vn -0.059706 0.453107 -0.889455
vn -0.062851 0.327431 -0.942782
vn -0.062809 0.391880 -0.917870
vn 0.000000 0.351389 -0.936230
vn -0.122488 0.428764 -0.895074
vn -0.187072 0.404203 -0.895334
vn -0.066741 0.041248 -0.996917
vn -0.066716 0.113695 -0.991273
vn 0.000000 0.072456 -0.997372
vn -0.198381 0.195072 -0.960516
vn -0.133313 0.154860 -0.978900
vn -0.198580 0.122729 -0.972370
vn 0.000000 0.215848 -0.976427
vn -0.066630 0.186173 -0.980255
vn -0.066598 0.257021 -0.964108
vn -0.383039 0.309193 -0.870448
vn -0.444464 0.274694 -0.852640
vn -0.253540 0.372558 -0.892703
vn -0.318921 0.342098 -0.883888
vn -0.325530 0.201189 -0.923880
vn -0.322970 0.272074 -0.906458
vn -0.261138 0.233859 -0.936545
vn -0.129436 0.297578 -0.945882
vn -0.196021 0.266130 -0.943796
vn -0.192197 0.336367 -0.921910
vn -0.056869 -0.509072 -0.858843
vn -0.059706 -0.453107 -0.889455
vn 0.000000 -0.473925 -0.880565
vn -0.187072 -0.404203 -0.895334
vn -0.122488 -0.428764 -0.895074
vn -0.183835 -0.465005 -0.866011
vn 0.000000 -0.351389 -0.936230
vn -0.062809 -0.391880 -0.917870
vn -0.062851 -0.327431 -0.942782
vn -0.444464 -0.274694 -0.852640
vn -0.383039 -0.309193 -0.870448
vn -0.440067 -0.344433 -0.829281
vn -0.261138 -0.233859 -0.936545
vn -0.322970 -0.272074 -0.906458
vn -0.325530 -0.201189 -0.923880
vn -0.313589 -0.409656 -0.856647
vn -0.318921 -0.342098 -0.883888
vn -0.253540 -0.372558 -0.892703
vn 0.000000 -0.072456 -0.997372
vn -0.066716 -0.113695 -0.991273
vn -0.066741 -0.041248 -0.996917
vn -0.066598 -0.257021 -0.964108
vn -0.066630 -0.186173 -0.980255
vn 0.000000 -0.215848 -0.976427
vn -0.198580 -0.122729 -0.972370
vn -0.133313 -0.154860 -0.978900
vn -0.198381 -0.195072 -0.960516
vn -0.192197 -0.336367 -0.921910
vn -0.196021 -0.266130 -0.943796
vn -0.129436 -0.297578 -0.945882
vn -0.454262 0.198227 -0.868534
vn -0.332342 0.122800 -0.935130
vn -0.394136 0.161006 -0.904839
vn -0.460882 0.119755 -0.879345
vn -0.464213 0.041299 -0.884760
vn -0.133523 0.000000 -0.991046
vn -0.265518 -0.081501 -0.960655
vn -0.200368 -0.041251 -0.978852
vn -0.200368 0.041251 -0.978852
vn -0.265518 0.081501 -0.960655
vn -0.454262 -0.198227 -0.868534
vn -0.464213 -0.041299 -0.884760
vn -0.460882 -0.119755 -0.879345
vn -0.394136 -0.161006 -0.904839
vn -0.332342 -0.122800 -0.935130
vn -0.334140 0.041302 -0.941618
vn -0.334140 -0.041302 -0.941618
vn -0.400968 0.000000 -0.916092
vn 0.096606 0.549713 -0.829749
vn 0.056869 0.509072 -0.858843
vn 0.178468 0.630120 -0.755710
vn 0.138511 0.590070 -0.795381
vn 0.183835 0.465005 -0.866011
vn 0.161306 0.530391 -0.832266
vn 0.225916 0.505899 -0.832483
vn 0.341435 0.760406 -0.552454
vn 0.303447 0.733465 -0.608234
vn 0.359773 0.617603 -0.699378
vn 0.332920 0.677436 -0.655931
vn 0.399769 0.649448 -0.646840
vn 0.263733 0.702198 -0.661334
vn 0.223294 0.667257 -0.710569
vn 0.440067 0.344433 -0.829281
vn 0.424272 0.417142 -0.803732
vn 0.485712 0.382683 -0.785899
vn 0.294699 0.480315 -0.826105
vn 0.360100 0.449906 -0.817259
vn 0.313589 0.409656 -0.856647
vn 0.448259 0.522499 -0.725299
vn 0.405362 0.487779 -0.773145
vn 0.383744 0.554845 -0.738165
vn 0.248221 0.608560 -0.753685
vn 0.317168 0.583298 -0.747775
vn 0.272193 0.545799 -0.792473
vn 0.565941 0.823696 -0.035147
vn 0.549713 0.829749 -0.096606
vn 0.630120 0.755710 -0.178468
vn 0.590070 0.795381 -0.138511
vn 0.648841 0.752394 -0.113616
vn 0.530391 0.832266 -0.161306
vn 0.505899 0.832483 -0.225916
vn 0.760406 0.552454 -0.341435
vn 0.733465 0.608234 -0.303447
vn 0.784500 0.557304 -0.271977
vn 0.617603 0.699378 -0.359773
vn 0.677436 0.655931 -0.332920
vn 0.649448 0.646840 -0.399769
vn 0.723245 0.662838 -0.193809
vn 0.702198 0.661334 -0.263733
vn 0.667257 0.710569 -0.223294
vn 0.417142 0.803732 -0.424272
vn 0.382683 0.785899 -0.485712
vn 0.480315 0.826105 -0.294699
vn 0.449906 0.817259 -0.360100
vn 0.522499 0.725299 -0.448259
vn 0.487779 0.773145 -0.405362
vn 0.554845 0.738165 -0.383744
vn 0.608560 0.753685 -0.248221
vn 0.583298 0.747775 -0.317168
vn 0.545799 0.792473 -0.272193
vn 0.823696 0.035147 -0.565941
vn 0.829749 0.096606 -0.549713
vn 0.858843 0.056869 -0.509072
vn 0.755710 0.178468 -0.630120
vn 0.795381 0.138511 -0.590070
vn 0.752394 0.113616 -0.648841
vn 0.866011 0.183835 -0.465005
vn 0.832266 0.161306 -0.530391
vn 0.832483 0.225916 -0.505899
vn 0.552454 0.341435 -0.760406
vn 0.608234 0.303447 -0.733465
vn 0.557304 0.271977 -0.784500
vn 0.699378 0.359773 -0.617603
vn 0.655931 0.332920 -0.677436
vn 0.646840 0.399769 -0.649448
vn 0.662838 0.193809 -0.723245
vn 0.661334 0.263733 -0.702198
vn 0.710569 0.223294 -0.667257
vn 0.829281 0.440067 -0.344433
vn 0.803732 0.424272 -0.417142
vn 0.785899 0.485712 -0.382683
vn 0.826105 0.294699 -0.480315
vn 0.817259 0.360100 -0.449906
vn 0.856647 0.313589 -0.409656
vn 0.725299 0.448259 -0.522499
vn 0.773145 0.405362 -0.487779
vn 0.738165 0.383744 -0.554845
vn 0.753685 0.248221 -0.608560
vn 0.747775 0.317168 -0.583298
vn 0.792473 0.272193 -0.545799
vn 0.414273 0.735011 -0.536784
vn 0.552418 0.669612 -0.496441
vn 0.485208 0.704471 -0.517970
vn 0.443957 0.678977 -0.584716
vn 0.470917 0.619242 -0.628313
vn 0.735011 0.536784 -0.414273
vn 0.669612 0.496441 -0.552418
vn 0.704471 0.517970 -0.485208
vn 0.678977 0.584716 -0.443957
vn 0.619242 0.628313 -0.470917
vn 0.536784 0.414273 -0.735011
vn 0.496441 0.552418 -0.669612
vn 0.517970 0.485208 -0.704471
vn 0.584716 0.443957 -0.678977
vn 0.628313 0.470917 -0.619242
vn 0.581952 0.607478 -0.540650
vn 0.607478 0.540650 -0.581952
vn 0.540650 0.581952 -0.607478
vn 0.565941 -0.823696 0.035147
vn 0.549713 -0.829749 0.096606
vn 0.509072 -0.858843 0.056869
vn 0.630120 -0.755710 0.178468
vn 0.590070 -0.795381 0.138511
vn 0.648841 -0.752394 0.113616
vn 0.465005 -0.866011 0.183835
vn 0.530391 -0.832266 0.161306
vn 0.505899 -0.832483 0.225916
vn 0.760406 -0.552454 0.341435
vn 0.733465 -0.608234 0.303447
vn 0.784500 -0.557304 0.271977
vn 0.617603 -0.699378 0.359773
vn 0.677436 -0.655931 0.332920
vn 0.649448 -0.646840 0.399769
vn 0.723245 -0.662838 0.193809
vn 0.702198 -0.661334 0.263733
vn 0.667257 -0.710569 0.223294
vn 0.344433 -0.829281 0.440067
vn 0.417142 -0.803732 0.424272
vn 0.382683 -0.785899 0.485712
vn 0.480315 -0.826105 0.294699
vn 0.449906 -0.817259 0.360100
vn 0.409656 -0.856647 0.313589
vn 0.522499 -0.725299 0.448259
vn 0.487779 -0.773145 0.405362
vn 0.554845 -0.738165 0.383744
vn 0.608560 -0.753685 0.248221
vn 0.583298 -0.747775 0.317168
vn 0.545799 -0.792473 0.272193
vn 0.823696 -0.035147 0.565941
vn 0.829749 -0.096606 0.549713
vn 0.858843 -0.056869 0.509072
vn 0.755710 -0.178468 0.630120
vn 0.795381 -0.138511 0.590070
vn 0.752394 -0.113616 0.648841
vn 0.866011 -0.183835 0.465005
vn 0.832266 -0.161306 0.530391
vn 0.832483 -0.225916 0.505899
vn 0.552454 -0.341435 0.760406
vn 0.608234 -0.303447 0.733465
vn 0.557304 -0.271977 0.784500
vn 0.699378 -0.359773 0.617603
vn 0.655931 -0.332920 0.677436
vn 0.646840 -0.399769 0.649448
vn 0.662838 -0.193809 0.723245
vn 0.661334 -0.263733 0.702198
vn 0.710569 -0.223294 0.667257
vn 0.829281 -0.440067 0.344433
vn 0.803732 -0.424272 0.417142
vn 0.785899 -0.485712 0.382683
vn 0.826105 -0.294699 0.480315
vn 0.817259 -0.360100 0.449906
vn 0.856647 -0.313589 0.409656
vn 0.725299 -0.448259 0.522499
vn 0.773145 -0.405362 0.487779
vn 0.738165 -0.383744 0.554845
vn 0.753685 -0.248221 0.608560
vn 0.747775 -0.317168 0.583298
vn 0.792473 -0.272193 0.545799
vn 0.035147 -0.565941 0.823696
vn 0.096606 -0.549713 0.829749
vn 0.056869 -0.509072 0.858843
vn 0.178468 -0.630120 0.755710
vn 0.138511 -0.590070 0.795381
vn 0.113616 -0.648841 0.752394
vn 0.183835 -0.465005 0.866011
vn 0.161306 -0.530391 0.832266
vn 0.225916 -0.505899 0.832483
vn 0.341435 -0.760406 0.552454
vn 0.303447 -0.733465 0.608234
vn 0.271977 -0.784500 0.557304
vn 0.359773 -0.617603 0.699378
vn 0.332920 -0.677436 0.655931
vn 0.399769 -0.649448 0.646840
vn 0.193809 -0.723245 0.662838
vn 0.263733 -0.702198 0.661334
vn 0.223294 -0.667257 0.710569
vn 0.440067 -0.344433 0.829281
vn 0.424272 -0.417142 0.803732
vn 0.485712 -0.382683 0.785899
vn 0.294699 -0.480315 0.826105
vn 0.360100 -0.449906 0.817259
vn 0.313589 -0.409656 0.856647
vn 0.448259 -0.522499 0.725299
vn 0.405362 -0.487779 0.773145
vn 0.383744 -0.554845 0.738165
vn 0.248221 -0.608560 0.753685
vn 0.317168 -0.583298 0.747775
vn 0.272193 -0.545799 0.792473
vn 0.735011 -0.536784 0.414273
vn 0.669612 -0.496441 0.552418
vn 0.704471 -0.517970 0.485208
vn 0.678977 -0.584716 0.443957
vn 0.619242 -0.628313 0.470917
vn 0.536784 -0.414273 0.735011
vn 0.496441 -0.552418 0.669612
vn 0.517970 -0.485208 0.704471
vn 0.584716 -0.443957 0.678977
vn 0.628313 -0.470917 0.619242
vn 0.414273 -0.735011 0.536784
vn 0.552418 -0.669612 0.496441
vn 0.485208 -0.704471 0.517970
vn 0.443957 -0.678977 0.584716
vn 0.470917 -0.619242 0.628313
vn 0.607478 -0.540650 0.581952
vn 0.540650 -0.581952 0.607478
vn 0.581952 -0.607478 0.540650
vn 0.453107 -0.889455 0.059706
vn 0.473925 -0.880565 0.000000
vn 0.404203 -0.895334 0.187072
vn 0.428764 -0.895074 0.122488
vn 0.351389 -0.936230 0.000000
vn 0.391880 -0.917870 0.062809
vn 0.327431 -0.942782 0.062851
vn 0.274694 -0.852640 0.444464
vn 0.309193 -0.870448 0.383039
vn 0.233859 -0.936545 0.261138
vn 0.272074 -0.906458 0.322970
vn 0.201189 -0.923880 0.325530
vn 0.342098 -0.883888 0.318921
vn 0.372558 -0.892703 0.253540
vn 0.072456 -0.997372 0.000000
vn 0.113695 -0.991273 0.066716
vn 0.041248 -0.996917 0.066741
vn 0.257021 -0.964108 0.066598
vn 0.186173 -0.980255 0.066630
vn 0.215848 -0.976427 0.000000
vn 0.122729 -0.972370 0.198580
vn 0.154860 -0.978900 0.133313
vn 0.195072 -0.960516 0.198381
vn 0.336367 -0.921910 0.192197
vn 0.266130 -0.943796 0.196021
vn 0.297578 -0.945882 0.129436
vn -0.035147 -0.565941 0.823696
vn 0.000000 -0.609419 0.792848
vn -0.076773 -0.692971 0.716866
vn -0.036884 -0.652879 0.756564
vn -0.113616 -0.648841 0.752394
vn 0.036884 -0.652879 0.756564
vn 0.076773 -0.692971 0.716866
vn -0.233445 -0.827147 0.511205
vn -0.195499 -0.800181 0.567001
vn -0.271977 -0.784500 0.557304
vn -0.038786 -0.815984 0.576772
vn -0.117214 -0.810749 0.573538
vn -0.078459 -0.848029 0.524110
vn -0.193809 -0.723245 0.662838
vn -0.155925 -0.768827 0.620155
vn -0.115536 -0.733855 0.669409
vn 0.195499 -0.800181 0.567001
vn 0.233445 -0.827147 0.511205
vn 0.115536 -0.733855 0.669409
vn 0.155925 -0.768827 0.620155
vn 0.078459 -0.848029 0.524110
vn 0.117214 -0.810749 0.573538
vn 0.038786 -0.815984 0.576772
vn -0.038788 -0.737996 0.673689
vn 0.000000 -0.779319 0.626628
vn 0.038788 -0.737996 0.673689
vn -0.473925 -0.880565 0.000000
vn -0.453107 -0.889455 0.059706
vn -0.509072 -0.858843 0.056869
vn -0.327431 -0.942782 0.062851
vn -0.391880 -0.917870 0.062809
vn -0.351389 -0.936230 0.000000
vn -0.465005 -0.866011 0.183835
vn -0.428764 -0.895074 0.122488
vn -0.404203 -0.895334 0.187072
vn -0.041248 -0.996917 0.066741
vn -0.113695 -0.991273 0.066716
vn -0.072456 -0.997372 0.000000
vn -0.195072 -0.960516 0.198381
vn -0.154860 -0.978900 0.133313
vn -0.122729 -0.972370 0.198580
vn -0.215848 -0.976427 0.000000
vn -0.186173 -0.980255 0.066630
vn -0.257021 -0.964108 0.066598
vn -0.344433 -0.829281 0.440067
vn -0.309193 -0.870448 0.383039
vn -0.274694 -0.852640 0.444464
vn -0.372558 -0.892703 0.253540
vn -0.342098 -0.883888 0.318921
vn -0.409656 -0.856647 0.313589
vn -0.201189 -0.923880 0.325530
vn -0.272074 -0.906458 0.322970
vn -0.233859 -0.936545 0.261138
vn -0.297578 -0.945882 0.129436
vn -0.266130 -0.943796 0.196021
vn -0.336367 -0.921910 0.192197
vn 0.198227 -0.868534 0.454262
vn 0.041299 -0.884760 0.464213
vn 0.119755 -0.879345 0.460882
vn 0.161006 -0.904839 0.394136
vn 0.122800 -0.935130 0.332342
vn -0.198227 -0.868534 0.454262
vn -0.122800 -0.935130 0.332342
vn -0.161006 -0.904839 0.394136
vn -0.119755 -0.879345 0.460882
vn -0.041299 -0.884760 0.464213
vn 0.000000 -0.991046 0.133523
vn 0.081501 -0.960655 0.265518
vn 0.041251 -0.978852 0.200368
vn -0.041251 -0.978852 0.200368
vn -0.081501 -0.960655 0.265518
vn 0.000000 -0.916092 0.400968
vn -0.041302 -0.941618 0.334140
vn 0.041302 -0.941618 0.334140
vn 0.453107 -0.889455 -0.059706
vn 0.509072 -0.858843 -0.056869
vn 0.327431 -0.942782 -0.062851
vn 0.391880 -0.917870 -0.062809
vn 0.465005 -0.866011 -0.183835
vn 0.428764 -0.895074 -0.122488
vn 0.404203 -0.895334 -0.187072
vn 0.041248 -0.996917 -0.066741
vn 0.113695 -0.991273 -0.066716
vn 0.195072 -0.960516 -0.198381
vn 0.154860 -0.978900 -0.133313
vn 0.122729 -0.972370 -0.198580
vn 0.186173 -0.980255 -0.066630
vn 0.257021 -0.964108 -0.066598
vn 0.344433 -0.829281 -0.440067
vn 0.309193 -0.870448 -0.383039
vn 0.274694 -0.852640 -0.444464
vn 0.372558 -0.892703 -0.253540
vn 0.342098 -0.883888 -0.318921
vn 0.409656 -0.856647 -0.313589
vn 0.201189 -0.923880 -0.325530
vn 0.272074 -0.906458 -0.322970
vn 0.233859 -0.936545 -0.261138
vn 0.297578 -0.945882 -0.129436
vn 0.266130 -0.943796 -0.196021
vn 0.336367 -0.921910 -0.192197
vn -0.509072 -0.858843 -0.056869
vn -0.453107 -0.889455 -0.059706
vn -0.404203 -0.895334 -0.187072
vn -0.428764 -0.895074 -0.122488
vn -0.465005 -0.866011 -0.183835
vn -0.391880 -0.917870 -0.062809
vn -0.327431 -0.942782 -0.062851
vn -0.274694 -0.852640 -0.444464
vn -0.309193 -0.870448 -0.383039
vn -0.344433 -0.829281 -0.440067
vn -0.233859 -0.936545 -0.261138
vn -0.272074 -0.906458 -0.322970
vn -0.201189 -0.923880 -0.325530
vn -0.409656 -0.856647 -0.313589
vn -0.342098 -0.883888 -0.318921
vn -0.372558 -0.892703 -0.253540
vn -0.113695 -0.991273 -0.066716
vn -0.041248 -0.996917 -0.066741
vn -0.257021 -0.964108 -0.066598
vn -0.186173 -0.980255 -0.066630
vn -0.122729 -0.972370 -0.198580
vn -0.154860 -0.978900 -0.133313
vn -0.195072 -0.960516 -0.198381
vn -0.336367 -0.921910 -0.192197
vn -0.266130 -0.943796 -0.196021
vn -0.297578 -0.945882 -0.129436
vn 0.035147 -0.565941 -0.823696
vn 0.000000 -0.609419 -0.792848
vn -0.035147 -0.565941 -0.823696
vn 0.076773 -0.692971 -0.716866
vn 0.036884 -0.652879 -0.756564
vn 0.113616 -0.648841 -0.752394
vn -0.113616 -0.648841 -0.752394
vn -0.036884 -0.652879 -0.756564
vn -0.076773 -0.692971 -0.716866
vn 0.233445 -0.827147 -0.511205
vn 0.195499 -0.800181 -0.567001
vn 0.271977 -0.784500 -0.557304
vn 0.038786 -0.815984 -0.576772
vn 0.117214 -0.810749 -0.573538
vn 0.078459 -0.848029 -0.524110
vn 0.193809 -0.723245 -0.662838
vn 0.155925 -0.768827 -0.620155
vn 0.115536 -0.733855 -0.669409
vn -0.271977 -0.784500 -0.557304
vn -0.195499 -0.800181 -0.567001
vn -0.233445 -0.827147 -0.511205
vn -0.115536 -0.733855 -0.669409
vn -0.155925 -0.768827 -0.620155
vn -0.193809 -0.723245 -0.662838
vn -0.078459 -0.848029 -0.524110
vn -0.117214 -0.810749 -0.573538
vn -0.038786 -0.815984 -0.576772
vn 0.038788 -0.737996 -0.673689
vn 0.000000 -0.779319 -0.626628
vn -0.038788 -0.737996 -0.673689
vn 0.000000 -0.991046 -0.133523
vn -0.081501 -0.960655 -0.265518
vn -0.041251 -0.978852 -0.200368
vn 0.041251 -0.978852 -0.200368
vn 0.081501 -0.960655 -0.265518
vn -0.198227 -0.868534 -0.454262
vn -0.041299 -0.884760 -0.464213
vn -0.119755 -0.879345 -0.460882
vn -0.161006 -0.904839 -0.394136
vn -0.122800 -0.935130 -0.332342
vn 0.198227 -0.868534 -0.454262
vn 0.122800 -0.935130 -0.332342
vn 0.161006 -0.904839 -0.394136
vn 0.119755 -0.879345 -0.460882
vn 0.041299 -0.884760 -0.464213
vn -0.041302 -0.941618 -0.334140
vn 0.000000 -0.916092 -0.400968
vn 0.041302 -0.941618 -0.334140
vn 0.549713 -0.829749 -0.096606
vn 0.565941 -0.823696 -0.035147
vn 0.505899 -0.832483 -0.225916
vn 0.530391 -0.832266 -0.161306
vn 0.648841 -0.752394 -0.113616
vn 0.590070 -0.795381 -0.138511
vn 0.630120 -0.755710 -0.178468
vn 0.382683 -0.785899 -0.485712
vn 0.417142 -0.803732 -0.424272
vn 0.554845 -0.738165 -0.383744
vn 0.487779 -0.773145 -0.405362
vn 0.522499 -0.725299 -0.448259
vn 0.449906 -0.817259 -0.360100
vn 0.480315 -0.826105 -0.294699
vn 0.784500 -0.557304 -0.271977
vn 0.733465 -0.608234 -0.303447
vn 0.760406 -0.552454 -0.341435
vn 0.667257 -0.710569 -0.223294
vn 0.702198 -0.661334 -0.263733
vn 0.723245 -0.662838 -0.193809
vn 0.649448 -0.646840 -0.399769
vn 0.677436 -0.655931 -0.332920
vn 0.617603 -0.699378 -0.359773
vn 0.545799 -0.792473 -0.272193
vn 0.583298 -0.747775 -0.317168
vn 0.608560 -0.753685 -0.248221
vn 0.056869 -0.509072 -0.858843
vn 0.096606 -0.549713 -0.829749
vn 0.225916 -0.505899 -0.832483
vn 0.161306 -0.530391 -0.832266
vn 0.183835 -0.465005 -0.866011
vn 0.138511 -0.590070 -0.795381
vn 0.178468 -0.630120 -0.755710
vn 0.485712 -0.382683 -0.785899
vn 0.424272 -0.417142 -0.803732
vn 0.440067 -0.344433 -0.829281
vn 0.383744 -0.554845 -0.738165
vn 0.405362 -0.487779 -0.773145
vn 0.448259 -0.522499 -0.725299
vn 0.313589 -0.409656 -0.856647
vn 0.360100 -0.449906 -0.817259
vn 0.294699 -0.480315 -0.826105
vn 0.303447 -0.733465 -0.608234
vn 0.341435 -0.760406 -0.552454
vn 0.223294 -0.667257 -0.710569
vn 0.263733 -0.702198 -0.661334
vn 0.399769 -0.649448 -0.646840
vn 0.332920 -0.677436 -0.655931
vn 0.359773 -0.617603 -0.699378
vn 0.272193 -0.545799 -0.792473
vn 0.317168 -0.583298 -0.747775
vn 0.248221 -0.608560 -0.753685
vn 0.858843 -0.056869 -0.509072
vn 0.829749 -0.096606 -0.549713
vn 0.823696 -0.035147 -0.565941
vn 0.832483 -0.225916 -0.505899
vn 0.832266 -0.161306 -0.530391
vn 0.866011 -0.183835 -0.465005
vn 0.752394 -0.113616 -0.648841
vn 0.795381 -0.138511 -0.590070
vn 0.755710 -0.178468 -0.630120
vn 0.785899 -0.485712 -0.382683
vn 0.803732 -0.424272 -0.417142
vn 0.829281 -0.440067 -0.344433
vn 0.738165 -0.383744 -0.554845
vn 0.773145 -0.405362 -0.487779
vn 0.725299 -0.448259 -0.522499
vn 0.856647 -0.313589 -0.409656
vn 0.817259 -0.360100 -0.449906
vn 0.826105 -0.294699 -0.480315
vn 0.557304 -0.271977 -0.784500
vn 0.608234 -0.303447 -0.733465
vn 0.552454 -0.341435 -0.760406
vn 0.710569 -0.223294 -0.667257
vn 0.661334 -0.263733 -0.702198
vn 0.662838 -0.193809 -0.723245
vn 0.646840 -0.399769 -0.649448
vn 0.655931 -0.332920 -0.677436
vn 0.699378 -0.359773 -0.617603
vn 0.792473 -0.272193 -0.545799
vn 0.747775 -0.317168 -0.583298
vn 0.753685 -0.248221 -0.608560
vn 0.414273 -0.735011 -0.536784
vn 0.470917 -0.619242 -0.628313
vn 0.443957 -0.678977 -0.584716
vn 0.485208 -0.704471 -0.517970
vn 0.552418 -0.669612 -0.496441
vn 0.536784 -0.414273 -0.735011
vn 0.628313 -0.470917 -0.619242
vn 0.584716 -0.443957 -0.678977
vn 0.517970 -0.485208 -0.704471
vn 0.496441 -0.552418 -0.669612
vn 0.735011 -0.536784 -0.414273
vn 0.619242 -0.628313 -0.470917
vn 0.678977 -0.584716 -0.443957
vn 0.704471 -0.517970 -0.485208
vn 0.669612 -0.496441 -0.552418
vn 0.540650 -0.581952 -0.607478
vn 0.607478 -0.540650 -0.581952
vn 0.581952 -0.607478 -0.540650
vn 0.609419 -0.792848 0.000000
vn 0.692971 -0.716866 -0.076773
vn 0.652879 -0.756564 -0.036884
vn 0.652879 -0.756564 0.036884
vn 0.692971 -0.716866 0.076773
vn 0.827147 -0.511205 -0.233445
vn 0.800181 -0.567001 -0.195499
vn 0.815984 -0.576772 -0.038786
vn 0.810749 -0.573538 -0.117214
vn 0.848029 -0.524110 -0.078459
vn 0.768827 -0.620155 -0.155925
vn 0.733855 -0.669409 -0.115536
vn 0.800181 -0.567001 0.195499
vn 0.827147 -0.511205 0.233445
vn 0.733855 -0.669409 0.115536
vn 0.768827 -0.620155 0.155925
vn 0.848029 -0.524110 0.078459
vn 0.810749 -0.573538 0.117214
vn 0.815984 -0.576772 0.038786
vn 0.737996 -0.673689 -0.038788
vn 0.779319 -0.626628 0.000000
vn 0.737996 -0.673689 0.038788
vn 0.880565 0.000000 -0.473925
vn 0.889455 -0.059706 -0.453107
vn 0.942782 -0.062851 -0.327431
vn 0.917870 -0.062809 -0.391880
vn 0.936230 0.000000 -0.351389
vn 0.895074 -0.122488 -0.428764
vn 0.895334 -0.187072 -0.404203
vn 0.996917 -0.066741 -0.041248
vn 0.991273 -0.066716 -0.113695
vn 0.997372 0.000000 -0.072456
vn 0.960516 -0.198381 -0.195072
vn 0.978900 -0.133313 -0.154860
vn 0.972370 -0.198580 -0.122729
vn 0.976427 0.000000 -0.215848
vn 0.980255 -0.066630 -0.186173
vn 0.964108 -0.066598 -0.257021
vn 0.870448 -0.383039 -0.309193
vn 0.852640 -0.444464 -0.274694
vn 0.892703 -0.253540 -0.372558
vn 0.883888 -0.318921 -0.342098
vn 0.923880 -0.325530 -0.201189
vn 0.906458 -0.322970 -0.272074
vn 0.936545 -0.261138 -0.233859
vn 0.945882 -0.129436 -0.297578
vn 0.943796 -0.196021 -0.266130
vn 0.921910 -0.192197 -0.336367
vn 0.889455 -0.059706 0.453107
vn 0.880565 0.000000 0.473925
vn 0.895334 -0.187072 0.404203
vn 0.895074 -0.122488 0.428764
vn 0.936230 0.000000 0.351389
vn 0.917870 -0.062809 0.391880
vn 0.942782 -0.062851 0.327431
vn 0.852640 -0.444464 0.274694
vn 0.870448 -0.383039 0.309193
vn 0.936545 -0.261138 0.233859
vn 0.906458 -0.322970 0.272074
vn 0.923880 -0.325530 0.201189
vn 0.883888 -0.318921 0.342098
vn 0.892703 -0.253540 0.372558
vn 0.997372 0.000000 0.072456
vn 0.991273 -0.066716 0.113695
vn 0.996917 -0.066741 0.041248
vn 0.964108 -0.066598 0.257021
vn 0.980255 -0.066630 0.186173
vn 0.976427 0.000000 0.215848
vn 0.972370 -0.198580 0.122729
vn 0.978900 -0.133313 0.154860
vn 0.960516 -0.198381 0.195072
vn 0.921910 -0.192197 0.336367
vn 0.943796 -0.196021 0.266130
vn 0.945882 -0.129436 0.297578
vn 0.868534 -0.454262 -0.198227
vn 0.935130 -0.332342 -0.122800
vn 0.904839 -0.394136 -0.161006
vn 0.879345 -0.460882 -0.119755
vn 0.884760 -0.464213 -0.041299
vn 0.991046 -0.133523 0.000000
vn 0.960655 -0.265518 0.081501
vn 0.978852 -0.200368 0.041251
vn 0.978852 -0.200368 -0.041251
vn 0.960655 -0.265518 -0.081501
vn 0.868534 -0.454262 0.198227
vn 0.884760 -0.464213 0.041299
vn 0.879345 -0.460882 0.119755
vn 0.904839 -0.394136 0.161006
vn 0.935130 -0.332342 0.122800
vn 0.941618 -0.334140 -0.041302
vn 0.941618 -0.334140 0.041302
vn 0.916092 -0.400968 0.000000
vn 0.059706 -0.453107 0.889455
vn 0.187072 -0.404203 0.895334
vn 0.122488 -0.428764 0.895074
vn 0.062809 -0.391880 0.917870
vn 0.062851 -0.327431 0.942782
vn 0.444464 -0.274694 0.852640
vn 0.383039 -0.309193 0.870448
vn 0.261138 -0.233859 0.936545
vn 0.322970 -0.272074 0.906458
vn 0.325530 -0.201189 0.923880
vn 0.318921 -0.342098 0.883888
vn 0.253540 -0.372558 0.892703
vn 0.066716 -0.113695 0.991273
vn 0.066741 -0.041248 0.996917
vn 0.066598 -0.257021 0.964108
vn 0.066630 -0.186173 0.980255
vn 0.198580 -0.122729 0.972370
vn 0.133313 -0.154860 0.978900
vn 0.198381 -0.195072 0.960516
vn 0.192197 -0.336367 0.921910
vn 0.196021 -0.266130 0.943796
vn 0.129436 -0.297578 0.945882
vn 0.792848 0.000000 0.609419
vn 0.716866 0.076773 0.692971
vn 0.756564 0.036884 0.652879
vn 0.756564 -0.036884 0.652879
vn 0.716866 -0.076773 0.692971
vn 0.511205 0.233445 0.827147
vn 0.567001 0.195499 0.800181
vn 0.576772 0.038786 0.815984
vn 0.573538 0.117214 0.810749
vn 0.524110 0.078459 0.848029
vn 0.620155 0.155925 0.768827
vn 0.669409 0.115536 0.733855
vn 0.567001 -0.195499 0.800181
vn 0.511205 -0.233445 0.827147
vn 0.669409 -0.115536 0.733855
vn 0.620155 -0.155925 0.768827
vn 0.524110 -0.078459 0.848029
vn 0.573538 -0.117214 0.810749
vn 0.576772 -0.038786 0.815984
vn 0.673689 0.038788 0.737996
vn 0.626628 0.000000 0.779319
vn 0.673689 -0.038788 0.737996
vn 0.059706 0.453107 0.889455
vn 0.062851 0.327431 0.942782
vn 0.062809 0.391880 0.917870
vn 0.122488 0.428764 0.895074
vn 0.187072 0.404203 0.895334
vn 0.066741 0.041248 0.996917
vn 0.066716 0.113695 0.991273
vn 0.198381 0.195072 0.960516
vn 0.133313 0.154860 0.978900
vn 0.198580 0.122729 0.972370
vn 0.066630 0.186173 0.980255
vn 0.066598 0.257021 0.964108
vn 0.383039 0.309193 0.870448
vn 0.444464 0.274694 0.852640
vn 0.253540 0.372558 0.892703
vn 0.318921 0.342098 0.883888
vn 0.325530 0.201189 0.923880
vn 0.322970 0.272074 0.906458
vn 0.261138 0.233859 0.936545
vn 0.129436 0.297578 0.945882
vn 0.196021 0.266130 0.943796
vn 0.192197 0.336367 0.921910
vn 0.454262 -0.198227 0.868534
vn 0.464213 -0.041299 0.884760
vn 0.460882 -0.119755 0.879345
vn 0.394136 -0.161006 0.904839
vn 0.332342 -0.122800 0.935130
vn 0.454262 0.198227 0.868534
vn 0.332342 0.122800 0.935130
vn 0.394136 0.161006 0.904839
vn 0.460882 0.119755 0.879345
vn 0.464213 0.041299 0.884760
vn 0.133523 0.000000 0.991046
vn 0.265518 -0.081501 0.960655
vn 0.200368 -0.041251 0.978852
vn 0.200368 0.041251 0.978852
vn 0.265518 0.081501 0.960655
vn 0.400968 0.000000 0.916092
vn 0.334140 0.041302 0.941618
vn 0.334140 -0.041302 0.941618
vn -0.549713 -0.829749 0.096606
vn -0.505899 -0.832483 0.225916
vn -0.530391 -0.832266 0.161306
vn -0.590070 -0.795381 0.138511
vn -0.630120 -0.755710 0.178468
vn -0.382683 -0.785899 0.485712
vn -0.417142 -0.803732 0.424272
vn -0.554845 -0.738165 0.383744
vn -0.487779 -0.773145 0.405362
vn -0.522499 -0.725299 0.448259
vn -0.449906 -0.817259 0.360100
vn -0.480315 -0.826105 0.294699
vn -0.733465 -0.608234 0.303447
vn -0.760406 -0.552454 0.341435
vn -0.667257 -0.710569 0.223294
vn -0.702198 -0.661334 0.263733
vn -0.649448 -0.646840 0.399769
vn -0.677436 -0.655931 0.332920
vn -0.617603 -0.699378 0.359773
vn -0.545799 -0.792473 0.272193
vn -0.583298 -0.747775 0.317168
vn -0.608560 -0.753685 0.248221
vn -0.096606 -0.549713 0.829749
vn -0.225916 -0.505899 0.832483
vn -0.161306 -0.530391 0.832266
vn -0.138511 -0.590070 0.795381
vn -0.178468 -0.630120 0.755710
vn -0.485712 -0.382683 0.785899
vn -0.424272 -0.417142 0.803732
vn -0.383744 -0.554845 0.738165
vn -0.405362 -0.487779 0.773145
vn -0.448259 -0.522499 0.725299
vn -0.360100 -0.449906 0.817259
vn -0.294699 -0.480315 0.826105
vn -0.303447 -0.733465 0.608234
vn -0.341435 -0.760406 0.552454
vn -0.223294 -0.667257 0.710569
vn -0.263733 -0.702198 0.661334
vn -0.399769 -0.649448 0.646840
vn -0.332920 -0.677436 0.655931
vn -0.359773 -0.617603 0.699378
vn -0.272193 -0.545799 0.792473
vn -0.317168 -0.583298 0.747775
vn -0.248221 -0.608560 0.753685
vn -0.829749 -0.096606 0.549713
vn -0.832483 -0.225916 0.505899
vn -0.832266 -0.161306 0.530391
vn -0.795381 -0.138511 0.590070
vn -0.755710 -0.178468 0.630120
vn -0.785899 -0.485712 0.382683
vn -0.803732 -0.424272 0.417142
vn -0.738165 -0.383744 0.554845
vn -0.773145 -0.405362 0.487779
vn -0.725299 -0.448259 0.522499
vn -0.817259 -0.360100 0.449906
vn -0.826105 -0.294699 0.480315
vn -0.608234 -0.303447 0.733465
vn -0.552454 -0.341435 0.760406
vn -0.710569 -0.223294 0.667257
vn -0.661334 -0.263733 0.702198
vn -0.646840 -0.399769 0.649448
vn -0.655931 -0.332920 0.677436
vn -0.699378 -0.359773 0.617603
vn -0.792473 -0.272193 0.545799
vn -0.747775 -0.317168 0.583298
vn -0.753685 -0.248221 0.608560
vn -0.414273 -0.735011 0.536784
vn -0.470917 -0.619242 0.628313
vn -0.443957 -0.678977 0.584716
vn -0.485208 -0.704471 0.517970
vn -0.552418 -0.669612 0.496441
vn -0.536784 -0.414273 0.735011
vn -0.628313 -0.470917 0.619242
vn -0.584716 -0.443957 0.678977
vn -0.517970 -0.485208 0.704471
vn -0.496441 -0.552418 0.669612
vn -0.735011 -0.536784 0.414273
vn -0.619242 -0.628313 0.470917
vn -0.678977 -0.584716 0.443957
vn -0.704471 -0.517970 0.485208
vn -0.669612 -0.496441 0.552418
vn -0.540650 -0.581952 0.607478
vn -0.607478 -0.540650 0.581952
vn -0.581952 -0.607478 0.540650
vn -0.096606 -0.549713 -0.829749
vn -0.178468 -0.630120 -0.755710
vn -0.138511 -0.590070 -0.795381
vn -0.161306 -0.530391 -0.832266
vn -0.225916 -0.505899 -0.832483
vn -0.341435 -0.760406 -0.552454
vn -0.303447 -0.733465 -0.608234
vn -0.359773 -0.617603 -0.699378
vn -0.332920 -0.677436 -0.655931
vn -0.399769 -0.649448 -0.646840
vn -0.263733 -0.702198 -0.661334
vn -0.223294 -0.667257 -0.710569
vn -0.424272 -0.417142 -0.803732
vn -0.485712 -0.382683 -0.785899
vn -0.294699 -0.480315 -0.826105
vn -0.360100 -0.449906 -0.817259
vn -0.448259 -0.522499 -0.725299
vn -0.405362 -0.487779 -0.773145
vn -0.383744 -0.554845 -0.738165
vn -0.248221 -0.608560 -0.753685
vn -0.317168 -0.583298 -0.747775
vn -0.272193 -0.545799 -0.792473
vn -0.549713 -0.829749 -0.096606
vn -0.630120 -0.755710 -0.178468
vn -0.590070 -0.795381 -0.138511
vn -0.530391 -0.832266 -0.161306
vn -0.505899 -0.832483 -0.225916
vn -0.760406 -0.552454 -0.341435
vn -0.733465 -0.608234 -0.303447
vn -0.617603 -0.699378 -0.359773
vn -0.677436 -0.655931 -0.332920
vn -0.649448 -0.646840 -0.399769
vn -0.702198 -0.661334 -0.263733
vn -0.667257 -0.710569 -0.223294
vn -0.417142 -0.803732 -0.424272
vn -0.382683 -0.785899 -0.485712
vn -0.480315 -0.826105 -0.294699
vn -0.449906 -0.817259 -0.360100
vn -0.522499 -0.725299 -0.448259
vn -0.487779 -0.773145 -0.405362
vn -0.554845 -0.738165 -0.383744
vn -0.608560 -0.753685 -0.248221
vn -0.583298 -0.747775 -0.317168
vn -0.545799 -0.792473 -0.272193
vn -0.829749 -0.096606 -0.549713
vn -0.755710 -0.178468 -0.630120
vn -0.795381 -0.138511 -0.590070
vn -0.832266 -0.161306 -0.530391
vn -0.832483 -0.225916 -0.505899
vn -0.552454 -0.341435 -0.760406
vn -0.608234 -0.303447 -0.733465
vn -0.699378 -0.359773 -0.617603
vn -0.655931 -0.332920 -0.677436
vn -0.646840 -0.399769 -0.649448
vn -0.661334 -0.263733 -0.702198
vn -0.710569 -0.223294 -0.667257
vn -0.803732 -0.424272 -0.417142
vn -0.785899 -0.485712 -0.382683
vn -0.826105 -0.294699 -0.480315
vn -0.817259 -0.360100 -0.449906
vn -0.725299 -0.448259 -0.522499
vn -0.773145 -0.405362 -0.487779
vn -0.738165 -0.383744 -0.554845
vn -0.753685 -0.248221 -0.608560
vn -0.747775 -0.317168 -0.583298
vn -0.792473 -0.272193 -0.545799
vn -0.414273 -0.735011 -0.536784
vn -0.552418 -0.669612 -0.496441
vn -0.485208 -0.704471 -0.517970
vn -0.443957 -0.678977 -0.584716
vn -0.470917 -0.619242 -0.628313
vn -0.735011 -0.536784 -0.414273
vn -0.669612 -0.496441 -0.552418
vn -0.704471 -0.517970 -0.485208
vn -0.678977 -0.584716 -0.443957
vn -0.619242 -0.628313 -0.470917
vn -0.536784 -0.414273 -0.735011
vn -0.496441 -0.552418 -0.669612
vn -0.517970 -0.485208 -0.704471
vn -0.584716 -0.443957 -0.678977
vn -0.628313 -0.470917 -0.619242
vn -0.581952 -0.607478 -0.540650
vn -0.607478 -0.540650 -0.581952
vn -0.540650 -0.581952 -0.607478
vn 0.792848 0.000000 -0.609419
vn 0.716866 -0.076773 -0.692971
vn 0.756564 -0.036884 -0.652879
vn 0.756564 0.036884 -0.652879
vn 0.716866 0.076773 -0.692971
vn 0.511205 -0.233445 -0.827147
vn 0.567001 -0.195499 -0.800181
vn 0.576772 -0.038786 -0.815984
vn 0.573538 -0.117214 -0.810749
vn 0.524110 -0.078459 -0.848029
vn 0.620155 -0.155925 -0.768827
vn 0.669409 -0.115536 -0.733855
vn 0.567001 0.195499 -0.800181
vn 0.511205 0.233445 -0.827147
vn 0.669409 0.115536 -0.733855
vn 0.620155 0.155925 -0.768827
vn 0.524110 0.078459 -0.848029
vn 0.573538 0.117214 -0.810749
vn 0.576772 0.038786 -0.815984
vn 0.673689 -0.038788 -0.737996
vn 0.626628 0.000000 -0.779319
vn 0.673689 0.038788 -0.737996
vn 0.059706 -0.453107 -0.889455
vn 0.062851 -0.327431 -0.942782
vn 0.062809 -0.391880 -0.917870
vn 0.122488 -0.428764 -0.895074
vn 0.187072 -0.404203 -0.895334
vn 0.066741 -0.041248 -0.996917
vn 0.066716 -0.113695 -0.991273
vn 0.198381 -0.195072 -0.960516
vn 0.133313 -0.154860 -0.978900
vn 0.198580 -0.122729 -0.972370
vn 0.066630 -0.186173 -0.980255
vn 0.066598 -0.257021 -0.964108
vn 0.383039 -0.309193 -0.870448
vn 0.444464 -0.274694 -0.852640
vn 0.253540 -0.372558 -0.892703
vn 0.318921 -0.342098 -0.883888
vn 0.325530 -0.201189 -0.923880
vn 0.322970 -0.272074 -0.906458
vn 0.261138 -0.233859 -0.936545
vn 0.129436 -0.297578 -0.945882
vn 0.196021 -0.266130 -0.943796
vn 0.192197 -0.336367 -0.921910
vn 0.059706 0.453107 -0.889455
vn 0.187072 0.404203 -0.895334
vn 0.122488 0.428764 -0.895074
vn 0.062809 0.391880 -0.917870
vn 0.062851 0.327431 -0.942782
vn 0.444464 0.274694 -0.852640
vn 0.383039 0.309193 -0.870448
vn 0.261138 0.233859 -0.936545
vn 0.322970 0.272074 -0.906458
vn 0.325530 0.201189 -0.923880
vn 0.318921 0.342098 -0.883888
vn 0.253540 0.372558 -0.892703
vn 0.066716 0.113695 -0.991273
vn 0.066741 0.041248 -0.996917
vn 0.066598 0.257021 -0.964108
vn 0.066630 0.186173 -0.980255
vn 0.198580 0.122729 -0.972370
vn 0.133313 0.154860 -0.978900
vn 0.198381 0.195072 -0.960516
vn 0.192197 0.336367 -0.921910
vn 0.196021 0.266130 -0.943796
vn 0.129436 0.297578 -0.945882
vn 0.454262 -0.198227 -0.868534
vn 0.332342 -0.122800 -0.935130
vn 0.394136 -0.161006 -0.904839
vn 0.460882 -0.119755 -0.879345
vn 0.464213 -0.041299 -0.884760
vn 0.133523 0.000000 -0.991046
vn 0.265518 0.081501 -0.960655
vn 0.200368 0.041251 -0.978852
vn 0.200368 -0.041251 -0.978852
vn 0.265518 -0.081501 -0.960655
vn 0.454262 0.198227 -0.868534
vn 0.464213 0.041299 -0.884760
vn 0.460882 0.119755 -0.879345
vn 0.394136 0.161006 -0.904839
vn 0.332342 0.122800 -0.935130
vn 0.334140 -0.041302 -0.941618
vn 0.334140 0.041302 -0.941618
vn 0.400968 0.000000 -0.916092
vn 0.889455 0.059706 0.453107
vn 0.942782 0.062851 0.327431
vn 0.917870 0.062809 0.391880
vn 0.895074 0.122488 0.428764
vn 0.895334 0.187072 0.404203
vn 0.996917 0.066741 0.041248
vn 0.991273 0.066716 0.113695
vn 0.960516 0.198381 0.195072
vn 0.978900 0.133313 0.154860
vn 0.972370 0.198580 0.122729
vn 0.980255 0.066630 0.186173
vn 0.964108 0.066598 0.257021
vn 0.870448 0.383039 0.309193
vn 0.852640 0.444464 0.274694
vn 0.892703 0.253540 0.372558
vn 0.883888 0.318921 0.342098
vn 0.923880 0.325530 0.201189
vn 0.906458 0.322970 0.272074
vn 0.936545 0.261138 0.233859
vn 0.945882 0.129436 0.297578
vn 0.943796 0.196021 0.266130
vn 0.921910 0.192197 0.336367
vn 0.889455 0.059706 -0.453107
vn 0.895334 0.187072 -0.404203
vn 0.895074 0.122488 -0.428764
vn 0.917870 0.062809 -0.391880
vn 0.942782 0.062851 -0.327431
vn 0.852640 0.444464 -0.274694
vn 0.870448 0.383039 -0.309193
vn 0.936545 0.261138 -0.233859
vn 0.906458 0.322970 -0.272074
vn 0.923880 0.325530 -0.201189
vn 0.883888 0.318921 -0.342098
vn 0.892703 0.253540 -0.372558
vn 0.991273 0.066716 -0.113695
vn 0.996917 0.066741 -0.041248
vn 0.964108 0.066598 -0.257021
vn 0.980255 0.066630 -0.186173
vn 0.972370 0.198580 -0.122729
vn 0.978900 0.133313 -0.154860
vn 0.960516 0.198381 -0.195072
vn 0.921910 0.192197 -0.336367
vn 0.943796 0.196021 -0.266130
vn 0.945882 0.129436 -0.297578
vn 0.609419 0.792848 0.000000
vn 0.692971 0.716866 0.076773
vn 0.652879 0.756564 0.036884
vn 0.652879 0.756564 -0.036884
vn 0.692971 0.716866 -0.076773
vn 0.827147 0.511205 0.233445
vn 0.800181 0.567001 0.195499
vn 0.815984 0.576772 0.038786
vn 0.810749 0.573538 0.117214
vn 0.848029 0.524110 0.078459
vn 0.768827 0.620155 0.155925
vn 0.733855 0.669409 0.115536
vn 0.800181 0.567001 -0.195499
vn 0.827147 0.511205 -0.233445
vn 0.733855 0.669409 -0.115536
vn 0.768827 0.620155 -0.155925
vn 0.848029 0.524110 -0.078459
vn 0.810749 0.573538 -0.117214
vn 0.815984 0.576772 -0.038786
vn 0.737996 0.673689 0.038788
vn 0.779319 0.626628 0.000000
vn 0.737996 0.673689 -0.038788
vn 0.991046 0.133523 0.000000
vn 0.960655 0.265518 -0.081501
vn 0.978852 0.200368 -0.041251
vn 0.978852 0.200368 0.041251
vn 0.960655 0.265518 0.081501
vn 0.868534 0.454262 -0.198227
vn 0.884760 0.464213 -0.041299
vn 0.879345 0.460882 -0.119755
vn 0.904839 0.394136 -0.161006
vn 0.935130 0.332342 -0.122800
vn 0.868534 0.454262 0.198227
vn 0.935130 0.332342 0.122800
vn 0.904839 0.394136 0.161006
vn 0.879345 0.460882 0.119755
vn 0.884760 0.464213 0.041299
vn 0.941618 0.334140 -0.041302
vn 0.916092 0.400968 0.000000
vn 0.941618 0.334140 0.041302
vt 0.355662 0.733543
vt 0.644338 0.733543
vt 0.355662 0.266457
vt 0.644338 0.266457
vt 0.500000 0.355662
vt 0.500000 0.644338
vt 0.500000 0.355662
vt 0.500000 0.644338
vt 0.733543 0.500000
vt 0.733543 0.500000
vt 0.266457 0.500000
vt 0.266457 0.500000
vt 0.297746 0.625000
vt 0.375000 0.577254
vt 0.422746 0.702254
vt 0.577254 0.702254
vt 0.500000 0.750000
vt 0.577254 0.702254
vt 0.422746 0.702254
vt 0.375000 0.577254
vt 0.297746 0.625000
vt 0.250000 0.500000
vt 0.625000 0.577254
vt 0.702254 0.625000
vt 0.375000 0.422746
vt 0.500000 0.500000
vt 0.297746 0.375000
vt 0.297746 0.375000
vt 0.500000 0.500000
vt 0.375000 0.422746
vt 0.702254 0.625000
vt 0.625000 0.577254
vt 0.702254 0.375000
vt 0.625000 0.422746
vt 0.577254 0.297746
vt 0.422746 0.297746
vt 0.500000 0.250000
vt 0.422746 0.297746
vt 0.577254 0.297746
vt 0.625000 0.422746
vt 0.702254 0.375000
vt 0.750000 0.500000
vt 0.328293 0.677628
vt 0.353054 0.672048
vt 0.390220 0.715901
vt 0.322372 0.538273
vt 0.327952 0.606331
vt 0.284099 0.561927
vt 0.461727 0.671707
vt 0.393669 0.646946
vt 0.438073 0.609780
vt 0.459385 0.737764
vt 0.428493 0.739555
vt 0.538273 0.671707
vt 0.500000 0.712663
vt 0.571507 0.739555
vt 0.540615 0.737764
vt 0.609780 0.715901
vt 0.459385 0.737764
vt 0.390220 0.715901
vt 0.609780 0.715901
vt 0.540615 0.737764
vt 0.461727 0.671707
vt 0.500000 0.712663
vt 0.538273 0.671707
vt 0.353054 0.672048
vt 0.328293 0.677628
vt 0.438073 0.609780
vt 0.393669 0.646946
vt 0.284099 0.561927
vt 0.327952 0.606331
vt 0.322372 0.538273
vt 0.287337 0.631433
vt 0.260445 0.500000
vt 0.262236 0.565716
vt 0.262236 0.565716
vt 0.260445 0.500000
vt 0.646946 0.672048
vt 0.671707 0.677628
vt 0.561927 0.609780
vt 0.606331 0.646946
vt 0.715901 0.561927
vt 0.672048 0.606331
vt 0.677628 0.538273
vt 0.434284 0.540615
vt 0.500000 0.571507
vt 0.322372 0.461727
vt 0.368567 0.500000
vt 0.500000 0.428493
vt 0.434284 0.459385
vt 0.438073 0.390220
vt 0.262236 0.434284
vt 0.284099 0.438073
vt 0.284099 0.438073
vt 0.262236 0.434284
vt 0.328293 0.322372
vt 0.287337 0.368567
vt 0.328293 0.322372
vt 0.368567 0.500000
vt 0.322372 0.461727
vt 0.500000 0.571507
vt 0.434284 0.540615
vt 0.438073 0.390220
vt 0.434284 0.459385
vt 0.500000 0.428493
vt 0.606331 0.646946
vt 0.561927 0.609780
vt 0.671707 0.677628
vt 0.646946 0.672048
vt 0.677628 0.538273
vt 0.672048 0.606331
vt 0.715901 0.561927
vt 0.671707 0.322372
vt 0.646946 0.327952
vt 0.609780 0.284099
vt 0.677628 0.461727
vt 0.672048 0.393669
vt 0.715901 0.438073
vt 0.538273 0.328293
vt 0.606331 0.353054
vt 0.561927 0.390220
vt 0.540615 0.262236
vt 0.571507 0.260445
vt 0.461727 0.328293
vt 0.500000 0.287337
vt 0.428493 0.260445
vt 0.459385 0.262236
vt 0.390220 0.284099
vt 0.540615 0.262236
vt 0.609780 0.284099
vt 0.390220 0.284099
vt 0.459385 0.262236
vt 0.538273 0.328293
vt 0.500000 0.287337
vt 0.461727 0.328293
vt 0.646946 0.327952
vt 0.671707 0.322372
vt 0.561927 0.390220
vt 0.606331 0.353054
vt 0.715901 0.438073
vt 0.672048 0.393669
vt 0.677628 0.461727
vt 0.712663 0.368567
vt 0.739555 0.500000
vt 0.737764 0.434284
vt 0.737764 0.434284
vt 0.739555 0.500000
vt 0.565716 0.459385
vt 0.631433 0.500000
vt 0.565716 0.540615
vt 0.353054 0.327952
vt 0.393669 0.353054
vt 0.327952 0.393669
vt 0.393669 0.353054
vt 0.353054 0.327952
vt 0.327952 0.393669
vt 0.631433 0.500000
vt 0.565716 0.459385
vt 0.565716 0.540615
vt 0.737764 0.565716
vt 0.737764 0.565716
vt 0.712663 0.631433
vt 0.348058 0.697674
vt 0.357577 0.699112
vt 0.377830 0.716075
vt 0.323223 0.650375
vt 0.338965 0.676713
vt 0.311035 0.652920
vt 0.405490 0.711296
vt 0.370260 0.696054
vt 0.386502 0.689484
vt 0.302326 0.518400
vt 0.300888 0.550698
vt 0.283925 0.529772
vt 0.349625 0.592937
vt 0.323287 0.573077
vt 0.347080 0.558377
vt 0.288704 0.594455
vt 0.303946 0.585031
vt 0.310516 0.617107
vt 0.481600 0.651942
vt 0.449302 0.642423
vt 0.470228 0.622170
vt 0.407063 0.676777
vt 0.426923 0.661035
vt 0.441623 0.688965
vt 0.405545 0.594510
vt 0.414969 0.629740
vt 0.382893 0.613498
vt 0.338356 0.641064
vt 0.358936 0.628344
vt 0.371656 0.661644
vt 0.408275 0.730445
vt 0.396231 0.727446
vt 0.440331 0.722752
vt 0.423996 0.729265
vt 0.463867 0.747375
vt 0.443338 0.741219
vt 0.479439 0.746922
vt 0.518400 0.651942
vt 0.500000 0.673756
vt 0.539109 0.710044
vt 0.519342 0.694246
vt 0.558377 0.688965
vt 0.480658 0.694246
vt 0.460891 0.710044
vt 0.603769 0.727446
vt 0.591725 0.730445
vt 0.622170 0.716075
vt 0.520561 0.746922
vt 0.556662 0.741219
vt 0.536133 0.747375
vt 0.594510 0.711296
vt 0.576004 0.729265
vt 0.559669 0.722752
vt 0.479419 0.728246
vt 0.520581 0.728246
vt 0.500000 0.740965
vt 0.408275 0.730445
vt 0.377830 0.716075
vt 0.479439 0.746922
vt 0.443338 0.741219
vt 0.405490 0.711296
vt 0.423996 0.729265
vt 0.440331 0.722752
vt 0.622170 0.716075
vt 0.591725 0.730445
vt 0.559669 0.722752
vt 0.576004 0.729265
vt 0.594510 0.711296
vt 0.556662 0.741219
vt 0.520561 0.746922
vt 0.481600 0.651942
vt 0.500000 0.673756
vt 0.518400 0.651942
vt 0.460891 0.710044
vt 0.480658 0.694246
vt 0.441623 0.688965
vt 0.558377 0.688965
vt 0.519342 0.694246
vt 0.539109 0.710044
vt 0.500000 0.740965
vt 0.520581 0.728246
vt 0.479419 0.728246
vt 0.357577 0.699112
vt 0.348058 0.697674
vt 0.386502 0.689484
vt 0.370260 0.696054
vt 0.311035 0.652920
vt 0.338965 0.676713
vt 0.323223 0.650375
vt 0.470228 0.622170
vt 0.449302 0.642423
vt 0.382893 0.613498
vt 0.414969 0.629740
vt 0.405545 0.594510
vt 0.426923 0.661035
vt 0.407063 0.676777
vt 0.283925 0.529772
vt 0.300888 0.550698
vt 0.302326 0.518400
vt 0.310516 0.617107
vt 0.303946 0.585031
vt 0.288704 0.594455
vt 0.347080 0.558377
vt 0.323287 0.573077
vt 0.349625 0.592937
vt 0.371656 0.661644
vt 0.358936 0.628344
vt 0.338356 0.641064
vt 0.326244 0.679747
vt 0.289956 0.629815
vt 0.305754 0.656187
vt 0.305754 0.656187
vt 0.289956 0.629815
vt 0.272554 0.500000
vt 0.269555 0.531333
vt 0.253078 0.533268
vt 0.258781 0.533211
vt 0.252625 0.500000
vt 0.270735 0.564506
vt 0.277248 0.596547
vt 0.269555 0.531333
vt 0.272554 0.500000
vt 0.277248 0.596547
vt 0.270735 0.564506
vt 0.252625 0.500000
vt 0.258781 0.533211
vt 0.253078 0.533268
vt 0.271754 0.599902
vt 0.259035 0.566601
vt 0.271754 0.599902
vt 0.642423 0.699112
vt 0.651942 0.697674
vt 0.613498 0.689484
vt 0.629740 0.696054
vt 0.688965 0.652920
vt 0.661035 0.676713
vt 0.676777 0.650375
vt 0.529772 0.622170
vt 0.550698 0.642423
vt 0.617107 0.613498
vt 0.585031 0.629740
vt 0.594455 0.594510
vt 0.573077 0.661035
vt 0.592937 0.676777
vt 0.716075 0.529772
vt 0.699112 0.550698
vt 0.697674 0.518400
vt 0.689484 0.617107
vt 0.696054 0.585031
vt 0.711296 0.594455
vt 0.652920 0.558377
vt 0.676713 0.573077
vt 0.650375 0.592937
vt 0.628344 0.661644
vt 0.641064 0.628344
vt 0.661644 0.641064
vt 0.468667 0.591725
vt 0.500000 0.603769
vt 0.403453 0.559669
vt 0.435494 0.576004
vt 0.500000 0.536133
vt 0.466789 0.556662
vt 0.466732 0.520561
vt 0.302326 0.481600
vt 0.320253 0.500000
vt 0.370185 0.460891
vt 0.343813 0.480658
vt 0.347080 0.441623
vt 0.343813 0.519342
vt 0.370185 0.539109
vt 0.500000 0.396231
vt 0.468667 0.408275
vt 0.470228 0.377830
vt 0.466732 0.479439
vt 0.466789 0.443338
vt 0.500000 0.463867
vt 0.405545 0.405490
vt 0.435494 0.423996
vt 0.403453 0.440331
vt 0.400098 0.520581
vt 0.400098 0.479419
vt 0.433399 0.500000
vt 0.269555 0.468667
vt 0.283925 0.470228
vt 0.253078 0.466732
vt 0.258781 0.466789
vt 0.288704 0.405545
vt 0.270735 0.435494
vt 0.277248 0.403453
vt 0.283925 0.470228
vt 0.269555 0.468667
vt 0.277248 0.403453
vt 0.270735 0.435494
vt 0.288704 0.405545
vt 0.258781 0.466789
vt 0.253078 0.466732
vt 0.348058 0.302326
vt 0.326244 0.320253
vt 0.348058 0.302326
vt 0.289956 0.370185
vt 0.305754 0.343813
vt 0.311035 0.347080
vt 0.311035 0.347080
vt 0.305754 0.343813
vt 0.289956 0.370185
vt 0.259035 0.433399
vt 0.271754 0.400098
vt 0.271754 0.400098
vt 0.320253 0.500000
vt 0.302326 0.481600
vt 0.370185 0.539109
vt 0.343813 0.519342
vt 0.347080 0.441623
vt 0.343813 0.480658
vt 0.370185 0.460891
vt 0.500000 0.603769
vt 0.468667 0.591725
vt 0.466732 0.520561
vt 0.466789 0.556662
vt 0.500000 0.536133
vt 0.435494 0.576004
vt 0.403453 0.559669
vt 0.470228 0.377830
vt 0.468667 0.408275
vt 0.500000 0.396231
vt 0.403453 0.440331
vt 0.435494 0.423996
vt 0.405545 0.405490
vt 0.500000 0.463867
vt 0.466789 0.443338
vt 0.466732 0.479439
vt 0.400098 0.520581
vt 0.433399 0.500000
vt 0.400098 0.479419
vt 0.550698 0.642423
vt 0.529772 0.622170
vt 0.592937 0.676777
vt 0.573077 0.661035
vt 0.594455 0.594510
vt 0.585031 0.629740
vt 0.617107 0.613498
vt 0.651942 0.697674
vt 0.642423 0.699112
vt 0.676777 0.650375
vt 0.661035 0.676713
vt 0.688965 0.652920
vt 0.629740 0.696054
vt 0.613498 0.689484
vt 0.697674 0.518400
vt 0.699112 0.550698
vt 0.716075 0.529772
vt 0.650375 0.592937
vt 0.676713 0.573077
vt 0.652920 0.558377
vt 0.711296 0.594455
vt 0.696054 0.585031
vt 0.689484 0.617107
vt 0.628344 0.661644
vt 0.661644 0.641064
vt 0.641064 0.628344
vt 0.651942 0.302326
vt 0.642423 0.300888
vt 0.622170 0.283925
vt 0.676777 0.349625
vt 0.661035 0.323287
vt 0.688965 0.347080
vt 0.594510 0.288704
vt 0.629740 0.303946
vt 0.613498 0.310516
vt 0.697674 0.481600
vt 0.699112 0.449302
vt 0.716075 0.470228
vt 0.650375 0.407063
vt 0.676713 0.426923
vt 0.652920 0.441623
vt 0.711296 0.405545
vt 0.696054 0.414969
vt 0.689484 0.382893
vt 0.518400 0.348058
vt 0.550698 0.357577
vt 0.529772 0.377830
vt 0.592937 0.323223
vt 0.573077 0.338965
vt 0.558377 0.311035
vt 0.594455 0.405490
vt 0.585031 0.370260
vt 0.617107 0.386502
vt 0.661644 0.358936
vt 0.641064 0.371656
vt 0.628344 0.338356
vt 0.591725 0.269555
vt 0.603769 0.272554
vt 0.559669 0.277248
vt 0.576004 0.270735
vt 0.536133 0.252625
vt 0.556662 0.258781
vt 0.520561 0.253078
vt 0.481600 0.348058
vt 0.500000 0.326244
vt 0.460891 0.289956
vt 0.480658 0.305754
vt 0.441623 0.311035
vt 0.519342 0.305754
vt 0.539109 0.289956
vt 0.396231 0.272554
vt 0.408275 0.269555
vt 0.377830 0.283925
vt 0.479439 0.253078
vt 0.443338 0.258781
vt 0.463867 0.252625
vt 0.405490 0.288704
vt 0.423996 0.270735
vt 0.440331 0.277248
vt 0.520581 0.271754
vt 0.479419 0.271754
vt 0.500000 0.259035
vt 0.591725 0.269555
vt 0.622170 0.283925
vt 0.520561 0.253078
vt 0.556662 0.258781
vt 0.594510 0.288704
vt 0.576004 0.270735
vt 0.559669 0.277248
vt 0.377830 0.283925
vt 0.408275 0.269555
vt 0.440331 0.277248
vt 0.423996 0.270735
vt 0.405490 0.288704
vt 0.443338 0.258781
vt 0.479439 0.253078
vt 0.518400 0.348058
vt 0.500000 0.326244
vt 0.481600 0.348058
vt 0.539109 0.289956
vt 0.519342 0.305754
vt 0.558377 0.311035
vt 0.441623 0.311035
vt 0.480658 0.305754
vt 0.460891 0.289956
vt 0.500000 0.259035
vt 0.479419 0.271754
vt 0.520581 0.271754
vt 0.642423 0.300888
vt 0.651942 0.302326
vt 0.613498 0.310516
vt 0.629740 0.303946
vt 0.688965 0.347080
vt 0.661035 0.323287
vt 0.676777 0.349625
vt 0.529772 0.377830
vt 0.550698 0.357577
vt 0.617107 0.386502
vt 0.585031 0.370260
vt 0.594455 0.405490
vt 0.573077 0.338965
vt 0.592937 0.323223
vt 0.716075 0.470228
vt 0.699112 0.449302
vt 0.697674 0.481600
vt 0.689484 0.382893
vt 0.696054 0.414969
vt 0.711296 0.405545
vt 0.652920 0.441623
vt 0.676713 0.426923
vt 0.650375 0.407063
vt 0.628344 0.338356
vt 0.641064 0.371656
vt 0.661644 0.358936
vt 0.673756 0.320253
vt 0.710044 0.370185
vt 0.694246 0.343813
vt 0.694246 0.343813
vt 0.710044 0.370185
vt 0.727446 0.500000
vt 0.730445 0.468667
vt 0.746922 0.466732
vt 0.741219 0.466789
vt 0.747375 0.500000
vt 0.729265 0.435494
vt 0.722752 0.403453
vt 0.730445 0.468667
vt 0.727446 0.500000
vt 0.722752 0.403453
vt 0.729265 0.435494
vt 0.747375 0.500000
vt 0.741219 0.466789
vt 0.746922 0.466732
vt 0.728246 0.400098
vt 0.740965 0.433399
vt 0.728246 0.400098
vt 0.531333 0.408275
vt 0.596547 0.440331
vt 0.564506 0.423996
vt 0.533211 0.443338
vt 0.533268 0.479439
vt 0.679747 0.500000
vt 0.629815 0.539109
vt 0.656187 0.519342
vt 0.656187 0.480658
vt 0.629815 0.460891
vt 0.531333 0.591725
vt 0.533268 0.520561
vt 0.533211 0.556662
vt 0.564506 0.576004
vt 0.596547 0.559669
vt 0.599902 0.479419
vt 0.599902 0.520581
vt 0.566601 0.500000
vt 0.357577 0.300888
vt 0.386502 0.310516
vt 0.370260 0.303946
vt 0.338965 0.323287
vt 0.323223 0.349625
vt 0.449302 0.357577
vt 0.382893 0.386502
vt 0.414969 0.370260
vt 0.426923 0.338965
vt 0.407063 0.323223
vt 0.300888 0.449302
vt 0.310516 0.382893
vt 0.303946 0.414969
vt 0.323287 0.426923
vt 0.349625 0.407063
vt 0.371656 0.338356
vt 0.358936 0.371656
vt 0.338356 0.358936
vt 0.449302 0.357577
vt 0.407063 0.323223
vt 0.426923 0.338965
vt 0.414969 0.370260
vt 0.382893 0.386502
vt 0.357577 0.300888
vt 0.323223 0.349625
vt 0.338965 0.323287
vt 0.370260 0.303946
vt 0.386502 0.310516
vt 0.300888 0.449302
vt 0.349625 0.407063
vt 0.323287 0.426923
vt 0.303946 0.414969
vt 0.310516 0.382893
vt 0.371656 0.338356
vt 0.338356 0.358936
vt 0.358936 0.371656
vt 0.679747 0.500000
vt 0.629815 0.460891
vt 0.656187 0.480658
vt 0.656187 0.519342
vt 0.629815 0.539109
vt 0.531333 0.408275
vt 0.533268 0.479439
vt 0.533211 0.443338
vt 0.564506 0.423996
vt 0.596547 0.440331
vt 0.531333 0.591725
vt 0.596547 0.559669
vt 0.564506 0.576004
vt 0.533211 0.556662
vt 0.533268 0.520561
vt 0.599902 0.479419
vt 0.566601 0.500000
vt 0.599902 0.520581
vt 0.730445 0.531333
vt 0.746922 0.533268
vt 0.741219 0.533211
vt 0.729265 0.564506
vt 0.722752 0.596547
vt 0.730445 0.531333
vt 0.722752 0.596547
vt 0.729265 0.564506
vt 0.741219 0.533211
vt 0.746922 0.533268
vt 0.673756 0.679747
vt 0.710044 0.629815
vt 0.694246 0.656187
vt 0.694246 0.656187
vt 0.710044 0.629815
vt 0.740965 0.566601
vt 0.728246 0.599902
vt 0.728246 0.599902
vt 0.358515 0.705924
vt 0.362572 0.707437
vt 0.372732 0.714711
vt 0.342470 0.688928
vt 0.352482 0.698845
vt 0.337790 0.688099
vt 0.383749 0.716503
vt 0.367402 0.708066
vt 0.373525 0.708121
vt 0.309899 0.638113
vt 0.316634 0.652058
vt 0.303875 0.639326
vt 0.345599 0.674845
vt 0.330641 0.663983
vt 0.337638 0.661710
vt 0.319189 0.665710
vt 0.324451 0.665334
vt 0.333186 0.677642
vt 0.413892 0.707320
vt 0.395715 0.700933
vt 0.404329 0.696475
vt 0.379921 0.706526
vt 0.387523 0.704315
vt 0.397586 0.714162
vt 0.369375 0.681325
vt 0.378055 0.693286
vt 0.361289 0.684541
vt 0.347860 0.688421
vt 0.354176 0.686944
vt 0.363550 0.698118
vt 0.294076 0.508787
vt 0.292563 0.524152
vt 0.285289 0.514217
vt 0.311072 0.544617
vt 0.301155 0.534628
vt 0.311901 0.528404
vt 0.283497 0.545959
vt 0.291934 0.540327
vt 0.291879 0.556479
vt 0.361887 0.585359
vt 0.347942 0.575862
vt 0.360674 0.567994
vt 0.325155 0.589943
vt 0.336017 0.583230
vt 0.338290 0.599942
vt 0.334290 0.548452
vt 0.334666 0.565933
vt 0.322358 0.555823
vt 0.292680 0.610017
vt 0.299067 0.606068
vt 0.303525 0.621428
vt 0.293474 0.573675
vt 0.295685 0.590025
vt 0.285838 0.578397
vt 0.318675 0.612065
vt 0.306714 0.601340
vt 0.315459 0.595936
vt 0.311579 0.562055
vt 0.313056 0.579292
vt 0.301882 0.568048
vt 0.491213 0.641485
vt 0.475848 0.637428
vt 0.485783 0.627268
vt 0.455383 0.657530
vt 0.465372 0.647518
vt 0.471596 0.662210
vt 0.454041 0.616251
vt 0.459673 0.632598
vt 0.443521 0.626475
vt 0.414641 0.690101
vt 0.424138 0.683366
vt 0.432006 0.696125
vt 0.410057 0.654401
vt 0.416770 0.669359
vt 0.400058 0.662362
vt 0.451548 0.680811
vt 0.434067 0.675549
vt 0.444177 0.666814
vt 0.389983 0.586108
vt 0.393932 0.604285
vt 0.378572 0.595671
vt 0.426325 0.620079
vt 0.409975 0.612477
vt 0.421603 0.602414
vt 0.387935 0.630625
vt 0.398660 0.621945
vt 0.404064 0.638711
vt 0.437945 0.652140
vt 0.420708 0.645824
vt 0.431952 0.636450
vt 0.316247 0.634196
vt 0.332597 0.624110
vt 0.323882 0.629493
vt 0.330256 0.646179
vt 0.345190 0.657078
vt 0.365804 0.603568
vt 0.375890 0.638105
vt 0.370507 0.621302
vt 0.353821 0.610989
vt 0.342922 0.617729
vt 0.396432 0.683753
vt 0.361895 0.667403
vt 0.378698 0.676118
vt 0.389011 0.669744
vt 0.382271 0.654810
vt 0.348131 0.635162
vt 0.364838 0.645488
vt 0.354512 0.651869
vt 0.386723 0.722364
vt 0.381519 0.720141
vt 0.398949 0.723834
vt 0.392809 0.723769
vt 0.412153 0.734057
vt 0.402030 0.729467
vt 0.418142 0.735696
vt 0.431327 0.713160
vt 0.422702 0.717612
vt 0.441535 0.734136
vt 0.431981 0.726615
vt 0.449703 0.730970
vt 0.414476 0.720972
vt 0.406861 0.723176
vt 0.481886 0.749343
vt 0.471576 0.747818
vt 0.489688 0.749229
vt 0.435745 0.741027
vt 0.453457 0.745064
vt 0.446038 0.744107
vt 0.469318 0.743092
vt 0.461285 0.744725
vt 0.451232 0.740129
vt 0.415908 0.730477
vt 0.433468 0.735949
vt 0.425605 0.736471
vt 0.508787 0.641485
vt 0.500000 0.652355
vt 0.519193 0.673243
vt 0.509221 0.663220
vt 0.528404 0.662210
vt 0.490779 0.663220
vt 0.480807 0.673243
vt 0.558361 0.706787
vt 0.548875 0.700045
vt 0.567994 0.696125
vt 0.509697 0.703996
vt 0.529304 0.702687
vt 0.519615 0.712007
vt 0.548452 0.680811
vt 0.538981 0.692207
vt 0.528884 0.683464
vt 0.451125 0.700045
vt 0.441639 0.706787
vt 0.471116 0.683464
vt 0.461019 0.692207
vt 0.480385 0.712007
vt 0.470696 0.702687
vt 0.490303 0.703996
vt 0.509697 0.684499
vt 0.500000 0.694830
vt 0.490303 0.684499
vt 0.618481 0.720141
vt 0.613277 0.722364
vt 0.627268 0.714711
vt 0.581858 0.735696
vt 0.597970 0.729467
vt 0.587847 0.734057
vt 0.616251 0.716503
vt 0.607191 0.723769
vt 0.601051 0.723834
vt 0.510312 0.749229
vt 0.528424 0.747818
vt 0.518114 0.749343
vt 0.548768 0.740129
vt 0.538715 0.744725
vt 0.530682 0.743092
vt 0.553962 0.744107
vt 0.546543 0.745064
vt 0.564255 0.741027
vt 0.586108 0.707320
vt 0.577298 0.717612
vt 0.568673 0.713160
vt 0.593139 0.723176
vt 0.585524 0.720972
vt 0.602414 0.714162
vt 0.550297 0.730970
vt 0.568019 0.726615
vt 0.558465 0.734136
vt 0.574395 0.736471
vt 0.566532 0.735949
vt 0.584092 0.730477
vt 0.450443 0.717134
vt 0.489675 0.721190
vt 0.470061 0.719836
vt 0.459748 0.726210
vt 0.469300 0.733783
vt 0.549557 0.717134
vt 0.530700 0.733783
vt 0.540252 0.726210
vt 0.529939 0.719836
vt 0.510325 0.721190
vt 0.500000 0.747761
vt 0.479625 0.740164
vt 0.489687 0.744713
vt 0.510313 0.744713
vt 0.520375 0.740164
vt 0.500000 0.729023
vt 0.510325 0.735405
vt 0.489675 0.735405
vt 0.386723 0.722364
vt 0.372732 0.714711
vt 0.418142 0.735696
vt 0.402030 0.729467
vt 0.383749 0.716503
vt 0.392809 0.723769
vt 0.398949 0.723834
vt 0.489688 0.749229
vt 0.471576 0.747818
vt 0.451232 0.740129
vt 0.461285 0.744725
vt 0.469318 0.743092
vt 0.453457 0.745064
vt 0.435745 0.741027
vt 0.413892 0.707320
vt 0.422702 0.717612
vt 0.431327 0.713160
vt 0.406861 0.723176
vt 0.414476 0.720972
vt 0.397586 0.714162
vt 0.449703 0.730970
vt 0.431981 0.726615
vt 0.441535 0.734136
vt 0.425605 0.736471
vt 0.433468 0.735949
vt 0.415908 0.730477
vt 0.627268 0.714711
vt 0.613277 0.722364
vt 0.601051 0.723834
vt 0.607191 0.723769
vt 0.616251 0.716503
vt 0.597970 0.729467
vt 0.581858 0.735696
vt 0.568673 0.713160
vt 0.577298 0.717612
vt 0.586108 0.707320
vt 0.558465 0.734136
vt 0.568019 0.726615
vt 0.550297 0.730970
vt 0.602414 0.714162
vt 0.585524 0.720972
vt 0.593139 0.723176
vt 0.528424 0.747818
vt 0.510312 0.749229
vt 0.564255 0.741027
vt 0.546543 0.745064
vt 0.530682 0.743092
vt 0.538715 0.744725
vt 0.548768 0.740129
vt 0.584092 0.730477
vt 0.566532 0.735949
vt 0.574395 0.736471
vt 0.491213 0.641485
vt 0.500000 0.652355
vt 0.508787 0.641485
vt 0.480807 0.673243
vt 0.490779 0.663220
vt 0.471596 0.662210
vt 0.528404 0.662210
vt 0.509221 0.663220
vt 0.519193 0.673243
vt 0.441639 0.706787
vt 0.451125 0.700045
vt 0.432006 0.696125
vt 0.490303 0.703996
vt 0.470696 0.702687
vt 0.480385 0.712007
vt 0.451548 0.680811
vt 0.461019 0.692207
vt 0.471116 0.683464
vt 0.567994 0.696125
vt 0.548875 0.700045
vt 0.558361 0.706787
vt 0.528884 0.683464
vt 0.538981 0.692207
vt 0.548452 0.680811
vt 0.519615 0.712007
vt 0.529304 0.702687
vt 0.509697 0.703996
vt 0.490303 0.684499
vt 0.500000 0.694830
vt 0.509697 0.684499
vt 0.500000 0.747761
vt 0.520375 0.740164
vt 0.510313 0.744713
vt 0.489687 0.744713
vt 0.479625 0.740164
vt 0.549557 0.717134
vt 0.510325 0.721190
vt 0.529939 0.719836
vt 0.540252 0.726210
vt 0.530700 0.733783
vt 0.450443 0.717134
vt 0.469300 0.733783
vt 0.459748 0.726210
vt 0.470061 0.719836
vt 0.489675 0.721190
vt 0.510325 0.735405
vt 0.500000 0.729023
vt 0.489675 0.735405
vt 0.362572 0.707437
vt 0.358515 0.705924
vt 0.373525 0.708121
vt 0.367402 0.708066
vt 0.337790 0.688099
vt 0.352482 0.698845
vt 0.342470 0.688928
vt 0.404329 0.696475
vt 0.395715 0.700933
vt 0.361289 0.684541
vt 0.378055 0.693286
vt 0.369375 0.681325
vt 0.387523 0.704315
vt 0.379921 0.706526
vt 0.303875 0.639326
vt 0.316634 0.652058
vt 0.309899 0.638113
vt 0.333186 0.677642
vt 0.324451 0.665334
vt 0.319189 0.665710
vt 0.337638 0.661710
vt 0.330641 0.663983
vt 0.345599 0.674845
vt 0.363550 0.698118
vt 0.354176 0.686944
vt 0.347860 0.688421
vt 0.485783 0.627268
vt 0.475848 0.637428
vt 0.443521 0.626475
vt 0.459673 0.632598
vt 0.454041 0.616251
vt 0.465372 0.647518
vt 0.455383 0.657530
vt 0.378572 0.595671
vt 0.393932 0.604285
vt 0.389983 0.586108
vt 0.404064 0.638711
vt 0.398660 0.621945
vt 0.387935 0.630625
vt 0.421603 0.602414
vt 0.409975 0.612477
vt 0.426325 0.620079
vt 0.424138 0.683366
vt 0.414641 0.690101
vt 0.444177 0.666814
vt 0.434067 0.675549
vt 0.400058 0.662362
vt 0.416770 0.669359
vt 0.410057 0.654401
vt 0.431952 0.636450
vt 0.420708 0.645824
vt 0.437945 0.652140
vt 0.285289 0.514217
vt 0.292563 0.524152
vt 0.294076 0.508787
vt 0.291879 0.556479
vt 0.291934 0.540327
vt 0.283497 0.545959
vt 0.311901 0.528404
vt 0.301155 0.534628
vt 0.311072 0.544617
vt 0.303525 0.621428
vt 0.299067 0.606068
vt 0.292680 0.610017
vt 0.315459 0.595936
vt 0.306714 0.601340
vt 0.318675 0.612065
vt 0.285838 0.578397
vt 0.295685 0.590025
vt 0.293474 0.573675
vt 0.360674 0.567994
vt 0.347942 0.575862
vt 0.361887 0.585359
vt 0.322358 0.555823
vt 0.334666 0.565933
vt 0.334290 0.548452
vt 0.338290 0.599942
vt 0.336017 0.583230
vt 0.325155 0.589943
vt 0.301882 0.568048
vt 0.313056 0.579292
vt 0.311579 0.562055
vt 0.396432 0.683753
vt 0.382271 0.654810
vt 0.389011 0.669744
vt 0.378698 0.676118
vt 0.361895 0.667403
vt 0.365804 0.603568
vt 0.342922 0.617729
vt 0.353821 0.610989
vt 0.370507 0.621302
vt 0.375890 0.638105
vt 0.316247 0.634196
vt 0.345190 0.657078
vt 0.330256 0.646179
vt 0.323882 0.629493
vt 0.332597 0.624110
vt 0.364838 0.645488
vt 0.348131 0.635162
vt 0.354512 0.651869
vt 0.347645 0.698212
vt 0.326757 0.679217
vt 0.336780 0.689141
vt 0.336780 0.689141
vt 0.326757 0.679217
vt 0.293213 0.627801
vt 0.299955 0.641750
vt 0.296004 0.644193
vt 0.297313 0.643385
vt 0.287993 0.631028
vt 0.307793 0.655039
vt 0.316536 0.667352
vt 0.299955 0.641750
vt 0.293213 0.627801
vt 0.316536 0.667352
vt 0.307793 0.655039
vt 0.287993 0.631028
vt 0.297313 0.643385
vt 0.296004 0.644193
vt 0.315501 0.668422
vt 0.305170 0.656657
vt 0.315501 0.668422
vt 0.279859 0.500000
vt 0.277636 0.514926
vt 0.264304 0.515713
vt 0.270533 0.515702
vt 0.265943 0.500000
vt 0.276231 0.530622
vt 0.276166 0.546768
vt 0.250771 0.516685
vt 0.252182 0.516679
vt 0.250657 0.500000
vt 0.259871 0.549595
vt 0.255275 0.533328
vt 0.256908 0.549645
vt 0.255893 0.500000
vt 0.254936 0.516657
vt 0.258973 0.516649
vt 0.282388 0.595760
vt 0.286840 0.611116
vt 0.276824 0.563385
vt 0.279028 0.579730
vt 0.269030 0.581382
vt 0.273385 0.580742
vt 0.265864 0.565285
vt 0.263529 0.532359
vt 0.264051 0.549005
vt 0.269523 0.548049
vt 0.277636 0.514926
vt 0.279859 0.500000
vt 0.276166 0.546768
vt 0.276231 0.530622
vt 0.265943 0.500000
vt 0.270533 0.515702
vt 0.264304 0.515713
vt 0.286840 0.611116
vt 0.282388 0.595760
vt 0.265864 0.565285
vt 0.273385 0.580742
vt 0.269030 0.581382
vt 0.279028 0.579730
vt 0.276824 0.563385
vt 0.250657 0.500000
vt 0.252182 0.516679
vt 0.250771 0.516685
vt 0.258973 0.516649
vt 0.254936 0.516657
vt 0.255893 0.500000
vt 0.256908 0.549645
vt 0.255275 0.533328
vt 0.259871 0.549595
vt 0.269523 0.548049
vt 0.264051 0.549005
vt 0.263529 0.532359
vt 0.282866 0.613565
vt 0.266217 0.583085
vt 0.273790 0.598534
vt 0.280164 0.615220
vt 0.278810 0.616053
vt 0.252239 0.533381
vt 0.259836 0.566380
vt 0.255287 0.550092
vt 0.255287 0.550092
vt 0.259836 0.566380
vt 0.282866 0.613565
vt 0.278810 0.616053
vt 0.280164 0.615220
vt 0.273790 0.598534
vt 0.266217 0.583085
vt 0.264595 0.583535
vt 0.264595 0.583535
vt 0.270977 0.600242
vt 0.637428 0.707437
vt 0.641485 0.705924
vt 0.626475 0.708121
vt 0.632598 0.708066
vt 0.662210 0.688099
vt 0.647518 0.698845
vt 0.657530 0.688928
vt 0.595671 0.696475
vt 0.604285 0.700933
vt 0.638711 0.684541
vt 0.621945 0.693286
vt 0.630625 0.681325
vt 0.612477 0.704315
vt 0.620079 0.706526
vt 0.696125 0.639326
vt 0.683366 0.652058
vt 0.690101 0.638113
vt 0.666814 0.677642
vt 0.675549 0.665334
vt 0.680811 0.665710
vt 0.662362 0.661710
vt 0.669359 0.663983
vt 0.654401 0.674845
vt 0.636450 0.698118
vt 0.645824 0.686944
vt 0.652140 0.688421
vt 0.514217 0.627268
vt 0.524152 0.637428
vt 0.556479 0.626475
vt 0.540327 0.632598
vt 0.545959 0.616251
vt 0.534628 0.647518
vt 0.544617 0.657530
vt 0.621428 0.595671
vt 0.606068 0.604285
vt 0.610017 0.586108
vt 0.595936 0.638711
vt 0.601340 0.621945
vt 0.612065 0.630625
vt 0.578397 0.602414
vt 0.590025 0.612477
vt 0.573675 0.620079
vt 0.575862 0.683366
vt 0.585359 0.690101
vt 0.555823 0.666814
vt 0.565933 0.675549
vt 0.599942 0.662362
vt 0.583230 0.669359
vt 0.589943 0.654401
vt 0.568048 0.636450
vt 0.579292 0.645824
vt 0.562055 0.652140
vt 0.714711 0.514217
vt 0.707437 0.524152
vt 0.705924 0.508787
vt 0.708121 0.556479
vt 0.708066 0.540327
vt 0.716503 0.545959
vt 0.688099 0.528404
vt 0.698845 0.534628
vt 0.688928 0.544617
vt 0.696475 0.621428
vt 0.700933 0.606068
vt 0.707320 0.610017
vt 0.684541 0.595936
vt 0.693286 0.601340
vt 0.681325 0.612065
vt 0.714162 0.578397
vt 0.704315 0.590025
vt 0.706526 0.573675
vt 0.639326 0.567994
vt 0.652058 0.575862
vt 0.638113 0.585359
vt 0.677642 0.555823
vt 0.665334 0.565933
vt 0.665710 0.548452
vt 0.661710 0.599942
vt 0.663983 0.583230
vt 0.674845 0.589943
vt 0.698118 0.568048
vt 0.686944 0.579292
vt 0.688421 0.562055
vt 0.603568 0.683753
vt 0.617729 0.654810
vt 0.610989 0.669744
vt 0.621302 0.676118
vt 0.638105 0.667403
vt 0.634196 0.603568
vt 0.657078 0.617729
vt 0.646179 0.610989
vt 0.629493 0.621302
vt 0.624110 0.638105
vt 0.683753 0.634196
vt 0.654810 0.657078
vt 0.669744 0.646179
vt 0.676118 0.629493
vt 0.667403 0.624110
vt 0.635162 0.645488
vt 0.651869 0.635162
vt 0.645488 0.651869
vt 0.485074 0.613277
vt 0.500000 0.618481
vt 0.453232 0.601051
vt 0.469378 0.607191
vt 0.500000 0.587847
vt 0.484298 0.597970
vt 0.484287 0.581858
vt 0.388884 0.568673
vt 0.404240 0.577298
vt 0.434715 0.558465
vt 0.419258 0.568019
vt 0.418618 0.550297
vt 0.420270 0.585524
vt 0.436615 0.593139
vt 0.500000 0.518114
vt 0.483321 0.528424
vt 0.483315 0.510312
vt 0.483351 0.564255
vt 0.483343 0.546543
vt 0.500000 0.553962
vt 0.450355 0.530682
vt 0.466672 0.538715
vt 0.450405 0.548768
vt 0.451951 0.584092
vt 0.450995 0.566532
vt 0.467641 0.574395
vt 0.294076 0.491213
vt 0.301788 0.500000
vt 0.320783 0.480807
vt 0.310859 0.490779
vt 0.311901 0.471596
vt 0.310859 0.509221
vt 0.320783 0.519193
vt 0.372199 0.441639
vt 0.358250 0.451125
vt 0.360674 0.432006
vt 0.355807 0.490303
vt 0.356615 0.470696
vt 0.368972 0.480385
vt 0.334290 0.451548
vt 0.344961 0.461019
vt 0.332648 0.471116
vt 0.358250 0.548875
vt 0.372199 0.558361
vt 0.332648 0.528884
vt 0.344961 0.538981
vt 0.368972 0.519615
vt 0.356615 0.529304
vt 0.355807 0.509697
vt 0.331578 0.490303
vt 0.343343 0.500000
vt 0.331578 0.509697
vt 0.500000 0.381519
vt 0.485074 0.386723
vt 0.485783 0.372732
vt 0.484287 0.418142
vt 0.484298 0.402030
vt 0.500000 0.412153
vt 0.454041 0.383749
vt 0.469378 0.392809
vt 0.453232 0.398949
vt 0.483315 0.489688
vt 0.483321 0.471576
vt 0.500000 0.481886
vt 0.450405 0.451232
vt 0.466672 0.461285
vt 0.450355 0.469318
vt 0.500000 0.446038
vt 0.483343 0.453457
vt 0.483351 0.435745
vt 0.389983 0.413892
vt 0.404240 0.422702
vt 0.388884 0.431327
vt 0.436615 0.406861
vt 0.420270 0.414476
vt 0.421603 0.397586
vt 0.418618 0.449703
vt 0.419258 0.431981
vt 0.434715 0.441535
vt 0.467641 0.425605
vt 0.450995 0.433468
vt 0.451951 0.415908
vt 0.386435 0.549557
vt 0.383947 0.510325
vt 0.384780 0.529939
vt 0.401466 0.540252
vt 0.416915 0.530700
vt 0.386435 0.450443
vt 0.416915 0.469300
vt 0.401466 0.459748
vt 0.384780 0.470061
vt 0.383947 0.489675
vt 0.466619 0.500000
vt 0.433620 0.520375
vt 0.449908 0.510313
vt 0.449908 0.489687
vt 0.433620 0.479625
vt 0.399758 0.500000
vt 0.416465 0.489675
vt 0.416465 0.510325
vt 0.277636 0.485074
vt 0.285289 0.485783
vt 0.264304 0.484287
vt 0.270533 0.484298
vt 0.283497 0.454041
vt 0.276231 0.469378
vt 0.276166 0.453232
vt 0.250771 0.483315
vt 0.252182 0.483321
vt 0.259871 0.450405
vt 0.255275 0.466672
vt 0.256908 0.450355
vt 0.254936 0.483343
vt 0.258973 0.483351
vt 0.292680 0.389983
vt 0.282388 0.404240
vt 0.286840 0.388884
vt 0.276824 0.436615
vt 0.279028 0.420270
vt 0.285838 0.421603
vt 0.269030 0.418618
vt 0.273385 0.419258
vt 0.265864 0.434715
vt 0.263529 0.467641
vt 0.264051 0.450995
vt 0.269523 0.451951
vt 0.285289 0.485783
vt 0.277636 0.485074
vt 0.276166 0.453232
vt 0.276231 0.469378
vt 0.283497 0.454041
vt 0.270533 0.484298
vt 0.264304 0.484287
vt 0.286840 0.388884
vt 0.282388 0.404240
vt 0.292680 0.389983
vt 0.265864 0.434715
vt 0.273385 0.419258
vt 0.269030 0.418618
vt 0.285838 0.421603
vt 0.279028 0.420270
vt 0.276824 0.436615
vt 0.252182 0.483321
vt 0.250771 0.483315
vt 0.258973 0.483351
vt 0.254936 0.483343
vt 0.256908 0.450355
vt 0.255275 0.466672
vt 0.259871 0.450405
vt 0.269523 0.451951
vt 0.264051 0.450995
vt 0.263529 0.467641
vt 0.358515 0.294076
vt 0.347645 0.301788
vt 0.358515 0.294076
vt 0.326757 0.320783
vt 0.336780 0.310859
vt 0.337790 0.311901
vt 0.337790 0.311901
vt 0.336780 0.310859
vt 0.326757 0.320783
vt 0.293213 0.372199
vt 0.299955 0.358250
vt 0.303875 0.360674
vt 0.296004 0.355807
vt 0.297313 0.356615
vt 0.287993 0.368972
vt 0.319189 0.334290
vt 0.307793 0.344961
vt 0.316536 0.332648
vt 0.303875 0.360674
vt 0.299955 0.358250
vt 0.293213 0.372199
vt 0.316536 0.332648
vt 0.307793 0.344961
vt 0.319189 0.334290
vt 0.287993 0.368972
vt 0.297313 0.356615
vt 0.296004 0.355807
vt 0.315501 0.331578
vt 0.305170 0.343343
vt 0.315501 0.331578
vt 0.252239 0.466619
vt 0.259836 0.433620
vt 0.255287 0.449908
vt 0.255287 0.449908
vt 0.259836 0.433620
vt 0.282866 0.386435
vt 0.278810 0.383947
vt 0.280164 0.384780
vt 0.273790 0.401466
vt 0.266217 0.416915
vt 0.282866 0.386435
vt 0.266217 0.416915
vt 0.273790 0.401466
vt 0.280164 0.384780
vt 0.278810 0.383947
vt 0.264595 0.416465
vt 0.270977 0.399758
vt 0.264595 0.416465
vt 0.301788 0.500000
vt 0.294076 0.491213
vt 0.320783 0.519193
vt 0.310859 0.509221
vt 0.311901 0.471596
vt 0.310859 0.490779
vt 0.320783 0.480807
vt 0.372199 0.558361
vt 0.358250 0.548875
vt 0.355807 0.509697
vt 0.356615 0.529304
vt 0.368972 0.519615
vt 0.344961 0.538981
vt 0.332648 0.528884
vt 0.360674 0.432006
vt 0.358250 0.451125
vt 0.372199 0.441639
vt 0.332648 0.471116
vt 0.344961 0.461019
vt 0.334290 0.451548
vt 0.368972 0.480385
vt 0.356615 0.470696
vt 0.355807 0.490303
vt 0.331578 0.509697
vt 0.343343 0.500000
vt 0.331578 0.490303
vt 0.500000 0.618481
vt 0.485074 0.613277
vt 0.484287 0.581858
vt 0.484298 0.597970
vt 0.500000 0.587847
vt 0.469378 0.607191
vt 0.453232 0.601051
vt 0.483315 0.510312
vt 0.483321 0.528424
vt 0.500000 0.518114
vt 0.450405 0.548768
vt 0.466672 0.538715
vt 0.450355 0.530682
vt 0.500000 0.553962
vt 0.483343 0.546543
vt 0.483351 0.564255
vt 0.404240 0.577298
vt 0.388884 0.568673
vt 0.436615 0.593139
vt 0.420270 0.585524
vt 0.418618 0.550297
vt 0.419258 0.568019
vt 0.434715 0.558465
vt 0.467641 0.574395
vt 0.450995 0.566532
vt 0.451951 0.584092
vt 0.485783 0.372732
vt 0.485074 0.386723
vt 0.500000 0.381519
vt 0.453232 0.398949
vt 0.469378 0.392809
vt 0.454041 0.383749
vt 0.500000 0.412153
vt 0.484298 0.402030
vt 0.484287 0.418142
vt 0.388884 0.431327
vt 0.404240 0.422702
vt 0.389983 0.413892
vt 0.434715 0.441535
vt 0.419258 0.431981
vt 0.418618 0.449703
vt 0.421603 0.397586
vt 0.420270 0.414476
vt 0.436615 0.406861
vt 0.500000 0.481886
vt 0.483321 0.471576
vt 0.483315 0.489688
vt 0.483351 0.435745
vt 0.483343 0.453457
vt 0.500000 0.446038
vt 0.450355 0.469318
vt 0.466672 0.461285
vt 0.450405 0.451232
vt 0.451951 0.415908
vt 0.450995 0.433468
vt 0.467641 0.425605
vt 0.386435 0.549557
vt 0.416915 0.530700
vt 0.401466 0.540252
vt 0.384780 0.529939
vt 0.383947 0.510325
vt 0.466619 0.500000
vt 0.433620 0.479625
vt 0.449908 0.489687
vt 0.449908 0.510313
vt 0.433620 0.520375
vt 0.386435 0.450443
vt 0.383947 0.489675
vt 0.384780 0.470061
vt 0.401466 0.459748
vt 0.416915 0.469300
vt 0.416465 0.510325
vt 0.416465 0.489675
vt 0.399758 0.500000
vt 0.524152 0.637428
vt 0.514217 0.627268
vt 0.544617 0.657530
vt 0.534628 0.647518
vt 0.545959 0.616251
vt 0.540327 0.632598
vt 0.556479 0.626475
vt 0.585359 0.690101
vt 0.575862 0.683366
vt 0.589943 0.654401
vt 0.583230 0.669359
vt 0.599942 0.662362
vt 0.565933 0.675549
vt 0.555823 0.666814
vt 0.610017 0.586108
vt 0.606068 0.604285
vt 0.621428 0.595671
vt 0.573675 0.620079
vt 0.590025 0.612477
vt 0.578397 0.602414
vt 0.612065 0.630625
vt 0.601340 0.621945
vt 0.595936 0.638711
vt 0.562055 0.652140
vt 0.579292 0.645824
vt 0.568048 0.636450
vt 0.641485 0.705924
vt 0.637428 0.707437
vt 0.657530 0.688928
vt 0.647518 0.698845
vt 0.662210 0.688099
vt 0.632598 0.708066
vt 0.626475 0.708121
vt 0.690101 0.638113
vt 0.683366 0.652058
vt 0.696125 0.639326
vt 0.654401 0.674845
vt 0.669359 0.663983
vt 0.662362 0.661710
vt 0.680811 0.665710
vt 0.675549 0.665334
vt 0.666814 0.677642
vt 0.604285 0.700933
vt 0.595671 0.696475
vt 0.620079 0.706526
vt 0.612477 0.704315
vt 0.630625 0.681325
vt 0.621945 0.693286
vt 0.638711 0.684541
vt 0.652140 0.688421
vt 0.645824 0.686944
vt 0.636450 0.698118
vt 0.705924 0.508787
vt 0.707437 0.524152
vt 0.714711 0.514217
vt 0.688928 0.544617
vt 0.698845 0.534628
vt 0.688099 0.528404
vt 0.716503 0.545959
vt 0.708066 0.540327
vt 0.708121 0.556479
vt 0.638113 0.585359
vt 0.652058 0.575862
vt 0.639326 0.567994
vt 0.674845 0.589943
vt 0.663983 0.583230
vt 0.661710 0.599942
vt 0.665710 0.548452
vt 0.665334 0.565933
vt 0.677642 0.555823
vt 0.707320 0.610017
vt 0.700933 0.606068
vt 0.696475 0.621428
vt 0.706526 0.573675
vt 0.704315 0.590025
vt 0.714162 0.578397
vt 0.681325 0.612065
vt 0.693286 0.601340
vt 0.684541 0.595936
vt 0.688421 0.562055
vt 0.686944 0.579292
vt 0.698118 0.568048
vt 0.603568 0.683753
vt 0.638105 0.667403
vt 0.621302 0.676118
vt 0.610989 0.669744
vt 0.617729 0.654810
vt 0.683753 0.634196
vt 0.667403 0.624110
vt 0.676118 0.629493
vt 0.669744 0.646179
vt 0.654810 0.657078
vt 0.634196 0.603568
vt 0.624110 0.638105
vt 0.629493 0.621302
vt 0.646179 0.610989
vt 0.657078 0.617729
vt 0.645488 0.651869
vt 0.651869 0.635162
vt 0.635162 0.645488
vt 0.641485 0.294076
vt 0.637428 0.292563
vt 0.627268 0.285289
vt 0.657530 0.311072
vt 0.647518 0.301155
vt 0.662210 0.311901
vt 0.616251 0.283497
vt 0.632598 0.291934
vt 0.626475 0.291879
vt 0.690101 0.361887
vt 0.683366 0.347942
vt 0.696125 0.360674
vt 0.654401 0.325155
vt 0.669359 0.336017
vt 0.662362 0.338290
vt 0.680811 0.334290
vt 0.675549 0.334666
vt 0.666814 0.322358
vt 0.586108 0.292680
vt 0.604285 0.299067
vt 0.595671 0.303525
vt 0.620079 0.293474
vt 0.612477 0.295685
vt 0.602414 0.285838
vt 0.630625 0.318675
vt 0.621945 0.306714
vt 0.638711 0.315459
vt 0.652140 0.311579
vt 0.645824 0.313056
vt 0.636450 0.301882
vt 0.705924 0.491213
vt 0.707437 0.475848
vt 0.714711 0.485783
vt 0.688928 0.455383
vt 0.698845 0.465372
vt 0.688099 0.471596
vt 0.716503 0.454041
vt 0.708066 0.459673
vt 0.708121 0.443521
vt 0.638113 0.414641
vt 0.652058 0.424138
vt 0.639326 0.432006
vt 0.674845 0.410057
vt 0.663983 0.416770
vt 0.661710 0.400058
vt 0.665710 0.451548
vt 0.665334 0.434067
vt 0.677642 0.444177
vt 0.707320 0.389983
vt 0.700933 0.393932
vt 0.696475 0.378572
vt 0.706526 0.426325
vt 0.704315 0.409975
vt 0.714162 0.421603
vt 0.681325 0.387935
vt 0.693286 0.398660
vt 0.684541 0.404064
vt 0.688421 0.437945
vt 0.686944 0.420708
vt 0.698118 0.431952
vt 0.508787 0.358515
vt 0.524152 0.362572
vt 0.514217 0.372732
vt 0.544617 0.342470
vt 0.534628 0.352482
vt 0.528404 0.337790
vt 0.545959 0.383749
vt 0.540327 0.367402
vt 0.556479 0.373525
vt 0.585359 0.309899
vt 0.575862 0.316634
vt 0.567994 0.303875
vt 0.589943 0.345599
vt 0.583230 0.330641
vt 0.599942 0.337638
vt 0.548452 0.319189
vt 0.565933 0.324451
vt 0.555823 0.333186
vt 0.610017 0.413892
vt 0.606068 0.395715
vt 0.621428 0.404329
vt 0.573675 0.379921
vt 0.590025 0.387523
vt 0.578397 0.397586
vt 0.612065 0.369375
vt 0.601340 0.378055
vt 0.595936 0.361289
vt 0.562055 0.347860
vt 0.579292 0.354176
vt 0.568048 0.363550
vt 0.683753 0.365804
vt 0.667403 0.375890
vt 0.676118 0.370507
vt 0.669744 0.353821
vt 0.654810 0.342922
vt 0.634196 0.396432
vt 0.624110 0.361895
vt 0.629493 0.378698
vt 0.646179 0.389011
vt 0.657078 0.382271
vt 0.603568 0.316247
vt 0.638105 0.332597
vt 0.621302 0.323882
vt 0.610989 0.330256
vt 0.617729 0.345190
vt 0.651869 0.364838
vt 0.635162 0.354512
vt 0.645488 0.348131
vt 0.613277 0.277636
vt 0.618481 0.279859
vt 0.601051 0.276166
vt 0.607191 0.276231
vt 0.587847 0.265943
vt 0.597970 0.270533
vt 0.581858 0.264304
vt 0.568673 0.286840
vt 0.577298 0.282388
vt 0.558465 0.265864
vt 0.568019 0.273385
vt 0.550297 0.269030
vt 0.585524 0.279028
vt 0.593139 0.276824
vt 0.518114 0.250657
vt 0.528424 0.252182
vt 0.510312 0.250771
vt 0.564255 0.258973
vt 0.546543 0.254936
vt 0.553962 0.255893
vt 0.530682 0.256908
vt 0.538715 0.255275
vt 0.548768 0.259871
vt 0.584092 0.269523
vt 0.566532 0.264051
vt 0.574395 0.263529
vt 0.491213 0.358515
vt 0.500000 0.347645
vt 0.480807 0.326757
vt 0.490779 0.336780
vt 0.471596 0.337790
vt 0.509221 0.336780
vt 0.519193 0.326757
vt 0.441639 0.293213
vt 0.451125 0.299955
vt 0.432006 0.303875
vt 0.490303 0.296004
vt 0.470696 0.297313
vt 0.480385 0.287993
vt 0.451548 0.319189
vt 0.461019 0.307793
vt 0.471116 0.316536
vt 0.548875 0.299955
vt 0.558361 0.293213
vt 0.528884 0.316536
vt 0.538981 0.307793
vt 0.519615 0.287993
vt 0.529304 0.297313
vt 0.509697 0.296004
vt 0.490303 0.315501
vt 0.500000 0.305170
vt 0.509697 0.315501
vt 0.381519 0.279859
vt 0.386723 0.277636
vt 0.372732 0.285289
vt 0.418142 0.264304
vt 0.402030 0.270533
vt 0.412153 0.265943
vt 0.383749 0.283497
vt 0.392809 0.276231
vt 0.398949 0.276166
vt 0.489688 0.250771
vt 0.471576 0.252182
vt 0.481886 0.250657
vt 0.451232 0.259871
vt 0.461285 0.255275
vt 0.469318 0.256908
vt 0.446038 0.255893
vt 0.453457 0.254936
vt 0.435745 0.258973
vt 0.413892 0.292680
vt 0.422702 0.282388
vt 0.431327 0.286840
vt 0.406861 0.276824
vt 0.414476 0.279028
vt 0.397586 0.285838
vt 0.449703 0.269030
vt 0.431981 0.273385
vt 0.441535 0.265864
vt 0.425605 0.263529
vt 0.433468 0.264051
vt 0.415908 0.269523
vt 0.549557 0.282866
vt 0.510325 0.278810
vt 0.529939 0.280164
vt 0.540252 0.273790
vt 0.530700 0.266217
vt 0.450443 0.282866
vt 0.469300 0.266217
vt 0.459748 0.273790
vt 0.470061 0.280164
vt 0.489675 0.278810
vt 0.500000 0.252239
vt 0.520375 0.259836
vt 0.510313 0.255287
vt 0.489687 0.255287
vt 0.479625 0.259836
vt 0.500000 0.270977
vt 0.489675 0.264595
vt 0.510325 0.264595
vt 0.613277 0.277636
vt 0.627268 0.285289
vt 0.581858 0.264304
vt 0.597970 0.270533
vt 0.616251 0.283497
vt 0.607191 0.276231
vt 0.601051 0.276166
vt 0.510312 0.250771
vt 0.528424 0.252182
vt 0.548768 0.259871
vt 0.538715 0.255275
vt 0.530682 0.256908
vt 0.546543 0.254936
vt 0.564255 0.258973
vt 0.586108 0.292680
vt 0.577298 0.282388
vt 0.568673 0.286840
vt 0.593139 0.276824
vt 0.585524 0.279028
vt 0.602414 0.285838
vt 0.550297 0.269030
vt 0.568019 0.273385
vt 0.558465 0.265864
vt 0.574395 0.263529
vt 0.566532 0.264051
vt 0.584092 0.269523
vt 0.372732 0.285289
vt 0.386723 0.277636
vt 0.398949 0.276166
vt 0.392809 0.276231
vt 0.383749 0.283497
vt 0.402030 0.270533
vt 0.418142 0.264304
vt 0.431327 0.286840
vt 0.422702 0.282388
vt 0.413892 0.292680
vt 0.441535 0.265864
vt 0.431981 0.273385
vt 0.449703 0.269030
vt 0.397586 0.285838
vt 0.414476 0.279028
vt 0.406861 0.276824
vt 0.471576 0.252182
vt 0.489688 0.250771
vt 0.435745 0.258973
vt 0.453457 0.254936
vt 0.469318 0.256908
vt 0.461285 0.255275
vt 0.451232 0.259871
vt 0.415908 0.269523
vt 0.433468 0.264051
vt 0.425605 0.263529
vt 0.508787 0.358515
vt 0.500000 0.347645
vt 0.491213 0.358515
vt 0.519193 0.326757
vt 0.509221 0.336780
vt 0.528404 0.337790
vt 0.471596 0.337790
vt 0.490779 0.336780
vt 0.480807 0.326757
vt 0.558361 0.293213
vt 0.548875 0.299955
vt 0.567994 0.303875
vt 0.509697 0.296004
vt 0.529304 0.297313
vt 0.519615 0.287993
vt 0.548452 0.319189
vt 0.538981 0.307793
vt 0.528884 0.316536
vt 0.432006 0.303875
vt 0.451125 0.299955
vt 0.441639 0.293213
vt 0.471116 0.316536
vt 0.461019 0.307793
vt 0.451548 0.319189
vt 0.480385 0.287993
vt 0.470696 0.297313
vt 0.490303 0.296004
vt 0.509697 0.315501
vt 0.500000 0.305170
vt 0.490303 0.315501
vt 0.500000 0.252239
vt 0.479625 0.259836
vt 0.489687 0.255287
vt 0.510313 0.255287
vt 0.520375 0.259836
vt 0.450443 0.282866
vt 0.489675 0.278810
vt 0.470061 0.280164
vt 0.459748 0.273790
vt 0.469300 0.266217
vt 0.549557 0.282866
vt 0.530700 0.266217
vt 0.540252 0.273790
vt 0.529939 0.280164
vt 0.510325 0.278810
vt 0.489675 0.264595
vt 0.500000 0.270977
vt 0.510325 0.264595
vt 0.637428 0.292563
vt 0.641485 0.294076
vt 0.626475 0.291879
vt 0.632598 0.291934
vt 0.662210 0.311901
vt 0.647518 0.301155
vt 0.657530 0.311072
vt 0.595671 0.303525
vt 0.604285 0.299067
vt 0.638711 0.315459
vt 0.621945 0.306714
vt 0.630625 0.318675
vt 0.612477 0.295685
vt 0.620079 0.293474
vt 0.696125 0.360674
vt 0.683366 0.347942
vt 0.690101 0.361887
vt 0.666814 0.322358
vt 0.675549 0.334666
vt 0.680811 0.334290
vt 0.662362 0.338290
vt 0.669359 0.336017
vt 0.654401 0.325155
vt 0.636450 0.301882
vt 0.645824 0.313056
vt 0.652140 0.311579
vt 0.514217 0.372732
vt 0.524152 0.362572
vt 0.556479 0.373525
vt 0.540327 0.367402
vt 0.545959 0.383749
vt 0.534628 0.352482
vt 0.544617 0.342470
vt 0.621428 0.404329
vt 0.606068 0.395715
vt 0.610017 0.413892
vt 0.595936 0.361289
vt 0.601340 0.378055
vt 0.612065 0.369375
vt 0.578397 0.397586
vt 0.590025 0.387523
vt 0.573675 0.379921
vt 0.575862 0.316634
vt 0.585359 0.309899
vt 0.555823 0.333186
vt 0.565933 0.324451
vt 0.599942 0.337638
vt 0.583230 0.330641
vt 0.589943 0.345599
vt 0.568048 0.363550
vt 0.579292 0.354176
vt 0.562055 0.347860
vt 0.714711 0.485783
vt 0.707437 0.475848
vt 0.705924 0.491213
vt 0.708121 0.443521
vt 0.708066 0.459673
vt 0.716503 0.454041
vt 0.688099 0.471596
vt 0.698845 0.465372
vt 0.688928 0.455383
vt 0.696475 0.378572
vt 0.700933 0.393932
vt 0.707320 0.389983
vt 0.684541 0.404064
vt 0.693286 0.398660
vt 0.681325 0.387935
vt 0.714162 0.421603
vt 0.704315 0.409975
vt 0.706526 0.426325
vt 0.639326 0.432006
vt 0.652058 0.424138
vt 0.638113 0.414641
vt 0.677642 0.444177
vt 0.665334 0.434067
vt 0.665710 0.451548
vt 0.661710 0.400058
vt 0.663983 0.416770
vt 0.674845 0.410057
vt 0.698118 0.431952
vt 0.686944 0.420708
vt 0.688421 0.437945
vt 0.603568 0.316247
vt 0.617729 0.345190
vt 0.610989 0.330256
vt 0.621302 0.323882
vt 0.638105 0.332597
vt 0.634196 0.396432
vt 0.657078 0.382271
vt 0.646179 0.389011
vt 0.629493 0.378698
vt 0.624110 0.361895
vt 0.683753 0.365804
vt 0.654810 0.342922
vt 0.669744 0.353821
vt 0.676118 0.370507
vt 0.667403 0.375890
vt 0.635162 0.354512
vt 0.651869 0.364838
vt 0.645488 0.348131
vt 0.652355 0.301788
vt 0.673243 0.320783
vt 0.663220 0.310859
vt 0.663220 0.310859
vt 0.673243 0.320783
vt 0.706787 0.372199
vt 0.700045 0.358250
vt 0.703996 0.355807
vt 0.702687 0.356615
vt 0.712007 0.368972
vt 0.692207 0.344961
vt 0.683464 0.332648
vt 0.700045 0.358250
vt 0.706787 0.372199
vt 0.683464 0.332648
vt 0.692207 0.344961
vt 0.712007 0.368972
vt 0.702687 0.356615
vt 0.703996 0.355807
vt 0.684499 0.331578
vt 0.694830 0.343343
vt 0.684499 0.331578
vt 0.720141 0.500000
vt 0.722364 0.485074
vt 0.735696 0.484287
vt 0.729467 0.484298
vt 0.734057 0.500000
vt 0.723769 0.469378
vt 0.723834 0.453232
vt 0.749229 0.483315
vt 0.747818 0.483321
vt 0.749343 0.500000
vt 0.740129 0.450405
vt 0.744725 0.466672
vt 0.743092 0.450355
vt 0.744107 0.500000
vt 0.745064 0.483343
vt 0.741027 0.483351
vt 0.717612 0.404240
vt 0.713160 0.388884
vt 0.723176 0.436615
vt 0.720972 0.420270
vt 0.730970 0.418618
vt 0.726615 0.419258
vt 0.734136 0.434715
vt 0.736471 0.467641
vt 0.735949 0.450995
vt 0.730477 0.451951
vt 0.722364 0.485074
vt 0.720141 0.500000
vt 0.723834 0.453232
vt 0.723769 0.469378
vt 0.734057 0.500000
vt 0.729467 0.484298
vt 0.735696 0.484287
vt 0.713160 0.388884
vt 0.717612 0.404240
vt 0.734136 0.434715
vt 0.726615 0.419258
vt 0.730970 0.418618
vt 0.720972 0.420270
vt 0.723176 0.436615
vt 0.749343 0.500000
vt 0.747818 0.483321
vt 0.749229 0.483315
vt 0.741027 0.483351
vt 0.745064 0.483343
vt 0.744107 0.500000
vt 0.743092 0.450355
vt 0.744725 0.466672
vt 0.740129 0.450405
vt 0.730477 0.451951
vt 0.735949 0.450995
vt 0.736471 0.467641
vt 0.717134 0.386435
vt 0.733783 0.416915
vt 0.726210 0.401466
vt 0.719836 0.384780
vt 0.721190 0.383947
vt 0.747761 0.466619
vt 0.740164 0.433620
vt 0.744713 0.449908
vt 0.744713 0.449908
vt 0.740164 0.433620
vt 0.717134 0.386435
vt 0.721190 0.383947
vt 0.719836 0.384780
vt 0.726210 0.401466
vt 0.733783 0.416915
vt 0.735405 0.416465
vt 0.735405 0.416465
vt 0.729023 0.399758
vt 0.514926 0.386723
vt 0.546768 0.398949
vt 0.530622 0.392809
vt 0.515702 0.402030
vt 0.515713 0.418142
vt 0.611116 0.431327
vt 0.595760 0.422702
vt 0.565285 0.441535
vt 0.580742 0.431981
vt 0.581382 0.449703
vt 0.579730 0.414476
vt 0.563385 0.406861
vt 0.516679 0.471576
vt 0.516685 0.489688
vt 0.516649 0.435745
vt 0.516657 0.453457
vt 0.549645 0.469318
vt 0.533328 0.461285
vt 0.549595 0.451232
vt 0.548049 0.415908
vt 0.549005 0.433468
vt 0.532359 0.425605
vt 0.698212 0.500000
vt 0.679217 0.519193
vt 0.689141 0.509221
vt 0.689141 0.490779
vt 0.679217 0.480807
vt 0.627801 0.558361
vt 0.641750 0.548875
vt 0.644193 0.509697
vt 0.643385 0.529304
vt 0.631028 0.519615
vt 0.655039 0.538981
vt 0.667352 0.528884
vt 0.641750 0.451125
vt 0.627801 0.441639
vt 0.667352 0.471116
vt 0.655039 0.461019
vt 0.631028 0.480385
vt 0.643385 0.470696
vt 0.644193 0.490303
vt 0.668422 0.509697
vt 0.656657 0.500000
vt 0.668422 0.490303
vt 0.514926 0.613277
vt 0.515713 0.581858
vt 0.515702 0.597970
vt 0.530622 0.607191
vt 0.546768 0.601051
vt 0.516685 0.510312
vt 0.516679 0.528424
vt 0.549595 0.548768
vt 0.533328 0.538715
vt 0.549645 0.530682
vt 0.516657 0.546543
vt 0.516649 0.564255
vt 0.595760 0.577298
vt 0.611116 0.568673
vt 0.563385 0.593139
vt 0.579730 0.585524
vt 0.581382 0.550297
vt 0.580742 0.568019
vt 0.565285 0.558465
vt 0.532359 0.574395
vt 0.549005 0.566532
vt 0.548049 0.584092
vt 0.613565 0.450443
vt 0.616053 0.489675
vt 0.615220 0.470061
vt 0.598534 0.459748
vt 0.583085 0.469300
vt 0.613565 0.549557
vt 0.583085 0.530700
vt 0.598534 0.540252
vt 0.615220 0.529939
vt 0.616053 0.510325
vt 0.533381 0.500000
vt 0.566380 0.479625
vt 0.550092 0.489687
vt 0.550092 0.510313
vt 0.566380 0.520375
vt 0.600242 0.500000
vt 0.583535 0.510325
vt 0.583535 0.489675
vt 0.362572 0.292563
vt 0.373525 0.291879
vt 0.367402 0.291934
vt 0.352482 0.301155
vt 0.342470 0.311072
vt 0.404329 0.303525
vt 0.395715 0.299067
vt 0.361289 0.315459
vt 0.378055 0.306714
vt 0.369375 0.318675
vt 0.387523 0.295685
vt 0.379921 0.293474
vt 0.316634 0.347942
vt 0.309899 0.361887
vt 0.333186 0.322358
vt 0.324451 0.334666
vt 0.337638 0.338290
vt 0.330641 0.336017
vt 0.345599 0.325155
vt 0.363550 0.301882
vt 0.354176 0.313056
vt 0.347860 0.311579
vt 0.475848 0.362572
vt 0.443521 0.373525
vt 0.459673 0.367402
vt 0.465372 0.352482
vt 0.455383 0.342470
vt 0.378572 0.404329
vt 0.393932 0.395715
vt 0.404064 0.361289
vt 0.398660 0.378055
vt 0.387935 0.369375
vt 0.409975 0.387523
vt 0.426325 0.379921
vt 0.424138 0.316634
vt 0.414641 0.309899
vt 0.444177 0.333186
vt 0.434067 0.324451
vt 0.400058 0.337638
vt 0.416770 0.330641
vt 0.410057 0.345599
vt 0.431952 0.363550
vt 0.420708 0.354176
vt 0.437945 0.347860
vt 0.292563 0.475848
vt 0.291879 0.443521
vt 0.291934 0.459673
vt 0.301155 0.465372
vt 0.311072 0.455383
vt 0.303525 0.378572
vt 0.299067 0.393932
vt 0.315459 0.404064
vt 0.306714 0.398660
vt 0.318675 0.387935
vt 0.295685 0.409975
vt 0.293474 0.426325
vt 0.347942 0.424138
vt 0.361887 0.414641
vt 0.322358 0.444177
vt 0.334666 0.434067
vt 0.338290 0.400058
vt 0.336017 0.416770
vt 0.325155 0.410057
vt 0.301882 0.431952
vt 0.313056 0.420708
vt 0.311579 0.437945
vt 0.396432 0.316247
vt 0.382271 0.345190
vt 0.389011 0.330256
vt 0.378698 0.323882
vt 0.361895 0.332597
vt 0.365804 0.396432
vt 0.342922 0.382271
vt 0.353821 0.389011
vt 0.370507 0.378698
vt 0.375890 0.361895
vt 0.316247 0.365804
vt 0.345190 0.342922
vt 0.330256 0.353821
vt 0.323882 0.370507
vt 0.332597 0.375890
vt 0.364838 0.354512
vt 0.348131 0.364838
vt 0.354512 0.348131
vt 0.475848 0.362572
vt 0.455383 0.342470
vt 0.465372 0.352482
vt 0.459673 0.367402
vt 0.443521 0.373525
vt 0.414641 0.309899
vt 0.424138 0.316634
vt 0.410057 0.345599
vt 0.416770 0.330641
vt 0.400058 0.337638
vt 0.434067 0.324451
vt 0.444177 0.333186
vt 0.393932 0.395715
vt 0.378572 0.404329
vt 0.426325 0.379921
vt 0.409975 0.387523
vt 0.387935 0.369375
vt 0.398660 0.378055
vt 0.404064 0.361289
vt 0.437945 0.347860
vt 0.420708 0.354176
vt 0.431952 0.363550
vt 0.362572 0.292563
vt 0.342470 0.311072
vt 0.352482 0.301155
vt 0.367402 0.291934
vt 0.373525 0.291879
vt 0.309899 0.361887
vt 0.316634 0.347942
vt 0.345599 0.325155
vt 0.330641 0.336017
vt 0.337638 0.338290
vt 0.324451 0.334666
vt 0.333186 0.322358
vt 0.395715 0.299067
vt 0.404329 0.303525
vt 0.379921 0.293474
vt 0.387523 0.295685
vt 0.369375 0.318675
vt 0.378055 0.306714
vt 0.361289 0.315459
vt 0.347860 0.311579
vt 0.354176 0.313056
vt 0.363550 0.301882
vt 0.292563 0.475848
vt 0.311072 0.455383
vt 0.301155 0.465372
vt 0.291934 0.459673
vt 0.291879 0.443521
vt 0.361887 0.414641
vt 0.347942 0.424138
vt 0.325155 0.410057
vt 0.336017 0.416770
vt 0.338290 0.400058
vt 0.334666 0.434067
vt 0.322358 0.444177
vt 0.299067 0.393932
vt 0.303525 0.378572
vt 0.293474 0.426325
vt 0.295685 0.409975
vt 0.318675 0.387935
vt 0.306714 0.398660
vt 0.315459 0.404064
vt 0.311579 0.437945
vt 0.313056 0.420708
vt 0.301882 0.431952
vt 0.396432 0.316247
vt 0.361895 0.332597
vt 0.378698 0.323882
vt 0.389011 0.330256
vt 0.382271 0.345190
vt 0.316247 0.365804
vt 0.332597 0.375890
vt 0.323882 0.370507
vt 0.330256 0.353821
vt 0.345190 0.342922
vt 0.365804 0.396432
vt 0.375890 0.361895
vt 0.370507 0.378698
vt 0.353821 0.389011
vt 0.342922 0.382271
vt 0.354512 0.348131
vt 0.348131 0.364838
vt 0.364838 0.354512
vt 0.698212 0.500000
vt 0.679217 0.480807
vt 0.689141 0.490779
vt 0.689141 0.509221
vt 0.679217 0.519193
vt 0.627801 0.441639
vt 0.641750 0.451125
vt 0.644193 0.490303
vt 0.643385 0.470696
vt 0.631028 0.480385
vt 0.655039 0.461019
vt 0.667352 0.471116
vt 0.641750 0.548875
vt 0.627801 0.558361
vt 0.667352 0.528884
vt 0.655039 0.538981
vt 0.631028 0.519615
vt 0.643385 0.529304
vt 0.644193 0.509697
vt 0.668422 0.490303
vt 0.656657 0.500000
vt 0.668422 0.509697
vt 0.514926 0.386723
vt 0.515713 0.418142
vt 0.515702 0.402030
vt 0.530622 0.392809
vt 0.546768 0.398949
vt 0.516685 0.489688
vt 0.516679 0.471576
vt 0.549595 0.451232
vt 0.533328 0.461285
vt 0.549645 0.469318
vt 0.516657 0.453457
vt 0.516649 0.435745
vt 0.595760 0.422702
vt 0.611116 0.431327
vt 0.563385 0.406861
vt 0.579730 0.414476
vt 0.581382 0.449703
vt 0.580742 0.431981
vt 0.565285 0.441535
vt 0.532359 0.425605
vt 0.549005 0.433468
vt 0.548049 0.415908
vt 0.514926 0.613277
vt 0.546768 0.601051
vt 0.530622 0.607191
vt 0.515702 0.597970
vt 0.515713 0.581858
vt 0.611116 0.568673
vt 0.595760 0.577298
vt 0.565285 0.558465
vt 0.580742 0.568019
vt 0.581382 0.550297
vt 0.579730 0.585524
vt 0.563385 0.593139
vt 0.516679 0.528424
vt 0.516685 0.510312
vt 0.516649 0.564255
vt 0.516657 0.546543
vt 0.549645 0.530682
vt 0.533328 0.538715
vt 0.549595 0.548768
vt 0.548049 0.584092
vt 0.549005 0.566532
vt 0.532359 0.574395
vt 0.613565 0.450443
vt 0.583085 0.469300
vt 0.598534 0.459748
vt 0.615220 0.470061
vt 0.616053 0.489675
vt 0.533381 0.500000
vt 0.566380 0.520375
vt 0.550092 0.510313
vt 0.550092 0.489687
vt 0.566380 0.479625
vt 0.613565 0.549557
vt 0.616053 0.510325
vt 0.615220 0.529939
vt 0.598534 0.540252
vt 0.583085 0.530700
vt 0.583535 0.489675
vt 0.583535 0.510325
vt 0.600242 0.500000
vt 0.722364 0.514926
vt 0.735696 0.515713
vt 0.729467 0.515702
vt 0.723769 0.530622
vt 0.723834 0.546768
vt 0.749229 0.516685
vt 0.747818 0.516679
vt 0.740129 0.549595
vt 0.744725 0.533328
vt 0.743092 0.549645
vt 0.745064 0.516657
vt 0.741027 0.516649
vt 0.717612 0.595760
vt 0.713160 0.611116
vt 0.723176 0.563385
vt 0.720972 0.579730
vt 0.730970 0.581382
vt 0.726615 0.580742
vt 0.734136 0.565285
vt 0.736471 0.532359
vt 0.735949 0.549005
vt 0.730477 0.548049
vt 0.722364 0.514926
vt 0.723834 0.546768
vt 0.723769 0.530622
vt 0.729467 0.515702
vt 0.735696 0.515713
vt 0.713160 0.611116
vt 0.717612 0.595760
vt 0.734136 0.565285
vt 0.726615 0.580742
vt 0.730970 0.581382
vt 0.720972 0.579730
vt 0.723176 0.563385
vt 0.747818 0.516679
vt 0.749229 0.516685
vt 0.741027 0.516649
vt 0.745064 0.516657
vt 0.743092 0.549645
vt 0.744725 0.533328
vt 0.740129 0.549595
vt 0.730477 0.548049
vt 0.735949 0.549005
vt 0.736471 0.532359
vt 0.652355 0.698212
vt 0.673243 0.679217
vt 0.663220 0.689141
vt 0.663220 0.689141
vt 0.673243 0.679217
vt 0.706787 0.627801
vt 0.700045 0.641750
vt 0.703996 0.644193
vt 0.702687 0.643385
vt 0.712007 0.631028
vt 0.692207 0.655039
vt 0.683464 0.667352
vt 0.700045 0.641750
vt 0.706787 0.627801
vt 0.683464 0.667352
vt 0.692207 0.655039
vt 0.712007 0.631028
vt 0.702687 0.643385
vt 0.703996 0.644193
vt 0.684499 0.668422
vt 0.694830 0.656657
vt 0.684499 0.668422
vt 0.747761 0.533381
vt 0.740164 0.566380
vt 0.744713 0.550092
vt 0.744713 0.550092
vt 0.740164 0.566380
vt 0.717134 0.613565
vt 0.721190 0.616053
vt 0.719836 0.615220
vt 0.726210 0.598534
vt 0.733783 0.583085
vt 0.717134 0.613565
vt 0.733783 0.583085
vt 0.726210 0.598534
vt 0.719836 0.615220
vt 0.721190 0.616053
vt 0.735405 0.583535
vt 0.729023 0.600242
vt 0.735405 0.583535
f 1/1/1 643/643/643 645/645/645
f 163/163/163 644/644/644 643/643/643
f 165/165/165 645/645/645 644/644/644
f 643/643/643 644/644/644 645/645/645
f 43/43/43 646/646/646 648/648/648
f 164/164/164 647/647/647 646/646/646
f 163/163/163 648/648/648 647/647/647
f 646/646/646 647/647/647 648/648/648
f 45/45/45 649/649/649 651/651/651
f 165/165/165 650/650/650 649/649/649
f 164/164/164 651/651/651 650/650/650
f 649/649/649 650/650/650 651/651/651
f 163/163/163 647/647/647 644/644/644
f 164/164/164 650/650/650 647/647/647
f 165/165/165 644/644/644 650/650/650
f 647/647/647 650/650/650 644/644/644
f 13/13/13 652/652/652 654/654/654
f 166/166/166 653/653/653 652/652/652
f 168/168/168 654/654/654 653/653/653
f 652/652/652 653/653/653 654/654/654
f 44/44/44 655/655/655 657/657/657
f 167/167/167 656/656/656 655/655/655
f 166/166/166 657/657/657 656/656/656
f 655/655/655 656/656/656 657/657/657
f 43/43/43 658/658/658 660/660/660
f 168/168/168 659/659/659 658/658/658
f 167/167/167 660/660/660 659/659/659
f 658/658/658 659/659/659 660/660/660
f 166/166/166 656/656/656 653/653/653
f 167/167/167 659/659/659 656/656/656
f 168/168/168 653/653/653 659/659/659
f 656/656/656 659/659/659 653/653/653
f 15/15/15 661/661/661 663/663/663
f 169/169/169 662/662/662 661/661/661
f 171/171/171 663/663/663 662/662/662
f 661/661/661 662/662/662 663/663/663
f 45/45/45 664/664/664 666/666/666
f 170/170/170 665/665/665 664/664/664
f 169/169/169 666/666/666 665/665/665
f 664/664/664 665/665/665 666/666/666
f 44/44/44 667/667/667 669/669/669
f 171/171/171 668/668/668 667/667/667
f 170/170/170 669/669/669 668/668/668
f 667/667/667 668/668/668 669/669/669
f 169/169/169 665/665/665 662/662/662
f 170/170/170 668/668/668 665/665/665
f 171/171/171 662/662/662 668/668/668
f 665/665/665 668/668/668 662/662/662
f 43/43/43 660/660/660 646/646/646
f 167/167/167 670/670/670 660/660/660
f 164/164/164 646/646/646 670/670/670
f 660/660/660 670/670/670 646/646/646
f 44/44/44 669/669/669 655/655/655
f 170/170/170 671/671/671 669/669/669
f 167/167/167 655/655/655 671/671/671
f 669/669/669 671/671/671 655/655/655
f 45/45/45 651/651/651 664/664/664
f 164/164/164 672/672/672 651/651/651
f 170/170/170 664/664/664 672/672/672
f 651/651/651 672/672/672 664/664/664
f 167/167/167 671/671/671 670/670/670
f 170/170/170 672/672/672 671/671/671
f 164/164/164 670/670/670 672/672/672
f 671/671/671 672/672/672 670/670/670
f 12/12/12 673/673/673 675/675/675
f 172/172/172 674/674/674 673/673/673
f 174/174/174 675/675/675 674/674/674
f 673/673/673 674/674/674 675/675/675
f 46/46/46 676/676/676 678/678/678
f 173/173/173 677/677/677 676/676/676
f 172/172/172 678/678/678 677/677/677
f 676/676/676 677/677/677 678/678/678
f 48/48/48 679/679/679 681/681/681
f 174/174/174 680/680/680 679/679/679
f 173/173/173 681/681/681 680/680/680
f 679/679/679 680/680/680 681/681/681
f 172/172/172 677/677/677 674/674/674
f 173/173/173 680/680/680 677/677/677
f 174/174/174 674/674/674 680/680/680
f 677/677/677 680/680/680 674/674/674
f 14/14/14 682/682/682 684/684/684
f 175/175/175 683/683/683 682/682/682
f 177/177/177 684/684/684 683/683/683
f 682/682/682 683/683/683 684/684/684
f 47/47/47 685/685/685 687/687/687
f 176/176/176 686/686/686 685/685/685
f 175/175/175 687/687/687 686/686/686
f 685/685/685 686/686/686 687/687/687
f 46/46/46 688/688/688 690/690/690
f 177/177/177 689/689/689 688/688/688
f 176/176/176 690/690/690 689/689/689
f 688/688/688 689/689/689 690/690/690
f 175/175/175 686/686/686 683/683/683
f 176/176/176 689/689/689 686/686/686
f 177/177/177 683/683/683 689/689/689
f 686/686/686 689/689/689 683/683/683
f 13/13/13 691/691/691 693/693/693
f 178/178/178 692/692/692 691/691/691
f 180/180/180 693/693/693 692/692/692
f 691/691/691 692/692/692 693/693/693
f 48/48/48 694/694/694 696/696/696
f 179/179/179 695/695/695 694/694/694
f 178/178/178 696/696/696 695/695/695
f 694/694/694 695/695/695 696/696/696
f 47/47/47 697/697/697 699/699/699
f 180/180/180 698/698/698 697/697/697
f 179/179/179 699/699/699 698/698/698
f 697/697/697 698/698/698 699/699/699
f 178/178/178 695/695/695 692/692/692
f 179/179/179 698/698/698 695/695/695
f 180/180/180 692/692/692 698/698/698
f 695/695/695 698/698/698 692/692/692
f 46/46/46 690/690/690 676/676/676
f 176/176/176 700/700/700 690/690/690
f 173/173/173 676/676/676 700/700/700
f 690/690/690 700/700/700 676/676/676
f 47/47/47 699/699/699 685/685/685
f 179/179/179 701/701/701 699/699/699
f 176/176/176 685/685/685 701/701/701
f 699/699/699 701/701/701 685/685/685
f 48/48/48 681/681/681 694/694/694
f 173/173/173 702/702/702 681/681/681
f 179/179/179 694/694/694 702/702/702
f 681/681/681 702/702/702 694/694/694
f 176/176/176 701/701/701 700/700/700
f 179/179/179 702/702/702 701/701/701
f 173/173/173 700/700/700 702/702/702
f 701/701/701 702/702/702 700/700/700
f 6/6/6 703/703/703 705/705/705
f 181/181/181 704/704/704 703/703/703
f 183/183/183 705/705/705 704/704/704
f 703/703/703 704/704/704 705/705/705
f 49/49/49 706/706/706 708/708/708
f 182/182/182 707/707/707 706/706/706
f 181/181/181 708/708/708 707/707/707
f 706/706/706 707/707/707 708/708/708
f 51/51/51 709/709/709 711/711/711
f 183/183/183 710/710/710 709/709/709
f 182/182/182 711/711/711 710/710/710
f 709/709/709 710/710/710 711/711/711
f 181/181/181 707/707/707 704/704/704
f 182/182/182 710/710/710 707/707/707
f 183/183/183 704/704/704 710/710/710
f 707/707/707 710/710/710 704/704/704
f 15/15/15 712/712/712 714/714/714
f 184/184/184 713/713/713 712/712/712
f 186/186/186 714/714/714 713/713/713
f 712/712/712 713/713/713 714/714/714
f 50/50/50 715/715/715 717/717/717
f 185/185/185 716/716/716 715/715/715
f 184/184/184 717/717/717 716/716/716
f 715/715/715 716/716/716 717/717/717
f 49/49/49 718/718/718 720/720/720
f 186/186/186 719/719/719 718/718/718
f 185/185/185 720/720/720 719/719/719
f 718/718/718 719/719/719 720/720/720
f 184/184/184 716/716/716 713/713/713
f 185/185/185 719/719/719 716/716/716
f 186/186/186 713/713/713 719/719/719
f 716/716/716 719/719/719 713/713/713
f 14/14/14 721/721/721 723/723/723
f 187/187/187 722/722/722 721/721/721
f 189/189/189 723/723/723 722/722/722
f 721/721/721 722/722/722 723/723/723
f 51/51/51 724/724/724 726/726/726
f 188/188/188 725/725/725 724/724/724
f 187/187/187 726/726/726 725/725/725
f 724/724/724 725/725/725 726/726/726
f 50/50/50 727/727/727 729/729/729
f 189/189/189 728/728/728 727/727/727
f 188/188/188 729/729/729 728/728/728
f 727/727/727 728/728/728 729/729/729
f 187/187/187 725/725/725 722/722/722
f 188/188/188 728/728/728 725/725/725
f 189/189/189 722/722/722 728/728/728
f 725/725/725 728/728/728 722/722/722
f 49/49/49 720/720/720 706/706/706
f 185/185/185 730/730/730 720/720/720
f 182/182/182 706/706/706 730/730/730
f 720/720/720 730/730/730 706/706/706
f 50/50/50 729/729/729 715/715/715
f 188/188/188 731/731/731 729/729/729
f 185/185/185 715/715/715 731/731/731
f 729/729/729 731/731/731 715/715/715
f 51/51/51 711/711/711 724/724/724
f 182/182/182 732/732/732 711/711/711
f 188/188/188 724/724/724 732/732/732
f 711/711/711 732/732/732 724/724/724
f 185/185/185 731/731/731 730/730/730
f 188/188/188 732/732/732 731/731/731
f 182/182/182 730/730/730 732/732/732
f 731/731/731 732/732/732 730/730/730
f 13/13/13 693/693/693 652/652/652
f 180/180/180 733/733/733 693/693/693
f 166/166/166 652/652/652 733/733/733
f 693/693/693 733/733/733 652/652/652
f 47/47/47 734/734/734 697/697/697
f 190/190/190 735/735/735 734/734/734
f 180/180/180 697/697/697 735/735/735
f 734/734/734 735/735/735 697/697/697
f 44/44/44 657/657/657 737/737/737
f 166/166/166 736/736/736 657/657/657
f 190/190/190 737/737/737 736/736/736
f 657/657/657 736/736/736 737/737/737
f 180/180/180 735/735/735 733/733/733
f 190/190/190 736/736/736 735/735/735
f 166/166/166 733/733/733 736/736/736
f 735/735/735 736/736/736 733/733/733
f 14/14/14 723/723/723 682/682/682
f 189/189/189 738/738/738 723/723/723
f 175/175/175 682/682/682 738/738/738
f 723/723/723 738/738/738 682/682/682
f 50/50/50 739/739/739 727/727/727
f 191/191/191 740/740/740 739/739/739
f 189/189/189 727/727/727 740/740/740
f 739/739/739 740/740/740 727/727/727
f 47/47/47 687/687/687 742/742/742
f 175/175/175 741/741/741 687/687/687
f 191/191/191 742/742/742 741/741/741
f 687/687/687 741/741/741 742/742/742
f 189/189/189 740/740/740 738/738/738
f 191/191/191 741/741/741 740/740/740
f 175/175/175 738/738/738 741/741/741
f 740/740/740 741/741/741 738/738/738
f 15/15/15 663/663/663 712/712/712
f 171/171/171 743/743/743 663/663/663
f 184/184/184 712/712/712 743/743/743
f 663/663/663 743/743/743 712/712/712
f 44/44/44 744/744/744 667/667/667
f 192/192/192 745/745/745 744/744/744
f 171/171/171 667/667/667 745/745/745
f 744/744/744 745/745/745 667/667/667
f 50/50/50 717/717/717 747/747/747
f 184/184/184 746/746/746 717/717/717
f 192/192/192 747/747/747 746/746/746
f 717/717/717 746/746/746 747/747/747
f 171/171/171 745/745/745 743/743/743
f 192/192/192 746/746/746 745/745/745
f 184/184/184 743/743/743 746/746/746
f 745/745/745 746/746/746 743/743/743
f 47/47/47 742/742/742 734/734/734
f 191/191/191 748/748/748 742/742/742
f 190/190/190 734/734/734 748/748/748
f 742/742/742 748/748/748 734/734/734
f 50/50/50 747/747/747 739/739/739
f 192/192/192 749/749/749 747/747/747
f 191/191/191 739/739/739 749/749/749
f 747/747/747 749/749/749 739/739/739
f 44/44/44 737/737/737 744/744/744
f 190/190/190 750/750/750 737/737/737
f 192/192/192 744/744/744 750/750/750
f 737/737/737 750/750/750 744/744/744
f 191/191/191 749/749/749 748/748/748
f 192/192/192 750/750/750 749/749/749
f 190/190/190 748/748/748 750/750/750
f 749/749/749 750/750/750 748/748/748
f 1/1/1 645/645/645 752/752/752
f 165/165/165 751/751/751 645/645/645
f 194/194/194 752/752/752 751/751/751
f 645/645/645 751/751/751 752/752/752
f 45/45/45 753/753/753 649/649/649
f 193/193/193 754/754/754 753/753/753
f 165/165/165 649/649/649 754/754/754
f 753/753/753 754/754/754 649/649/649
f 53/53/53 755/755/755 757/757/757
f 194/194/194 756/756/756 755/755/755
f 193/193/193 757/757/757 756/756/756
f 755/755/755 756/756/756 757/757/757
f 165/165/165 754/754/754 751/751/751
f 193/193/193 756/756/756 754/754/754
f 194/194/194 751/751/751 756/756/756
f 754/754/754 756/756/756 751/751/751
f 15/15/15 758/758/758 661/661/661
f 195/195/195 759/759/759 758/758/758
f 169/169/169 661/661/661 759/759/759
f 758/758/758 759/759/759 661/661/661
f 52/52/52 760/760/760 762/762/762
f 196/196/196 761/761/761 760/760/760
f 195/195/195 762/762/762 761/761/761
f 760/760/760 761/761/761 762/762/762
f 45/45/45 666/666/666 764/764/764
f 169/169/169 763/763/763 666/666/666
f 196/196/196 764/764/764 763/763/763
f 666/666/666 763/763/763 764/764/764
f 195/195/195 761/761/761 759/759/759
f 196/196/196 763/763/763 761/761/761
f 169/169/169 759/759/759 763/763/763
f 761/761/761 763/763/763 759/759/759
f 17/17/17 765/765/765 767/767/767
f 197/197/197 766/766/766 765/765/765
f 199/199/199 767/767/767 766/766/766
f 765/765/765 766/766/766 767/767/767
f 53/53/53 768/768/768 770/770/770
f 198/198/198 769/769/769 768/768/768
f 197/197/197 770/770/770 769/769/769
f 768/768/768 769/769/769 770/770/770
f 52/52/52 771/771/771 773/773/773
f 199/199/199 772/772/772 771/771/771
f 198/198/198 773/773/773 772/772/772
f 771/771/771 772/772/772 773/773/773
f 197/197/197 769/769/769 766/766/766
f 198/198/198 772/772/772 769/769/769
f 199/199/199 766/766/766 772/772/772
f 769/769/769 772/772/772 766/766/766
f 45/45/45 764/764/764 753/753/753
f 196/196/196 774/774/774 764/764/764
f 193/193/193 753/753/753 774/774/774
f 764/764/764 774/774/774 753/753/753
f 52/52/52 773/773/773 760/760/760
f 198/198/198 775/775/775 773/773/773
f 196/196/196 760/760/760 775/775/775
f 773/773/773 775/775/775 760/760/760
f 53/53/53 757/757/757 768/768/768
f 193/193/193 776/776/776 757/757/757
f 198/198/198 768/768/768 776/776/776
f 757/757/757 776/776/776 768/768/768
f 196/196/196 775/775/775 774/774/774
f 198/198/198 776/776/776 775/775/775
f 193/193/193 774/774/774 776/776/776
f 775/775/775 776/776/776 774/774/774
f 6/6/6 777/777/777 703/703/703
f 200/200/200 778/778/778 777/777/777
f 181/181/181 703/703/703 778/778/778
f 777/777/777 778/778/778 703/703/703
f 54/54/54 779/779/779 781/781/781
f 201/201/201 780/780/780 779/779/779
f 200/200/200 781/781/781 780/780/780
f 779/779/779 780/780/780 781/781/781
f 49/49/49 708/708/708 783/783/783
f 181/181/181 782/782/782 708/708/708
f 201/201/201 783/783/783 782/782/782
f 708/708/708 782/782/782 783/783/783
f 200/200/200 780/780/780 778/778/778
f 201/201/201 782/782/782 780/780/780
f 181/181/181 778/778/778 782/782/782
f 780/780/780 782/782/782 778/778/778
f 16/16/16 784/784/784 786/786/786
f 202/202/202 785/785/785 784/784/784
f 204/204/204 786/786/786 785/785/785
f 784/784/784 785/785/785 786/786/786
f 55/55/55 787/787/787 789/789/789
f 203/203/203 788/788/788 787/787/787
f 202/202/202 789/789/789 788/788/788
f 787/787/787 788/788/788 789/789/789
f 54/54/54 790/790/790 792/792/792
f 204/204/204 791/791/791 790/790/790
f 203/203/203 792/792/792 791/791/791
f 790/790/790 791/791/791 792/792/792
f 202/202/202 788/788/788 785/785/785
f 203/203/203 791/791/791 788/788/788
f 204/204/204 785/785/785 791/791/791
f 788/788/788 791/791/791 785/785/785
f 15/15/15 714/714/714 794/794/794
f 186/186/186 793/793/793 714/714/714
f 206/206/206 794/794/794 793/793/793
f 714/714/714 793/793/793 794/794/794
f 49/49/49 795/795/795 718/718/718
f 205/205/205 796/796/796 795/795/795
f 186/186/186 718/718/718 796/796/796
f 795/795/795 796/796/796 718/718/718
f 55/55/55 797/797/797 799/799/799
f 206/206/206 798/798/798 797/797/797
f 205/205/205 799/799/799 798/798/798
f 797/797/797 798/798/798 799/799/799
f 186/186/186 796/796/796 793/793/793
f 205/205/205 798/798/798 796/796/796
f 206/206/206 793/793/793 798/798/798
f 796/796/796 798/798/798 793/793/793
f 54/54/54 792/792/792 779/779/779
f 203/203/203 800/800/800 792/792/792
f 201/201/201 779/779/779 800/800/800
f 792/792/792 800/800/800 779/779/779
f 55/55/55 799/799/799 787/787/787
f 205/205/205 801/801/801 799/799/799
f 203/203/203 787/787/787 801/801/801
f 799/799/799 801/801/801 787/787/787
f 49/49/49 783/783/783 795/795/795
f 201/201/201 802/802/802 783/783/783
f 205/205/205 795/795/795 802/802/802
f 783/783/783 802/802/802 795/795/795
f 203/203/203 801/801/801 800/800/800
f 205/205/205 802/802/802 801/801/801
f 201/201/201 800/800/800 802/802/802
f 801/801/801 802/802/802 800/800/800
f 2/2/2 803/803/803 805/805/805
f 207/207/207 804/804/804 803/803/803
f 209/209/209 805/805/805 804/804/804
f 803/803/803 804/804/804 805/805/805
f 56/56/56 806/806/806 808/808/808
f 208/208/208 807/807/807 806/806/806
f 207/207/207 808/808/808 807/807/807
f 806/806/806 807/807/807 808/808/808
f 58/58/58 809/809/809 811/811/811
f 209/209/209 810/810/810 809/809/809
f 208/208/208 811/811/811 810/810/810
f 809/809/809 810/810/810 811/811/811
f 207/207/207 807/807/807 804/804/804
f 208/208/208 810/810/810 807/807/807
f 209/209/209 804/804/804 810/810/810
f 807/807/807 810/810/810 804/804/804
f 17/17/17 812/812/812 814/814/814
f 210/210/210 813/813/813 812/812/812
f 212/212/212 814/814/814 813/813/813
f 812/812/812 813/813/813 814/814/814
f 57/57/57 815/815/815 817/817/817
f 211/211/211 816/816/816 815/815/815
f 210/210/210 817/817/817 816/816/816
f 815/815/815 816/816/816 817/817/817
f 56/56/56 818/818/818 820/820/820
f 212/212/212 819/819/819 818/818/818
f 211/211/211 820/820/820 819/819/819
f 818/818/818 819/819/819 820/820/820
f 210/210/210 816/816/816 813/813/813
f 211/211/211 819/819/819 816/816/816
f 212/212/212 813/813/813 819/819/819
f 816/816/816 819/819/819 813/813/813
f 16/16/16 821/821/821 823/823/823
f 213/213/213 822/822/822 821/821/821
f 215/215/215 823/823/823 822/822/822
f 821/821/821 822/822/822 823/823/823
f 58/58/58 824/824/824 826/826/826
f 214/214/214 825/825/825 824/824/824
f 213/213/213 826/826/826 825/825/825
f 824/824/824 825/825/825 826/826/826
f 57/57/57 827/827/827 829/829/829
f 215/215/215 828/828/828 827/827/827
f 214/214/214 829/829/829 828/828/828
f 827/827/827 828/828/828 829/829/829
f 213/213/213 825/825/825 822/822/822
f 214/214/214 828/828/828 825/825/825
f 215/215/215 822/822/822 828/828/828
f 825/825/825 828/828/828 822/822/822
f 56/56/56 820/820/820 806/806/806
f 211/211/211 830/830/830 820/820/820
f 208/208/208 806/806/806 830/830/830
f 820/820/820 830/830/830 806/806/806
f 57/57/57 829/829/829 815/815/815
f 214/214/214 831/831/831 829/829/829
f 211/211/211 815/815/815 831/831/831
f 829/829/829 831/831/831 815/815/815
f 58/58/58 811/811/811 824/824/824
f 208/208/208 832/832/832 811/811/811
f 214/214/214 824/824/824 832/832/832
f 811/811/811 832/832/832 824/824/824
f 211/211/211 831/831/831 830/830/830
f 214/214/214 832/832/832 831/831/831
f 208/208/208 830/830/830 832/832/832
f 831/831/831 832/832/832 830/830/830
f 15/15/15 794/794/794 758/758/758
f 206/206/206 833/833/833 794/794/794
f 195/195/195 758/758/758 833/833/833
f 794/794/794 833/833/833 758/758/758
f 55/55/55 834/834/834 797/797/797
f 216/216/216 835/835/835 834/834/834
f 206/206/206 797/797/797 835/835/835
f 834/834/834 835/835/835 797/797/797
f 52/52/52 762/762/762 837/837/837
f 195/195/195 836/836/836 762/762/762
f 216/216/216 837/837/837 836/836/836
f 762/762/762 836/836/836 837/837/837
f 206/206/206 835/835/835 833/833/833
f 216/216/216 836/836/836 835/835/835
f 195/195/195 833/833/833 836/836/836
f 835/835/835 836/836/836 833/833/833
f 16/16/16 823/823/823 784/784/784
f 215/215/215 838/838/838 823/823/823
f 202/202/202 784/784/784 838/838/838
f 823/823/823 838/838/838 784/784/784
f 57/57/57 839/839/839 827/827/827
f 217/217/217 840/840/840 839/839/839
f 215/215/215 827/827/827 840/840/840
f 839/839/839 840/840/840 827/827/827
f 55/55/55 789/789/789 842/842/842
f 202/202/202 841/841/841 789/789/789
f 217/217/217 842/842/842 841/841/841
f 789/789/789 841/841/841 842/842/842
f 215/215/215 840/840/840 838/838/838
f 217/217/217 841/841/841 840/840/840
f 202/202/202 838/838/838 841/841/841
f 840/840/840 841/841/841 838/838/838
f 17/17/17 767/767/767 812/812/812
f 199/199/199 843/843/843 767/767/767
f 210/210/210 812/812/812 843/843/843
f 767/767/767 843/843/843 812/812/812
f 52/52/52 844/844/844 771/771/771
f 218/218/218 845/845/845 844/844/844
f 199/199/199 771/771/771 845/845/845
f 844/844/844 845/845/845 771/771/771
f 57/57/57 817/817/817 847/847/847
f 210/210/210 846/846/846 817/817/817
f 218/218/218 847/847/847 846/846/846
f 817/817/817 846/846/846 847/847/847
f 199/199/199 845/845/845 843/843/843
f 218/218/218 846/846/846 845/845/845
f 210/210/210 843/843/843 846/846/846
f 845/845/845 846/846/846 843/843/843
f 55/55/55 842/842/842 834/834/834
f 217/217/217 848/848/848 842/842/842
f 216/216/216 834/834/834 848/848/848
f 842/842/842 848/848/848 834/834/834
f 57/57/57 847/847/847 839/839/839
f 218/218/218 849/849/849 847/847/847
f 217/217/217 839/839/839 849/849/849
f 847/847/847 849/849/849 839/839/839
f 52/52/52 837/837/837 844/844/844
f 216/216/216 850/850/850 837/837/837
f 218/218/218 844/844/844 850/850/850
f 837/837/837 850/850/850 844/844/844
f 217/217/217 849/849/849 848/848/848
f 218/218/218 850/850/850 849/849/849
f 216/216/216 848/848/848 850/850/850
f 849/849/849 850/850/850 848/848/848
f 1/1/1 752/752/752 852/852/852
f 194/194/194 851/851/851 752/752/752
f 220/220/220 852/852/852 851/851/851
f 752/752/752 851/851/851 852/852/852
f 53/53/53 853/853/853 755/755/755
f 219/219/219 854/854/854 853/853/853
f 194/194/194 755/755/755 854/854/854
f 853/853/853 854/854/854 755/755/755
f 60/60/60 855/855/855 857/857/857
f 220/220/220 856/856/856 855/855/855
f 219/219/219 857/857/857 856/856/856
f 855/855/855 856/856/856 857/857/857
f 194/194/194 854/854/854 851/851/851
f 219/219/219 856/856/856 854/854/854
f 220/220/220 851/851/851 856/856/856
f 854/854/854 856/856/856 851/851/851
f 17/17/17 858/858/858 765/765/765
f 221/221/221 859/859/859 858/858/858
f 197/197/197 765/765/765 859/859/859
f 858/858/858 859/859/859 765/765/765
f 59/59/59 860/860/860 862/862/862
f 222/222/222 861/861/861 860/860/860
f 221/221/221 862/862/862 861/861/861
f 860/860/860 861/861/861 862/862/862
f 53/53/53 770/770/770 864/864/864
f 197/197/197 863/863/863 770/770/770
f 222/222/222 864/864/864 863/863/863
f 770/770/770 863/863/863 864/864/864
f 221/221/221 861/861/861 859/859/859
f 222/222/222 863/863/863 861/861/861
f 197/197/197 859/859/859 863/863/863
f 861/861/861 863/863/863 859/859/859
f 19/19/19 865/865/865 867/867/867
f 223/223/223 866/866/866 865/865/865
f 225/225/225 867/867/867 866/866/866
f 865/865/865 866/866/866 867/867/867
f 60/60/60 868/868/868 870/870/870
f 224/224/224 869/869/869 868/868/868
f 223/223/223 870/870/870 869/869/869
f 868/868/868 869/869/869 870/870/870
f 59/59/59 871/871/871 873/873/873
f 225/225/225 872/872/872 871/871/871
f 224/224/224 873/873/873 872/872/872
f 871/871/871 872/872/872 873/873/873
f 223/223/223 869/869/869 866/866/866
f 224/224/224 872/872/872 869/869/869
f 225/225/225 866/866/866 872/872/872
f 869/869/869 872/872/872 866/866/866
f 53/53/53 864/864/864 853/853/853
f 222/222/222 874/874/874 864/864/864
f 219/219/219 853/853/853 874/874/874
f 864/864/864 874/874/874 853/853/853
f 59/59/59 873/873/873 860/860/860
f 224/224/224 875/875/875 873/873/873
f 222/222/222 860/860/860 875/875/875
f 873/873/873 875/875/875 860/860/860
f 60/60/60 857/857/857 868/868/868
f 219/219/219 876/876/876 857/857/857
f 224/224/224 868/868/868 876/876/876
f 857/857/857 876/876/876 868/868/868
f 222/222/222 875/875/875 874/874/874
f 224/224/224 876/876/876 875/875/875
f 219/219/219 874/874/874 876/876/876
f 875/875/875 876/876/876 874/874/874
f 2/2/2 877/877/877 803/803/803
f 226/226/226 878/878/878 877/877/877
f 207/207/207 803/803/803 878/878/878
f 877/877/877 878/878/878 803/803/803
f 61/61/61 879/879/879 881/881/881
f 227/227/227 880/880/880 879/879/879
f 226/226/226 881/881/881 880/880/880
f 879/879/879 880/880/880 881/881/881
f 56/56/56 808/808/808 883/883/883
f 207/207/207 882/882/882 808/808/808
f 227/227/227 883/883/883 882/882/882
f 808/808/808 882/882/882 883/883/883
f 226/226/226 880/880/880 878/878/878
f 227/227/227 882/882/882 880/880/880
f 207/207/207 878/878/878 882/882/882
f 880/880/880 882/882/882 878/878/878
f 18/18/18 884/884/884 886/886/886
f 228/228/228 885/885/885 884/884/884
f 230/230/230 886/886/886 885/885/885
f 884/884/884 885/885/885 886/886/886
f 62/62/62 887/887/887 889/889/889
f 229/229/229 888/888/888 887/887/887
f 228/228/228 889/889/889 888/888/888
f 887/887/887 888/888/888 889/889/889
f 61/61/61 890/890/890 892/892/892
f 230/230/230 891/891/891 890/890/890
f 229/229/229 892/892/892 891/891/891
f 890/890/890 891/891/891 892/892/892
f 228/228/228 888/888/888 885/885/885
f 229/229/229 891/891/891 888/888/888
f 230/230/230 885/885/885 891/891/891
f 888/888/888 891/891/891 885/885/885
f 17/17/17 814/814/814 894/894/894
f 212/212/212 893/893/893 814/814/814
f 232/232/232 894/894/894 893/893/893
f 814/814/814 893/893/893 894/894/894
f 56/56/56 895/895/895 818/818/818
f 231/231/231 896/896/896 895/895/895
f 212/212/212 818/818/818 896/896/896
f 895/895/895 896/896/896 818/818/818
f 62/62/62 897/897/897 899/899/899
f 232/232/232 898/898/898 897/897/897
f 231/231/231 899/899/899 898/898/898
f 897/897/897 898/898/898 899/899/899
f 212/212/212 896/896/896 893/893/893
f 231/231/231 898/898/898 896/896/896
f 232/232/232 893/893/893 898/898/898
f 896/896/896 898/898/898 893/893/893
f 61/61/61 892/892/892 879/879/879
f 229/229/229 900/900/900 892/892/892
f 227/227/227 879/879/879 900/900/900
f 892/892/892 900/900/900 879/879/879
f 62/62/62 899/899/899 887/887/887
f 231/231/231 901/901/901 899/899/899
f 229/229/229 887/887/887 901/901/901
f 899/899/899 901/901/901 887/887/887
f 56/56/56 883/883/883 895/895/895
f 227/227/227 902/902/902 883/883/883
f 231/231/231 895/895/895 902/902/902
f 883/883/883 902/902/902 895/895/895
f 229/229/229 901/901/901 900/900/900
f 231/231/231 902/902/902 901/901/901
f 227/227/227 900/900/900 902/902/902
f 901/901/901 902/902/902 900/900/900
f 8/8/8 903/903/903 905/905/905
f 233/233/233 904/904/904 903/903/903
f 235/235/235 905/905/905 904/904/904
f 903/903/903 904/904/904 905/905/905
f 63/63/63 906/906/906 908/908/908
f 234/234/234 907/907/907 906/906/906
f 233/233/233 908/908/908 907/907/907
f 906/906/906 907/907/907 908/908/908
f 65/65/65 909/909/909 911/911/911
f 235/235/235 910/910/910 909/909/909
f 234/234/234 911/911/911 910/910/910
f 909/909/909 910/910/910 911/911/911
f 233/233/233 907/907/907 904/904/904
f 234/234/234 910/910/910 907/907/907
f 235/235/235 904/904/904 910/910/910
f 907/907/907 910/910/910 904/904/904
f 19/19/19 912/912/912 914/914/914
f 236/236/236 913/913/913 912/912/912
f 238/238/238 914/914/914 913/913/913
f 912/912/912 913/913/913 914/914/914
f 64/64/64 915/915/915 917/917/917
f 237/237/237 916/916/916 915/915/915
f 236/236/236 917/917/917 916/916/916
f 915/915/915 916/916/916 917/917/917
f 63/63/63 918/918/918 920/920/920
f 238/238/238 919/919/919 918/918/918
f 237/237/237 920/920/920 919/919/919
f 918/918/918 919/919/919 920/920/920
f 236/236/236 916/916/916 913/913/913
f 237/237/237 919/919/919 916/916/916
f 238/238/238 913/913/913 919/919/919
f 916/916/916 919/919/919 913/913/913
f 18/18/18 921/921/921 923/923/923
f 239/239/239 922/922/922 921/921/921
f 241/241/241 923/923/923 922/922/922
f 921/921/921 922/922/922 923/923/923
f 65/65/65 924/924/924 926/926/926
f 240/240/240 925/925/925 924/924/924
f 239/239/239 926/926/926 925/925/925
f 924/924/924 925/925/925 926/926/926
f 64/64/64 927/927/927 929/929/929
f 241/241/241 928/928/928 927/927/927
f 240/240/240 929/929/929 928/928/928
f 927/927/927 928/928/928 929/929/929
f 239/239/239 925/925/925 922/922/922
f 240/240/240 928/928/928 925/925/925
f 241/241/241 922/922/922 928/928/928
f 925/925/925 928/928/928 922/922/922
f 63/63/63 920/920/920 906/906/906
f 237/237/237 930/930/930 920/920/920
f 234/234/234 906/906/906 930/930/930
f 920/920/920 930/930/930 906/906/906
f 64/64/64 929/929/929 915/915/915
f 240/240/240 931/931/931 929/929/929
f 237/237/237 915/915/915 931/931/931
f 929/929/929 931/931/931 915/915/915
f 65/65/65 911/911/911 924/924/924
f 234/234/234 932/932/932 911/911/911
f 240/240/240 924/924/924 932/932/932
f 911/911/911 932/932/932 924/924/924
f 237/237/237 931/931/931 930/930/930
f 240/240/240 932/932/932 931/931/931
f 234/234/234 930/930/930 932/932/932
f 931/931/931 932/932/932 930/930/930
f 17/17/17 894/894/894 858/858/858
f 232/232/232 933/933/933 894/894/894
f 221/221/221 858/858/858 933/933/933
f 894/894/894 933/933/933 858/858/858
f 62/62/62 934/934/934 897/897/897
f 242/242/242 935/935/935 934/934/934
f 232/232/232 897/897/897 935/935/935
f 934/934/934 935/935/935 897/897/897
f 59/59/59 862/862/862 937/937/937
f 221/221/221 936/936/936 862/862/862
f 242/242/242 937/937/937 936/936/936
f 862/862/862 936/936/936 937/937/937
f 232/232/232 935/935/935 933/933/933
f 242/242/242 936/936/936 935/935/935
f 221/221/221 933/933/933 936/936/936
f 935/935/935 936/936/936 933/933/933
f 18/18/18 923/923/923 884/884/884
f 241/241/241 938/938/938 923/923/923
f 228/228/228 884/884/884 938/938/938
f 923/923/923 938/938/938 884/884/884
f 64/64/64 939/939/939 927/927/927
f 243/243/243 940/940/940 939/939/939
f 241/241/241 927/927/927 940/940/940
f 939/939/939 940/940/940 927/927/927
f 62/62/62 889/889/889 942/942/942
f 228/228/228 941/941/941 889/889/889
f 243/243/243 942/942/942 941/941/941
f 889/889/889 941/941/941 942/942/942
f 241/241/241 940/940/940 938/938/938
f 243/243/243 941/941/941 940/940/940
f 228/228/228 938/938/938 941/941/941
f 940/940/940 941/941/941 938/938/938
f 19/19/19 867/867/867 912/912/912
f 225/225/225 943/943/943 867/867/867
f 236/236/236 912/912/912 943/943/943
f 867/867/867 943/943/943 912/912/912
f 59/59/59 944/944/944 871/871/871
f 244/244/244 945/945/945 944/944/944
f 225/225/225 871/871/871 945/945/945
f 944/944/944 945/945/945 871/871/871
f 64/64/64 917/917/917 947/947/947
f 236/236/236 946/946/946 917/917/917
f 244/244/244 947/947/947 946/946/946
f 917/917/917 946/946/946 947/947/947
f 225/225/225 945/945/945 943/943/943
f 244/244/244 946/946/946 945/945/945
f 236/236/236 943/943/943 946/946/946
f 945/945/945 946/946/946 943/943/943
f 62/62/62 942/942/942 934/934/934
f 243/243/243 948/948/948 942/942/942
f 242/242/242 934/934/934 948/948/948
f 942/942/942 948/948/948 934/934/934
f 64/64/64 947/947/947 939/939/939
f 244/244/244 949/949/949 947/947/947
f 243/243/243 939/939/939 949/949/949
f 947/947/947 949/949/949 939/939/939
f 59/59/59 937/937/937 944/944/944
f 242/242/242 950/950/950 937/937/937
f 244/244/244 944/944/944 950/950/950
f 937/937/937 950/950/950 944/944/944
f 243/243/243 949/949/949 948/948/948
f 244/244/244 950/950/950 949/949/949
f 242/242/242 948/948/948 950/950/950
f 949/949/949 950/950/950 948/948/948
f 1/1/1 852/852/852 952/952/952
f 220/220/220 951/951/951 852/852/852
f 246/246/246 952/952/952 951/951/951
f 852/852/852 951/951/951 952/952/952
f 60/60/60 953/953/953 855/855/855
f 245/245/245 954/954/954 953/953/953
f 220/220/220 855/855/855 954/954/954
f 953/953/953 954/954/954 855/855/855
f 67/67/67 955/955/955 957/957/957
f 246/246/246 956/956/956 955/955/955
f 245/245/245 957/957/957 956/956/956
f 955/955/955 956/956/956 957/957/957
f 220/220/220 954/954/954 951/951/951
f 245/245/245 956/956/956 954/954/954
f 246/246/246 951/951/951 956/956/956
f 954/954/954 956/956/956 951/951/951
f 19/19/19 958/958/958 865/865/865
f 247/247/247 959/959/959 958/958/958
f 223/223/223 865/865/865 959/959/959
f 958/958/958 959/959/959 865/865/865
f 66/66/66 960/960/960 962/962/962
f 248/248/248 961/961/961 960/960/960
f 247/247/247 962/962/962 961/961/961
f 960/960/960 961/961/961 962/962/962
f 60/60/60 870/870/870 964/964/964
f 223/223/223 963/963/963 870/870/870
f 248/248/248 964/964/964 963/963/963
f 870/870/870 963/963/963 964/964/964
f 247/247/247 961/961/961 959/959/959
f 248/248/248 963/963/963 961/961/961
f 223/223/223 959/959/959 963/963/963
f 961/961/961 963/963/963 959/959/959
f 21/21/21 965/965/965 967/967/967
f 249/249/249 966/966/966 965/965/965
f 251/251/251 967/967/967 966/966/966
f 965/965/965 966/966/966 967/967/967
f 67/67/67 968/968/968 970/970/970
f 250/250/250 969/969/969 968/968/968
f 249/249/249 970/970/970 969/969/969
f 968/968/968 969/969/969 970/970/970
f 66/66/66 971/971/971 973/973/973
f 251/251/251 972/972/972 971/971/971
f 250/250/250 973/973/973 972/972/972
f 971/971/971 972/972/972 973/973/973
f 249/249/249 969/969/969 966/966/966
f 250/250/250 972/972/972 969/969/969
f 251/251/251 966/966/966 972/972/972
f 969/969/969 972/972/972 966/966/966
f 60/60/60 964/964/964 953/953/953
f 248/248/248 974/974/974 964/964/964
f 245/245/245 953/953/953 974/974/974
f 964/964/964 974/974/974 953/953/953
f 66/66/66 973/973/973 960/960/960
f 250/250/250 975/975/975 973/973/973
f 248/248/248 960/960/960 975/975/975
f 973/973/973 975/975/975 960/960/960
f 67/67/67 957/957/957 968/968/968
f 245/245/245 976/976/976 957/957/957
f 250/250/250 968/968/968 976/976/976
f 957/957/957 976/976/976 968/968/968
f 248/248/248 975/975/975 974/974/974
f 250/250/250 976/976/976 975/975/975
f 245/245/245 974/974/974 976/976/976
f 975/975/975 976/976/976 974/974/974
f 8/8/8 977/977/977 903/903/903
f 252/252/252 978/978/978 977/977/977
f 233/233/233 903/903/903 978/978/978
f 977/977/977 978/978/978 903/903/903
f 68/68/68 979/979/979 981/981/981
f 253/253/253 980/980/980 979/979/979
f 252/252/252 981/981/981 980/980/980
f 979/979/979 980/980/980 981/981/981
f 63/63/63 908/908/908 983/983/983
f 233/233/233 982/982/982 908/908/908
f 253/253/253 983/983/983 982/982/982
f 908/908/908 982/982/982 983/983/983
f 252/252/252 980/980/980 978/978/978
f 253/253/253 982/982/982 980/980/980
f 233/233/233 978/978/978 982/982/982
f 980/980/980 982/982/982 978/978/978
f 20/20/20 984/984/984 986/986/986
f 254/254/254 985/985/985 984/984/984
f 256/256/256 986/986/986 985/985/985
f 984/984/984 985/985/985 986/986/986
f 69/69/69 987/987/987 989/989/989
f 255/255/255 988/988/988 987/987/987
f 254/254/254 989/989/989 988/988/988
f 987/987/987 988/988/988 989/989/989
f 68/68/68 990/990/990 992/992/992
f 256/256/256 991/991/991 990/990/990
f 255/255/255 992/992/992 991/991/991
f 990/990/990 991/991/991 992/992/992
f 254/254/254 988/988/988 985/985/985
f 255/255/255 991/991/991 988/988/988
f 256/256/256 985/985/985 991/991/991
f 988/988/988 991/991/991 985/985/985
f 19/19/19 914/914/914 994/994/994
f 238/238/238 993/993/993 914/914/914
f 258/258/258 994/994/994 993/993/993
f 914/914/914 993/993/993 994/994/994
f 63/63/63 995/995/995 918/918/918
f 257/257/257 996/996/996 995/995/995
f 238/238/238 918/918/918 996/996/996
f 995/995/995 996/996/996 918/918/918
f 69/69/69 997/997/997 999/999/999
f 258/258/258 998/998/998 997/997/997
f 257/257/257 999/999/999 998/998/998
f 997/997/997 998/998/998 999/999/999
f 238/238/238 996/996/996 993/993/993
f 257/257/257 998/998/998 996/996/996
f 258/258/258 993/993/993 998/998/998
f 996/996/996 998/998/998 993/993/993
f 68/68/68 992/992/992 979/979/979
f 255/255/255 1000/1000/1000 992/992/992
f 253/253/253 979/979/979 1000/1000/1000
f 992/992/992 1000/1000/1000 979/979/979
f 69/69/69 999/999/999 987/987/987
f 257/257/257 1001/1001/1001 999/999/999
f 255/255/255 987/987/987 1001/1001/1001
f 999/999/999 1001/1001/1001 987/987/987
f 63/63/63 983/983/983 995/995/995
f 253/253/253 1002/1002/1002 983/983/983
f 257/257/257 995/995/995 1002/1002/1002
f 983/983/983 1002/1002/1002 995/995/995
f 255/255/255 1001/1001/1001 1000/1000/1000
f 257/257/257 1002/1002/1002 1001/1001/1001
f 253/253/253 1000/1000/1000 1002/1002/1002
f 1001/1001/1001 1002/1002/1002 1000/1000/1000
f 11/11/11 1003/1003/1003 1005/1005/1005
f 259/259/259 1004/1004/1004 1003/1003/1003
f 261/261/261 1005/1005/1005 1004/1004/1004
f 1003/1003/1003 1004/1004/1004 1005/1005/1005
f 70/70/70 1006/1006/1006 1008/1008/1008
f 260/260/260 1007/1007/1007 1006/1006/1006
f 259/259/259 1008/1008/1008 1007/1007/1007
f 1006/1006/1006 1007/1007/1007 1008/1008/1008
f 72/72/72 1009/1009/1009 1011/1011/1011
f 261/261/261 1010/1010/1010 1009/1009/1009
f 260/260/260 1011/1011/1011 1010/1010/1010
f 1009/1009/1009 1010/1010/1010 1011/1011/1011
f 259/259/259 1007/1007/1007 1004/1004/1004
f 260/260/260 1010/1010/1010 1007/1007/1007
f 261/261/261 1004/1004/1004 1010/1010/1010
f 1007/1007/1007 1010/1010/1010 1004/1004/1004
f 21/21/21 1012/1012/1012 1014/1014/1014
f 262/262/262 1013/1013/1013 1012/1012/1012
f 264/264/264 1014/1014/1014 1013/1013/1013
f 1012/1012/1012 1013/1013/1013 1014/1014/1014
f 71/71/71 1015/1015/1015 1017/1017/1017
f 263/263/263 1016/1016/1016 1015/1015/1015
f 262/262/262 1017/1017/1017 1016/1016/1016
f 1015/1015/1015 1016/1016/1016 1017/1017/1017
f 70/70/70 1018/1018/1018 1020/1020/1020
f 264/264/264 1019/1019/1019 1018/1018/1018
f 263/263/263 1020/1020/1020 1019/1019/1019
f 1018/1018/1018 1019/1019/1019 1020/1020/1020
f 262/262/262 1016/1016/1016 1013/1013/1013
f 263/263/263 1019/1019/1019 1016/1016/1016
f 264/264/264 1013/1013/1013 1019/1019/1019
f 1016/1016/1016 1019/1019/1019 1013/1013/1013
f 20/20/20 1021/1021/1021 1023/1023/1023
f 265/265/265 1022/1022/1022 1021/1021/1021
f 267/267/267 1023/1023/1023 1022/1022/1022
f 1021/1021/1021 1022/1022/1022 1023/1023/1023
f 72/72/72 1024/1024/1024 1026/1026/1026
f 266/266/266 1025/1025/1025 1024/1024/1024
f 265/265/265 1026/1026/1026 1025/1025/1025
f 1024/1024/1024 1025/1025/1025 1026/1026/1026
f 71/71/71 1027/1027/1027 1029/1029/1029
f 267/267/267 1028/1028/1028 1027/1027/1027
f 266/266/266 1029/1029/1029 1028/1028/1028
f 1027/1027/1027 1028/1028/1028 1029/1029/1029
f 265/265/265 1025/1025/1025 1022/1022/1022
f 266/266/266 1028/1028/1028 1025/1025/1025
f 267/267/267 1022/1022/1022 1028/1028/1028
f 1025/1025/1025 1028/1028/1028 1022/1022/1022
f 70/70/70 1020/1020/1020 1006/1006/1006
f 263/263/263 1030/1030/1030 1020/1020/1020
f 260/260/260 1006/1006/1006 1030/1030/1030
f 1020/1020/1020 1030/1030/1030 1006/1006/1006
f 71/71/71 1029/1029/1029 1015/1015/1015
f 266/266/266 1031/1031/1031 1029/1029/1029
f 263/263/263 1015/1015/1015 1031/1031/1031
f 1029/1029/1029 1031/1031/1031 1015/1015/1015
f 72/72/72 1011/1011/1011 1024/1024/1024
f 260/260/260 1032/1032/1032 1011/1011/1011
f 266/266/266 1024/1024/1024 1032/1032/1032
f 1011/1011/1011 1032/1032/1032 1024/1024/1024
f 263/263/263 1031/1031/1031 1030/1030/1030
f 266/266/266 1032/1032/1032 1031/1031/1031
f 260/260/260 1030/1030/1030 1032/1032/1032
f 1031/1031/1031 1032/1032/1032 1030/1030/1030
f 19/19/19 994/994/994 958/958/958
f 258/258/258 1033/1033/1033 994/994/994
f 247/247/247 958/958/958 1033/1033/1033
f 994/994/994 1033/1033/1033 958/958/958
f 69/69/69 1034/1034/1034 997/997/997
f 268/268/268 1035/1035/1035 1034/1034/1034
f 258/258/258 997/997/997 1035/1035/1035
f 1034/1034/1034 1035/1035/1035 997/997/997
f 66/66/66 962/962/962 1037/1037/1037
f 247/247/247 1036/1036/1036 962/962/962
f 268/268/268 1037/1037/1037 1036/1036/1036
f 962/962/962 1036/1036/1036 1037/1037/1037
f 258/258/258 1035/1035/1035 1033/1033/1033
f 268/268/268 1036/1036/1036 1035/1035/1035
f 247/247/247 1033/1033/1033 1036/1036/1036
f 1035/1035/1035 1036/1036/1036 1033/1033/1033
f 20/20/20 1023/1023/1023 984/984/984
f 267/267/267 1038/1038/1038 1023/1023/1023
f 254/254/254 984/984/984 1038/1038/1038
f 1023/1023/1023 1038/1038/1038 984/984/984
f 71/71/71 1039/1039/1039 1027/1027/1027
f 269/269/269 1040/1040/1040 1039/1039/1039
f 267/267/267 1027/1027/1027 1040/1040/1040
f 1039/1039/1039 1040/1040/1040 1027/1027/1027
f 69/69/69 989/989/989 1042/1042/1042
f 254/254/254 1041/1041/1041 989/989/989
f 269/269/269 1042/1042/1042 1041/1041/1041
f 989/989/989 1041/1041/1041 1042/1042/1042
f 267/267/267 1040/1040/1040 1038/1038/1038
f 269/269/269 1041/1041/1041 1040/1040/1040
f 254/254/254 1038/1038/1038 1041/1041/1041
f 1040/1040/1040 1041/1041/1041 1038/1038/1038
f 21/21/21 967/967/967 1012/1012/1012
f 251/251/251 1043/1043/1043 967/967/967
f 262/262/262 1012/1012/1012 1043/1043/1043
f 967/967/967 1043/1043/1043 1012/1012/1012
f 66/66/66 1044/1044/1044 971/971/971
f 270/270/270 1045/1045/1045 1044/1044/1044
f 251/251/251 971/971/971 1045/1045/1045
f 1044/1044/1044 1045/1045/1045 971/971/971
f 71/71/71 1017/1017/1017 1047/1047/1047
f 262/262/262 1046/1046/1046 1017/1017/1017
f 270/270/270 1047/1047/1047 1046/1046/1046
f 1017/1017/1017 1046/1046/1046 1047/1047/1047
f 251/251/251 1045/1045/1045 1043/1043/1043
f 270/270/270 1046/1046/1046 1045/1045/1045
f 262/262/262 1043/1043/1043 1046/1046/1046
f 1045/1045/1045 1046/1046/1046 1043/1043/1043
f 69/69/69 1042/1042/1042 1034/1034/1034
f 269/269/269 1048/1048/1048 1042/1042/1042
f 268/268/268 1034/1034/1034 1048/1048/1048
f 1042/1042/1042 1048/1048/1048 1034/1034/1034
f 71/71/71 1047/1047/1047 1039/1039/1039
f 270/270/270 1049/1049/1049 1047/1047/1047
f 269/269/269 1039/1039/1039 1049/1049/1049
f 1047/1047/1047 1049/1049/1049 1039/1039/1039
f 66/66/66 1037/1037/1037 1044/1044/1044
f 268/268/268 1050/1050/1050 1037/1037/1037
f 270/270/270 1044/1044/1044 1050/1050/1050
f 1037/1037/1037 1050/1050/1050 1044/1044/1044
f 269/269/269 1049/1049/1049 1048/1048/1048
f 270/270/270 1050/1050/1050 1049/1049/1049
f 268/268/268 1048/1048/1048 1050/1050/1050
f 1049/1049/1049 1050/1050/1050 1048/1048/1048
f 1/1/1 952/952/952 643/643/643
f 246/246/246 1051/1051/1051 952/952/952
f 163/163/163 643/643/643 1051/1051/1051
f 952/952/952 1051/1051/1051 643/643/643
f 67/67/67 1052/1052/1052 955/955/955
f 271/271/271 1053/1053/1053 1052/1052/1052
f 246/246/246 955/955/955 1053/1053/1053
f 1052/1052/1052 1053/1053/1053 955/955/955
f 43/43/43 648/648/648 1055/1055/1055
f 163/163/163 1054/1054/1054 648/648/648
f 271/271/271 1055/1055/1055 1054/1054/1054
f 648/648/648 1054/1054/1054 1055/1055/1055
f 246/246/246 1053/1053/1053 1051/1051/1051
f 271/271/271 1054/1054/1054 1053/1053/1053
f 163/163/163 1051/1051/1051 1054/1054/1054
f 1053/1053/1053 1054/1054/1054 1051/1051/1051
f 21/21/21 1056/1056/1056 965/965/965
f 272/272/272 1057/1057/1057 1056/1056/1056
f 249/249/249 965/965/965 1057/1057/1057
f 1056/1056/1056 1057/1057/1057 965/965/965
f 73/73/73 1058/1058/1058 1060/1060/1060
f 273/273/273 1059/1059/1059 1058/1058/1058
f 272/272/272 1060/1060/1060 1059/1059/1059
f 1058/1058/1058 1059/1059/1059 1060/1060/1060
f 67/67/67 970/970/970 1062/1062/1062
f 249/249/249 1061/1061/1061 970/970/970
f 273/273/273 1062/1062/1062 1061/1061/1061
f 970/970/970 1061/1061/1061 1062/1062/1062
f 272/272/272 1059/1059/1059 1057/1057/1057
f 273/273/273 1061/1061/1061 1059/1059/1059
f 249/249/249 1057/1057/1057 1061/1061/1061
f 1059/1059/1059 1061/1061/1061 1057/1057/1057
f 13/13/13 654/654/654 1064/1064/1064
f 168/168/168 1063/1063/1063 654/654/654
f 275/275/275 1064/1064/1064 1063/1063/1063
f 654/654/654 1063/1063/1063 1064/1064/1064
f 43/43/43 1065/1065/1065 658/658/658
f 274/274/274 1066/1066/1066 1065/1065/1065
f 168/168/168 658/658/658 1066/1066/1066
f 1065/1065/1065 1066/1066/1066 658/658/658
f 73/73/73 1067/1067/1067 1069/1069/1069
f 275/275/275 1068/1068/1068 1067/1067/1067
f 274/274/274 1069/1069/1069 1068/1068/1068
f 1067/1067/1067 1068/1068/1068 1069/1069/1069
f 168/168/168 1066/1066/1066 1063/1063/1063
f 274/274/274 1068/1068/1068 1066/1066/1066
f 275/275/275 1063/1063/1063 1068/1068/1068
f 1066/1066/1066 1068/1068/1068 1063/1063/1063
f 67/67/67 1062/1062/1062 1052/1052/1052
f 273/273/273 1070/1070/1070 1062/1062/1062
f 271/271/271 1052/1052/1052 1070/1070/1070
f 1062/1062/1062 1070/1070/1070 1052/1052/1052
f 73/73/73 1069/1069/1069 1058/1058/1058
f 274/274/274 1071/1071/1071 1069/1069/1069
f 273/273/273 1058/1058/1058 1071/1071/1071
f 1069/1069/1069 1071/1071/1071 1058/1058/1058
f 43/43/43 1055/1055/1055 1065/1065/1065
f 271/271/271 1072/1072/1072 1055/1055/1055
f 274/274/274 1065/1065/1065 1072/1072/1072
f 1055/1055/1055 1072/1072/1072 1065/1065/1065
f 273/273/273 1071/1071/1071 1070/1070/1070
f 274/274/274 1072/1072/1072 1071/1071/1071
f 271/271/271 1070/1070/1070 1072/1072/1072
f 1071/1071/1071 1072/1072/1072 1070/1070/1070
f 11/11/11 1073/1073/1073 1003/1003/1003
f 276/276/276 1074/1074/1074 1073/1073/1073
f 259/259/259 1003/1003/1003 1074/1074/1074
f 1073/1073/1073 1074/1074/1074 1003/1003/1003
f 74/74/74 1075/1075/1075 1077/1077/1077
f 277/277/277 1076/1076/1076 1075/1075/1075
f 276/276/276 1077/1077/1077 1076/1076/1076
f 1075/1075/1075 1076/1076/1076 1077/1077/1077
f 70/70/70 1008/1008/1008 1079/1079/1079
f 259/259/259 1078/1078/1078 1008/1008/1008
f 277/277/277 1079/1079/1079 1078/1078/1078
f 1008/1008/1008 1078/1078/1078 1079/1079/1079
f 276/276/276 1076/1076/1076 1074/1074/1074
f 277/277/277 1078/1078/1078 1076/1076/1076
f 259/259/259 1074/1074/1074 1078/1078/1078
f 1076/1076/1076 1078/1078/1078 1074/1074/1074
f 22/22/22 1080/1080/1080 1082/1082/1082
f 278/278/278 1081/1081/1081 1080/1080/1080
f 280/280/280 1082/1082/1082 1081/1081/1081
f 1080/1080/1080 1081/1081/1081 1082/1082/1082
f 75/75/75 1083/1083/1083 1085/1085/1085
f 279/279/279 1084/1084/1084 1083/1083/1083
f 278/278/278 1085/1085/1085 1084/1084/1084
f 1083/1083/1083 1084/1084/1084 1085/1085/1085
f 74/74/74 1086/1086/1086 1088/1088/1088
f 280/280/280 1087/1087/1087 1086/1086/1086
f 279/279/279 1088/1088/1088 1087/1087/1087
f 1086/1086/1086 1087/1087/1087 1088/1088/1088
f 278/278/278 1084/1084/1084 1081/1081/1081
f 279/279/279 1087/1087/1087 1084/1084/1084
f 280/280/280 1081/1081/1081 1087/1087/1087
f 1084/1084/1084 1087/1087/1087 1081/1081/1081
f 21/21/21 1014/1014/1014 1090/1090/1090
f 264/264/264 1089/1089/1089 1014/1014/1014
f 282/282/282 1090/1090/1090 1089/1089/1089
f 1014/1014/1014 1089/1089/1089 1090/1090/1090
f 70/70/70 1091/1091/1091 1018/1018/1018
f 281/281/281 1092/1092/1092 1091/1091/1091
f 264/264/264 1018/1018/1018 1092/1092/1092
f 1091/1091/1091 1092/1092/1092 1018/1018/1018
f 75/75/75 1093/1093/1093 1095/1095/1095
f 282/282/282 1094/1094/1094 1093/1093/1093
f 281/281/281 1095/1095/1095 1094/1094/1094
f 1093/1093/1093 1094/1094/1094 1095/1095/1095
f 264/264/264 1092/1092/1092 1089/1089/1089
f 281/281/281 1094/1094/1094 1092/1092/1092
f 282/282/282 1089/1089/1089 1094/1094/1094
f 1092/1092/1092 1094/1094/1094 1089/1089/1089
f 74/74/74 1088/1088/1088 1075/1075/1075
f 279/279/279 1096/1096/1096 1088/1088/1088
f 277/277/277 1075/1075/1075 1096/1096/1096
f 1088/1088/1088 1096/1096/1096 1075/1075/1075
f 75/75/75 1095/1095/1095 1083/1083/1083
f 281/281/281 1097/1097/1097 1095/1095/1095
f 279/279/279 1083/1083/1083 1097/1097/1097
f 1095/1095/1095 1097/1097/1097 1083/1083/1083
f 70/70/70 1079/1079/1079 1091/1091/1091
f 277/277/277 1098/1098/1098 1079/1079/1079
f 281/281/281 1091/1091/1091 1098/1098/1098
f 1079/1079/1079 1098/1098/1098 1091/1091/1091
f 279/279/279 1097/1097/1097 1096/1096/1096
f 281/281/281 1098/1098/1098 1097/1097/1097
f 277/277/277 1096/1096/1096 1098/1098/1098
f 1097/1097/1097 1098/1098/1098 1096/1096/1096
f 12/12/12 675/675/675 1100/1100/1100
f 174/174/174 1099/1099/1099 675/675/675
f 284/284/284 1100/1100/1100 1099/1099/1099
f 675/675/675 1099/1099/1099 1100/1100/1100
f 48/48/48 1101/1101/1101 679/679/679
f 283/283/283 1102/1102/1102 1101/1101/1101
f 174/174/174 679/679/679 1102/1102/1102
f 1101/1101/1101 1102/1102/1102 679/679/679
f 77/77/77 1103/1103/1103 1105/1105/1105
f 284/284/284 1104/1104/1104 1103/1103/1103
f 283/283/283 1105/1105/1105 1104/1104/1104
f 1103/1103/1103 1104/1104/1104 1105/1105/1105
f 174/174/174 1102/1102/1102 1099/1099/1099
f 283/283/283 1104/1104/1104 1102/1102/1102
f 284/284/284 1099/1099/1099 1104/1104/1104
f 1102/1102/1102 1104/1104/1104 1099/1099/1099
f 13/13/13 1106/1106/1106 691/691/691
f 285/285/285 1107/1107/1107 1106/1106/1106
f 178/178/178 691/691/691 1107/1107/1107
f 1106/1106/1106 1107/1107/1107 691/691/691
f 76/76/76 1108/1108/1108 1110/1110/1110
f 286/286/286 1109/1109/1109 1108/1108/1108
f 285/285/285 1110/1110/1110 1109/1109/1109
f 1108/1108/1108 1109/1109/1109 1110/1110/1110
f 48/48/48 696/696/696 1112/1112/1112
f 178/178/178 1111/1111/1111 696/696/696
f 286/286/286 1112/1112/1112 1111/1111/1111
f 696/696/696 1111/1111/1111 1112/1112/1112
f 285/285/285 1109/1109/1109 1107/1107/1107
f 286/286/286 1111/1111/1111 1109/1109/1109
f 178/178/178 1107/1107/1107 1111/1111/1111
f 1109/1109/1109 1111/1111/1111 1107/1107/1107
f 22/22/22 1113/1113/1113 1115/1115/1115
f 287/287/287 1114/1114/1114 1113/1113/1113
f 289/289/289 1115/1115/1115 1114/1114/1114
f 1113/1113/1113 1114/1114/1114 1115/1115/1115
f 77/77/77 1116/1116/1116 1118/1118/1118
f 288/288/288 1117/1117/1117 1116/1116/1116
f 287/287/287 1118/1118/1118 1117/1117/1117
f 1116/1116/1116 1117/1117/1117 1118/1118/1118
f 76/76/76 1119/1119/1119 1121/1121/1121
f 289/289/289 1120/1120/1120 1119/1119/1119
f 288/288/288 1121/1121/1121 1120/1120/1120
f 1119/1119/1119 1120/1120/1120 1121/1121/1121
f 287/287/287 1117/1117/1117 1114/1114/1114
f 288/288/288 1120/1120/1120 1117/1117/1117
f 289/289/289 1114/1114/1114 1120/1120/1120
f 1117/1117/1117 1120/1120/1120 1114/1114/1114
f 48/48/48 1112/1112/1112 1101/1101/1101
f 286/286/286 1122/1122/1122 1112/1112/1112
f 283/283/283 1101/1101/1101 1122/1122/1122
f 1112/1112/1112 1122/1122/1122 1101/1101/1101
f 76/76/76 1121/1121/1121 1108/1108/1108
f 288/288/288 1123/1123/1123 1121/1121/1121
f 286/286/286 1108/1108/1108 1123/1123/1123
f 1121/1121/1121 1123/1123/1123 1108/1108/1108
f 77/77/77 1105/1105/1105 1116/1116/1116
f 283/283/283 1124/1124/1124 1105/1105/1105
f 288/288/288 1116/1116/1116 1124/1124/1124
f 1105/1105/1105 1124/1124/1124 1116/1116/1116
f 286/286/286 1123/1123/1123 1122/1122/1122
f 288/288/288 1124/1124/1124 1123/1123/1123
f 283/283/283 1122/1122/1122 1124/1124/1124
f 1123/1123/1123 1124/1124/1124 1122/1122/1122
f 21/21/21 1090/1090/1090 1056/1056/1056
f 282/282/282 1125/1125/1125 1090/1090/1090
f 272/272/272 1056/1056/1056 1125/1125/1125
f 1090/1090/1090 1125/1125/1125 1056/1056/1056
f 75/75/75 1126/1126/1126 1093/1093/1093
f 290/290/290 1127/1127/1127 1126/1126/1126
f 282/282/282 1093/1093/1093 1127/1127/1127
f 1126/1126/1126 1127/1127/1127 1093/1093/1093
f 73/73/73 1060/1060/1060 1129/1129/1129
f 272/272/272 1128/1128/1128 1060/1060/1060
f 290/290/290 1129/1129/1129 1128/1128/1128
f 1060/1060/1060 1128/1128/1128 1129/1129/1129
f 282/282/282 1127/1127/1127 1125/1125/1125
f 290/290/290 1128/1128/1128 1127/1127/1127
f 272/272/272 1125/1125/1125 1128/1128/1128
f 1127/1127/1127 1128/1128/1128 1125/1125/1125
f 22/22/22 1115/1115/1115 1080/1080/1080
f 289/289/289 1130/1130/1130 1115/1115/1115
f 278/278/278 1080/1080/1080 1130/1130/1130
f 1115/1115/1115 1130/1130/1130 1080/1080/1080
f 76/76/76 1131/1131/1131 1119/1119/1119
f 291/291/291 1132/1132/1132 1131/1131/1131
f 289/289/289 1119/1119/1119 1132/1132/1132
f 1131/1131/1131 1132/1132/1132 1119/1119/1119
f 75/75/75 1085/1085/1085 1134/1134/1134
f 278/278/278 1133/1133/1133 1085/1085/1085
f 291/291/291 1134/1134/1134 1133/1133/1133
f 1085/1085/1085 1133/1133/1133 1134/1134/1134
f 289/289/289 1132/1132/1132 1130/1130/1130
f 291/291/291 1133/1133/1133 1132/1132/1132
f 278/278/278 1130/1130/1130 1133/1133/1133
f 1132/1132/1132 1133/1133/1133 1130/1130/1130
f 13/13/13 1064/1064/1064 1106/1106/1106
f 275/275/275 1135/1135/1135 1064/1064/1064
f 285/285/285 1106/1106/1106 1135/1135/1135
f 1064/1064/1064 1135/1135/1135 1106/1106/1106
f 73/73/73 1136/1136/1136 1067/1067/1067
f 292/292/292 1137/1137/1137 1136/1136/1136
f 275/275/275 1067/1067/1067 1137/1137/1137
f 1136/1136/1136 1137/1137/1137 1067/1067/1067
f 76/76/76 1110/1110/1110 1139/1139/1139
f 285/285/285 1138/1138/1138 1110/1110/1110
f 292/292/292 1139/1139/1139 1138/1138/1138
f 1110/1110/1110 1138/1138/1138 1139/1139/1139
f 275/275/275 1137/1137/1137 1135/1135/1135
f 292/292/292 1138/1138/1138 1137/1137/1137
f 285/285/285 1135/1135/1135 1138/1138/1138
f 1137/1137/1137 1138/1138/1138 1135/1135/1135
f 75/75/75 1134/1134/1134 1126/1126/1126
f 291/291/291 1140/1140/1140 1134/1134/1134
f 290/290/290 1126/1126/1126 1140/1140/1140
f 1134/1134/1134 1140/1140/1140 1126/1126/1126
f 76/76/76 1139/1139/1139 1131/1131/1131
f 292/292/292 1141/1141/1141 1139/1139/1139
f 291/291/291 1131/1131/1131 1141/1141/1141
f 1139/1139/1139 1141/1141/1141 1131/1131/1131
f 73/73/73 1129/1129/1129 1136/1136/1136
f 290/290/290 1142/1142/1142 1129/1129/1129
f 292/292/292 1136/1136/1136 1142/1142/1142
f 1129/1129/1129 1142/1142/1142 1136/1136/1136
f 291/291/291 1141/1141/1141 1140/1140/1140
f 292/292/292 1142/1142/1142 1141/1141/1141
f 290/290/290 1140/1140/1140 1142/1142/1142
f 1141/1141/1141 1142/1142/1142 1140/1140/1140
f 2/2/2 805/805/805 1144/1144/1144
f 209/209/209 1143/1143/1143 805/805/805
f 294/294/294 1144/1144/1144 1143/1143/1143
f 805/805/805 1143/1143/1143 1144/1144/1144
f 58/58/58 1145/1145/1145 809/809/809
f 293/293/293 1146/1146/1146 1145/1145/1145
f 209/209/209 809/809/809 1146/1146/1146
f 1145/1145/1145 1146/1146/1146 809/809/809
f 79/79/79 1147/1147/1147 1149/1149/1149
f 294/294/294 1148/1148/1148 1147/1147/1147
f 293/293/293 1149/1149/1149 1148/1148/1148
f 1147/1147/1147 1148/1148/1148 1149/1149/1149
f 209/209/209 1146/1146/1146 1143/1143/1143
f 293/293/293 1148/1148/1148 1146/1146/1146
f 294/294/294 1143/1143/1143 1148/1148/1148
f 1146/1146/1146 1148/1148/1148 1143/1143/1143
f 16/16/16 1150/1150/1150 821/821/821
f 295/295/295 1151/1151/1151 1150/1150/1150
f 213/213/213 821/821/821 1151/1151/1151
f 1150/1150/1150 1151/1151/1151 821/821/821
f 78/78/78 1152/1152/1152 1154/1154/1154
f 296/296/296 1153/1153/1153 1152/1152/1152
f 295/295/295 1154/1154/1154 1153/1153/1153
f 1152/1152/1152 1153/1153/1153 1154/1154/1154
f 58/58/58 826/826/826 1156/1156/1156
f 213/213/213 1155/1155/1155 826/826/826
f 296/296/296 1156/1156/1156 1155/1155/1155
f 826/826/826 1155/1155/1155 1156/1156/1156
f 295/295/295 1153/1153/1153 1151/1151/1151
f 296/296/296 1155/1155/1155 1153/1153/1153
f 213/213/213 1151/1151/1151 1155/1155/1155
f 1153/1153/1153 1155/1155/1155 1151/1151/1151
f 24/24/24 1157/1157/1157 1159/1159/1159
f 297/297/297 1158/1158/1158 1157/1157/1157
f 299/299/299 1159/1159/1159 1158/1158/1158
f 1157/1157/1157 1158/1158/1158 1159/1159/1159
f 79/79/79 1160/1160/1160 1162/1162/1162
f 298/298/298 1161/1161/1161 1160/1160/1160
f 297/297/297 1162/1162/1162 1161/1161/1161
f 1160/1160/1160 1161/1161/1161 1162/1162/1162
f 78/78/78 1163/1163/1163 1165/1165/1165
f 299/299/299 1164/1164/1164 1163/1163/1163
f 298/298/298 1165/1165/1165 1164/1164/1164
f 1163/1163/1163 1164/1164/1164 1165/1165/1165
f 297/297/297 1161/1161/1161 1158/1158/1158
f 298/298/298 1164/1164/1164 1161/1161/1161
f 299/299/299 1158/1158/1158 1164/1164/1164
f 1161/1161/1161 1164/1164/1164 1158/1158/1158
f 58/58/58 1156/1156/1156 1145/1145/1145
f 296/296/296 1166/1166/1166 1156/1156/1156
f 293/293/293 1145/1145/1145 1166/1166/1166
f 1156/1156/1156 1166/1166/1166 1145/1145/1145
f 78/78/78 1165/1165/1165 1152/1152/1152
f 298/298/298 1167/1167/1167 1165/1165/1165
f 296/296/296 1152/1152/1152 1167/1167/1167
f 1165/1165/1165 1167/1167/1167 1152/1152/1152
f 79/79/79 1149/1149/1149 1160/1160/1160
f 293/293/293 1168/1168/1168 1149/1149/1149
f 298/298/298 1160/1160/1160 1168/1168/1168
f 1149/1149/1149 1168/1168/1168 1160/1160/1160
f 296/296/296 1167/1167/1167 1166/1166/1166
f 298/298/298 1168/1168/1168 1167/1167/1167
f 293/293/293 1166/1166/1166 1168/1168/1168
f 1167/1167/1167 1168/1168/1168 1166/1166/1166
f 6/6/6 1169/1169/1169 777/777/777
f 300/300/300 1170/1170/1170 1169/1169/1169
f 200/200/200 777/777/777 1170/1170/1170
f 1169/1169/1169 1170/1170/1170 777/777/777
f 80/80/80 1171/1171/1171 1173/1173/1173
f 301/301/301 1172/1172/1172 1171/1171/1171
f 300/300/300 1173/1173/1173 1172/1172/1172
f 1171/1171/1171 1172/1172/1172 1173/1173/1173
f 54/54/54 781/781/781 1175/1175/1175
f 200/200/200 1174/1174/1174 781/781/781
f 301/301/301 1175/1175/1175 1174/1174/1174
f 781/781/781 1174/1174/1174 1175/1175/1175
f 300/300/300 1172/1172/1172 1170/1170/1170
f 301/301/301 1174/1174/1174 1172/1172/1172
f 200/200/200 1170/1170/1170 1174/1174/1174
f 1172/1172/1172 1174/1174/1174 1170/1170/1170
f 23/23/23 1176/1176/1176 1178/1178/1178
f 302/302/302 1177/1177/1177 1176/1176/1176
f 304/304/304 1178/1178/1178 1177/1177/1177
f 1176/1176/1176 1177/1177/1177 1178/1178/1178
f 81/81/81 1179/1179/1179 1181/1181/1181
f 303/303/303 1180/1180/1180 1179/1179/1179
f 302/302/302 1181/1181/1181 1180/1180/1180
f 1179/1179/1179 1180/1180/1180 1181/1181/1181
f 80/80/80 1182/1182/1182 1184/1184/1184
f 304/304/304 1183/1183/1183 1182/1182/1182
f 303/303/303 1184/1184/1184 1183/1183/1183
f 1182/1182/1182 1183/1183/1183 1184/1184/1184
f 302/302/302 1180/1180/1180 1177/1177/1177
f 303/303/303 1183/1183/1183 1180/1180/1180
f 304/304/304 1177/1177/1177 1183/1183/1183
f 1180/1180/1180 1183/1183/1183 1177/1177/1177
f 16/16/16 786/786/786 1186/1186/1186
f 204/204/204 1185/1185/1185 786/786/786
f 306/306/306 1186/1186/1186 1185/1185/1185
f 786/786/786 1185/1185/1185 1186/1186/1186
f 54/54/54 1187/1187/1187 790/790/790
f 305/305/305 1188/1188/1188 1187/1187/1187
f 204/204/204 790/790/790 1188/1188/1188
f 1187/1187/1187 1188/1188/1188 790/790/790
f 81/81/81 1189/1189/1189 1191/1191/1191
f 306/306/306 1190/1190/1190 1189/1189/1189
f 305/305/305 1191/1191/1191 1190/1190/1190
f 1189/1189/1189 1190/1190/1190 1191/1191/1191
f 204/204/204 1188/1188/1188 1185/1185/1185
f 305/305/305 1190/1190/1190 1188/1188/1188
f 306/306/306 1185/1185/1185 1190/1190/1190
f 1188/1188/1188 1190/1190/1190 1185/1185/1185
f 80/80/80 1184/1184/1184 1171/1171/1171
f 303/303/303 1192/1192/1192 1184/1184/1184
f 301/301/301 1171/1171/1171 1192/1192/1192
f 1184/1184/1184 1192/1192/1192 1171/1171/1171
f 81/81/81 1191/1191/1191 1179/1179/1179
f 305/305/305 1193/1193/1193 1191/1191/1191
f 303/303/303 1179/1179/1179 1193/1193/1193
f 1191/1191/1191 1193/1193/1193 1179/1179/1179
f 54/54/54 1175/1175/1175 1187/1187/1187
f 301/301/301 1194/1194/1194 1175/1175/1175
f 305/305/305 1187/1187/1187 1194/1194/1194
f 1175/1175/1175 1194/1194/1194 1187/1187/1187
f 303/303/303 1193/1193/1193 1192/1192/1192
f 305/305/305 1194/1194/1194 1193/1193/1193
f 301/301/301 1192/1192/1192 1194/1194/1194
f 1193/1193/1193 1194/1194/1194 1192/1192/1192
f 10/10/10 1195/1195/1195 1197/1197/1197
f 307/307/307 1196/1196/1196 1195/1195/1195
f 309/309/309 1197/1197/1197 1196/1196/1196
f 1195/1195/1195 1196/1196/1196 1197/1197/1197
f 82/82/82 1198/1198/1198 1200/1200/1200
f 308/308/308 1199/1199/1199 1198/1198/1198
f 307/307/307 1200/1200/1200 1199/1199/1199
f 1198/1198/1198 1199/1199/1199 1200/1200/1200
f 84/84/84 1201/1201/1201 1203/1203/1203
f 309/309/309 1202/1202/1202 1201/1201/1201
f 308/308/308 1203/1203/1203 1202/1202/1202
f 1201/1201/1201 1202/1202/1202 1203/1203/1203
f 307/307/307 1199/1199/1199 1196/1196/1196
f 308/308/308 1202/1202/1202 1199/1199/1199
f 309/309/309 1196/1196/1196 1202/1202/1202
f 1199/1199/1199 1202/1202/1202 1196/1196/1196
f 24/24/24 1204/1204/1204 1206/1206/1206
f 310/310/310 1205/1205/1205 1204/1204/1204
f 312/312/312 1206/1206/1206 1205/1205/1205
f 1204/1204/1204 1205/1205/1205 1206/1206/1206
f 83/83/83 1207/1207/1207 1209/1209/1209
f 311/311/311 1208/1208/1208 1207/1207/1207
f 310/310/310 1209/1209/1209 1208/1208/1208
f 1207/1207/1207 1208/1208/1208 1209/1209/1209
f 82/82/82 1210/1210/1210 1212/1212/1212
f 312/312/312 1211/1211/1211 1210/1210/1210
f 311/311/311 1212/1212/1212 1211/1211/1211
f 1210/1210/1210 1211/1211/1211 1212/1212/1212
f 310/310/310 1208/1208/1208 1205/1205/1205
f 311/311/311 1211/1211/1211 1208/1208/1208
f 312/312/312 1205/1205/1205 1211/1211/1211
f 1208/1208/1208 1211/1211/1211 1205/1205/1205
f 23/23/23 1213/1213/1213 1215/1215/1215
f 313/313/313 1214/1214/1214 1213/1213/1213
f 315/315/315 1215/1215/1215 1214/1214/1214
f 1213/1213/1213 1214/1214/1214 1215/1215/1215
f 84/84/84 1216/1216/1216 1218/1218/1218
f 314/314/314 1217/1217/1217 1216/1216/1216
f 313/313/313 1218/1218/1218 1217/1217/1217
f 1216/1216/1216 1217/1217/1217 1218/1218/1218
f 83/83/83 1219/1219/1219 1221/1221/1221
f 315/315/315 1220/1220/1220 1219/1219/1219
f 314/314/314 1221/1221/1221 1220/1220/1220
f 1219/1219/1219 1220/1220/1220 1221/1221/1221
f 313/313/313 1217/1217/1217 1214/1214/1214
f 314/314/314 1220/1220/1220 1217/1217/1217
f 315/315/315 1214/1214/1214 1220/1220/1220
f 1217/1217/1217 1220/1220/1220 1214/1214/1214
f 82/82/82 1212/1212/1212 1198/1198/1198
f 311/311/311 1222/1222/1222 1212/1212/1212
f 308/308/308 1198/1198/1198 1222/1222/1222
f 1212/1212/1212 1222/1222/1222 1198/1198/1198
f 83/83/83 1221/1221/1221 1207/1207/1207
f 314/314/314 1223/1223/1223 1221/1221/1221
f 311/311/311 1207/1207/1207 1223/1223/1223
f 1221/1221/1221 1223/1223/1223 1207/1207/1207
f 84/84/84 1203/1203/1203 1216/1216/1216
f 308/308/308 1224/1224/1224 1203/1203/1203
f 314/314/314 1216/1216/1216 1224/1224/1224
f 1203/1203/1203 1224/1224/1224 1216/1216/1216
f 311/311/311 1223/1223/1223 1222/1222/1222
f 314/314/314 1224/1224/1224 1223/1223/1223
f 308/308/308 1222/1222/1222 1224/1224/1224
f 1223/1223/1223 1224/1224/1224 1222/1222/1222
f 16/16/16 1186/1186/1186 1150/1150/1150
f 306/306/306 1225/1225/1225 1186/1186/1186
f 295/295/295 1150/1150/1150 1225/1225/1225
f 1186/1186/1186 1225/1225/1225 1150/1150/1150
f 81/81/81 1226/1226/1226 1189/1189/1189
f 316/316/316 1227/1227/1227 1226/1226/1226
f 306/306/306 1189/1189/1189 1227/1227/1227
f 1226/1226/1226 1227/1227/1227 1189/1189/1189
f 78/78/78 1154/1154/1154 1229/1229/1229
f 295/295/295 1228/1228/1228 1154/1154/1154
f 316/316/316 1229/1229/1229 1228/1228/1228
f 1154/1154/1154 1228/1228/1228 1229/1229/1229
f 306/306/306 1227/1227/1227 1225/1225/1225
f 316/316/316 1228/1228/1228 1227/1227/1227
f 295/295/295 1225/1225/1225 1228/1228/1228
f 1227/1227/1227 1228/1228/1228 1225/1225/1225
f 23/23/23 1215/1215/1215 1176/1176/1176
f 315/315/315 1230/1230/1230 1215/1215/1215
f 302/302/302 1176/1176/1176 1230/1230/1230
f 1215/1215/1215 1230/1230/1230 1176/1176/1176
f 83/83/83 1231/1231/1231 1219/1219/1219
f 317/317/317 1232/1232/1232 1231/1231/1231
f 315/315/315 1219/1219/1219 1232/1232/1232
f 1231/1231/1231 1232/1232/1232 1219/1219/1219
f 81/81/81 1181/1181/1181 1234/1234/1234
f 302/302/302 1233/1233/1233 1181/1181/1181
f 317/317/317 1234/1234/1234 1233/1233/1233
f 1181/1181/1181 1233/1233/1233 1234/1234/1234
f 315/315/315 1232/1232/1232 1230/1230/1230
f 317/317/317 1233/1233/1233 1232/1232/1232
f 302/302/302 1230/1230/1230 1233/1233/1233
f 1232/1232/1232 1233/1233/1233 1230/1230/1230
f 24/24/24 1159/1159/1159 1204/1204/1204
f 299/299/299 1235/1235/1235 1159/1159/1159
f 310/310/310 1204/1204/1204 1235/1235/1235
f 1159/1159/1159 1235/1235/1235 1204/1204/1204
f 78/78/78 1236/1236/1236 1163/1163/1163
f 318/318/318 1237/1237/1237 1236/1236/1236
f 299/299/299 1163/1163/1163 1237/1237/1237
f 1236/1236/1236 1237/1237/1237 1163/1163/1163
f 83/83/83 1209/1209/1209 1239/1239/1239
f 310/310/310 1238/1238/1238 1209/1209/1209
f 318/318/318 1239/1239/1239 1238/1238/1238
f 1209/1209/1209 1238/1238/1238 1239/1239/1239
f 299/299/299 1237/1237/1237 1235/1235/1235
f 318/318/318 1238/1238/1238 1237/1237/1237
f 310/310/310 1235/1235/1235 1238/1238/1238
f 1237/1237/1237 1238/1238/1238 1235/1235/1235
f 81/81/81 1234/1234/1234 1226/1226/1226
f 317/317/317 1240/1240/1240 1234/1234/1234
f 316/316/316 1226/1226/1226 1240/1240/1240
f 1234/1234/1234 1240/1240/1240 1226/1226/1226
f 83/83/83 1239/1239/1239 1231/1231/1231
f 318/318/318 1241/1241/1241 1239/1239/1239
f 317/317/317 1231/1231/1231 1241/1241/1241
f 1239/1239/1239 1241/1241/1241 1231/1231/1231
f 78/78/78 1229/1229/1229 1236/1236/1236
f 316/316/316 1242/1242/1242 1229/1229/1229
f 318/318/318 1236/1236/1236 1242/1242/1242
f 1229/1229/1229 1242/1242/1242 1236/1236/1236
f 317/317/317 1241/1241/1241 1240/1240/1240
f 318/318/318 1242/1242/1242 1241/1241/1241
f 316/316/316 1240/1240/1240 1242/1242/1242
f 1241/1241/1241 1242/1242/1242 1240/1240/1240
f 6/6/6 705/705/705 1244/1244/1244
f 183/183/183 1243/1243/1243 705/705/705
f 320/320/320 1244/1244/1244 1243/1243/1243
f 705/705/705 1243/1243/1243 1244/1244/1244
f 51/51/51 1245/1245/1245 709/709/709
f 319/319/319 1246/1246/1246 1245/1245/1245
f 183/183/183 709/709/709 1246/1246/1246
f 1245/1245/1245 1246/1246/1246 709/709/709
f 86/86/86 1247/1247/1247 1249/1249/1249
f 320/320/320 1248/1248/1248 1247/1247/1247
f 319/319/319 1249/1249/1249 1248/1248/1248
f 1247/1247/1247 1248/1248/1248 1249/1249/1249
f 183/183/183 1246/1246/1246 1243/1243/1243
f 319/319/319 1248/1248/1248 1246/1246/1246
f 320/320/320 1243/1243/1243 1248/1248/1248
f 1246/1246/1246 1248/1248/1248 1243/1243/1243
f 14/14/14 1250/1250/1250 721/721/721
f 321/321/321 1251/1251/1251 1250/1250/1250
f 187/187/187 721/721/721 1251/1251/1251
f 1250/1250/1250 1251/1251/1251 721/721/721
f 85/85/85 1252/1252/1252 1254/1254/1254
f 322/322/322 1253/1253/1253 1252/1252/1252
f 321/321/321 1254/1254/1254 1253/1253/1253
f 1252/1252/1252 1253/1253/1253 1254/1254/1254
f 51/51/51 726/726/726 1256/1256/1256
f 187/187/187 1255/1255/1255 726/726/726
f 322/322/322 1256/1256/1256 1255/1255/1255
f 726/726/726 1255/1255/1255 1256/1256/1256
f 321/321/321 1253/1253/1253 1251/1251/1251
f 322/322/322 1255/1255/1255 1253/1253/1253
f 187/187/187 1251/1251/1251 1255/1255/1255
f 1253/1253/1253 1255/1255/1255 1251/1251/1251
f 26/26/26 1257/1257/1257 1259/1259/1259
f 323/323/323 1258/1258/1258 1257/1257/1257
f 325/325/325 1259/1259/1259 1258/1258/1258
f 1257/1257/1257 1258/1258/1258 1259/1259/1259
f 86/86/86 1260/1260/1260 1262/1262/1262
f 324/324/324 1261/1261/1261 1260/1260/1260
f 323/323/323 1262/1262/1262 1261/1261/1261
f 1260/1260/1260 1261/1261/1261 1262/1262/1262
f 85/85/85 1263/1263/1263 1265/1265/1265
f 325/325/325 1264/1264/1264 1263/1263/1263
f 324/324/324 1265/1265/1265 1264/1264/1264
f 1263/1263/1263 1264/1264/1264 1265/1265/1265
f 323/323/323 1261/1261/1261 1258/1258/1258
f 324/324/324 1264/1264/1264 1261/1261/1261
f 325/325/325 1258/1258/1258 1264/1264/1264
f 1261/1261/1261 1264/1264/1264 1258/1258/1258
f 51/51/51 1256/1256/1256 1245/1245/1245
f 322/322/322 1266/1266/1266 1256/1256/1256
f 319/319/319 1245/1245/1245 1266/1266/1266
f 1256/1256/1256 1266/1266/1266 1245/1245/1245
f 85/85/85 1265/1265/1265 1252/1252/1252
f 324/324/324 1267/1267/1267 1265/1265/1265
f 322/322/322 1252/1252/1252 1267/1267/1267
f 1265/1265/1265 1267/1267/1267 1252/1252/1252
f 86/86/86 1249/1249/1249 1260/1260/1260
f 319/319/319 1268/1268/1268 1249/1249/1249
f 324/324/324 1260/1260/1260 1268/1268/1268
f 1249/1249/1249 1268/1268/1268 1260/1260/1260
f 322/322/322 1267/1267/1267 1266/1266/1266
f 324/324/324 1268/1268/1268 1267/1267/1267
f 319/319/319 1266/1266/1266 1268/1268/1268
f 1267/1267/1267 1268/1268/1268 1266/1266/1266
f 12/12/12 1269/1269/1269 673/673/673
f 326/326/326 1270/1270/1270 1269/1269/1269
f 172/172/172 673/673/673 1270/1270/1270
f 1269/1269/1269 1270/1270/1270 673/673/673
f 87/87/87 1271/1271/1271 1273/1273/1273
f 327/327/327 1272/1272/1272 1271/1271/1271
f 326/326/326 1273/1273/1273 1272/1272/1272
f 1271/1271/1271 1272/1272/1272 1273/1273/1273
f 46/46/46 678/678/678 1275/1275/1275
f 172/172/172 1274/1274/1274 678/678/678
f 327/327/327 1275/1275/1275 1274/1274/1274
f 678/678/678 1274/1274/1274 1275/1275/1275
f 326/326/326 1272/1272/1272 1270/1270/1270
f 327/327/327 1274/1274/1274 1272/1272/1272
f 172/172/172 1270/1270/1270 1274/1274/1274
f 1272/1272/1272 1274/1274/1274 1270/1270/1270
f 25/25/25 1276/1276/1276 1278/1278/1278
f 328/328/328 1277/1277/1277 1276/1276/1276
f 330/330/330 1278/1278/1278 1277/1277/1277
f 1276/1276/1276 1277/1277/1277 1278/1278/1278
f 88/88/88 1279/1279/1279 1281/1281/1281
f 329/329/329 1280/1280/1280 1279/1279/1279
f 328/328/328 1281/1281/1281 1280/1280/1280
f 1279/1279/1279 1280/1280/1280 1281/1281/1281
f 87/87/87 1282/1282/1282 1284/1284/1284
f 330/330/330 1283/1283/1283 1282/1282/1282
f 329/329/329 1284/1284/1284 1283/1283/1283
f 1282/1282/1282 1283/1283/1283 1284/1284/1284
f 328/328/328 1280/1280/1280 1277/1277/1277
f 329/329/329 1283/1283/1283 1280/1280/1280
f 330/330/330 1277/1277/1277 1283/1283/1283
f 1280/1280/1280 1283/1283/1283 1277/1277/1277
f 14/14/14 684/684/684 1286/1286/1286
f 177/177/177 1285/1285/1285 684/684/684
f 332/332/332 1286/1286/1286 1285/1285/1285
f 684/684/684 1285/1285/1285 1286/1286/1286
f 46/46/46 1287/1287/1287 688/688/688
f 331/331/331 1288/1288/1288 1287/1287/1287
f 177/177/177 688/688/688 1288/1288/1288
f 1287/1287/1287 1288/1288/1288 688/688/688
f 88/88/88 1289/1289/1289 1291/1291/1291
f 332/332/332 1290/1290/1290 1289/1289/1289
f 331/331/331 1291/1291/1291 1290/1290/1290
f 1289/1289/1289 1290/1290/1290 1291/1291/1291
f 177/177/177 1288/1288/1288 1285/1285/1285
f 331/331/331 1290/1290/1290 1288/1288/1288
f 332/332/332 1285/1285/1285 1290/1290/1290
f 1288/1288/1288 1290/1290/1290 1285/1285/1285
f 87/87/87 1284/1284/1284 1271/1271/1271
f 329/329/329 1292/1292/1292 1284/1284/1284
f 327/327/327 1271/1271/1271 1292/1292/1292
f 1284/1284/1284 1292/1292/1292 1271/1271/1271
f 88/88/88 1291/1291/1291 1279/1279/1279
f 331/331/331 1293/1293/1293 1291/1291/1291
f 329/329/329 1279/1279/1279 1293/1293/1293
f 1291/1291/1291 1293/1293/1293 1279/1279/1279
f 46/46/46 1275/1275/1275 1287/1287/1287
f 327/327/327 1294/1294/1294 1275/1275/1275
f 331/331/331 1287/1287/1287 1294/1294/1294
f 1275/1275/1275 1294/1294/1294 1287/1287/1287
f 329/329/329 1293/1293/1293 1292/1292/1292
f 331/331/331 1294/1294/1294 1293/1293/1293
f 327/327/327 1292/1292/1292 1294/1294/1294
f 1293/1293/1293 1294/1294/1294 1292/1292/1292
f 5/5/5 1295/1295/1295 1297/1297/1297
f 333/333/333 1296/1296/1296 1295/1295/1295
f 335/335/335 1297/1297/1297 1296/1296/1296
f 1295/1295/1295 1296/1296/1296 1297/1297/1297
f 89/89/89 1298/1298/1298 1300/1300/1300
f 334/334/334 1299/1299/1299 1298/1298/1298
f 333/333/333 1300/1300/1300 1299/1299/1299
f 1298/1298/1298 1299/1299/1299 1300/1300/1300
f 91/91/91 1301/1301/1301 1303/1303/1303
f 335/335/335 1302/1302/1302 1301/1301/1301
f 334/334/334 1303/1303/1303 1302/1302/1302
f 1301/1301/1301 1302/1302/1302 1303/1303/1303
f 333/333/333 1299/1299/1299 1296/1296/1296
f 334/334/334 1302/1302/1302 1299/1299/1299
f 335/335/335 1296/1296/1296 1302/1302/1302
f 1299/1299/1299 1302/1302/1302 1296/1296/1296
f 26/26/26 1304/1304/1304 1306/1306/1306
f 336/336/336 1305/1305/1305 1304/1304/1304
f 338/338/338 1306/1306/1306 1305/1305/1305
f 1304/1304/1304 1305/1305/1305 1306/1306/1306
f 90/90/90 1307/1307/1307 1309/1309/1309
f 337/337/337 1308/1308/1308 1307/1307/1307
f 336/336/336 1309/1309/1309 1308/1308/1308
f 1307/1307/1307 1308/1308/1308 1309/1309/1309
f 89/89/89 1310/1310/1310 1312/1312/1312
f 338/338/338 1311/1311/1311 1310/1310/1310
f 337/337/337 1312/1312/1312 1311/1311/1311
f 1310/1310/1310 1311/1311/1311 1312/1312/1312
f 336/336/336 1308/1308/1308 1305/1305/1305
f 337/337/337 1311/1311/1311 1308/1308/1308
f 338/338/338 1305/1305/1305 1311/1311/1311
f 1308/1308/1308 1311/1311/1311 1305/1305/1305
f 25/25/25 1313/1313/1313 1315/1315/1315
f 339/339/339 1314/1314/1314 1313/1313/1313
f 341/341/341 1315/1315/1315 1314/1314/1314
f 1313/1313/1313 1314/1314/1314 1315/1315/1315
f 91/91/91 1316/1316/1316 1318/1318/1318
f 340/340/340 1317/1317/1317 1316/1316/1316
f 339/339/339 1318/1318/1318 1317/1317/1317
f 1316/1316/1316 1317/1317/1317 1318/1318/1318
f 90/90/90 1319/1319/1319 1321/1321/1321
f 341/341/341 1320/1320/1320 1319/1319/1319
f 340/340/340 1321/1321/1321 1320/1320/1320
f 1319/1319/1319 1320/1320/1320 1321/1321/1321
f 339/339/339 1317/1317/1317 1314/1314/1314
f 340/340/340 1320/1320/1320 1317/1317/1317
f 341/341/341 1314/1314/1314 1320/1320/1320
f 1317/1317/1317 1320/1320/1320 1314/1314/1314
f 89/89/89 1312/1312/1312 1298/1298/1298
f 337/337/337 1322/1322/1322 1312/1312/1312
f 334/334/334 1298/1298/1298 1322/1322/1322
f 1312/1312/1312 1322/1322/1322 1298/1298/1298
f 90/90/90 1321/1321/1321 1307/1307/1307
f 340/340/340 1323/1323/1323 1321/1321/1321
f 337/337/337 1307/1307/1307 1323/1323/1323
f 1321/1321/1321 1323/1323/1323 1307/1307/1307
f 91/91/91 1303/1303/1303 1316/1316/1316
f 334/334/334 1324/1324/1324 1303/1303/1303
f 340/340/340 1316/1316/1316 1324/1324/1324
f 1303/1303/1303 1324/1324/1324 1316/1316/1316
f 337/337/337 1323/1323/1323 1322/1322/1322
f 340/340/340 1324/1324/1324 1323/1323/1323
f 334/334/334 1322/1322/1322 1324/1324/1324
f 1323/1323/1323 1324/1324/1324 1322/1322/1322
f 14/14/14 1286/1286/1286 1250/1250/1250
f 332/332/332 1325/1325/1325 1286/1286/1286
f 321/321/321 1250/1250/1250 1325/1325/1325
f 1286/1286/1286 1325/1325/1325 1250/1250/1250
f 88/88/88 1326/1326/1326 1289/1289/1289
f 342/342/342 1327/1327/1327 1326/1326/1326
f 332/332/332 1289/1289/1289 1327/1327/1327
f 1326/1326/1326 1327/1327/1327 1289/1289/1289
f 85/85/85 1254/1254/1254 1329/1329/1329
f 321/321/321 1328/1328/1328 1254/1254/1254
f 342/342/342 1329/1329/1329 1328/1328/1328
f 1254/1254/1254 1328/1328/1328 1329/1329/1329
f 332/332/332 1327/1327/1327 1325/1325/1325
f 342/342/342 1328/1328/1328 1327/1327/1327
f 321/321/321 1325/1325/1325 1328/1328/1328
f 1327/1327/1327 1328/1328/1328 1325/1325/1325
f 25/25/25 1315/1315/1315 1276/1276/1276
f 341/341/341 1330/1330/1330 1315/1315/1315
f 328/328/328 1276/1276/1276 1330/1330/1330
f 1315/1315/1315 1330/1330/1330 1276/1276/1276
f 90/90/90 1331/1331/1331 1319/1319/1319
f 343/343/343 1332/1332/1332 1331/1331/1331
f 341/341/341 1319/1319/1319 1332/1332/1332
f 1331/1331/1331 1332/1332/1332 1319/1319/1319
f 88/88/88 1281/1281/1281 1334/1334/1334
f 328/328/328 1333/1333/1333 1281/1281/1281
f 343/343/343 1334/1334/1334 1333/1333/1333
f 1281/1281/1281 1333/1333/1333 1334/1334/1334
f 341/341/341 1332/1332/1332 1330/1330/1330
f 343/343/343 1333/1333/1333 1332/1332/1332
f 328/328/328 1330/1330/1330 1333/1333/1333
f 1332/1332/1332 1333/1333/1333 1330/1330/1330
f 26/26/26 1259/1259/1259 1304/1304/1304
f 325/325/325 1335/1335/1335 1259/1259/1259
f 336/336/336 1304/1304/1304 1335/1335/1335
f 1259/1259/1259 1335/1335/1335 1304/1304/1304
f 85/85/85 1336/1336/1336 1263/1263/1263
f 344/344/344 1337/1337/1337 1336/1336/1336
f 325/325/325 1263/1263/1263 1337/1337/1337
f 1336/1336/1336 1337/1337/1337 1263/1263/1263
f 90/90/90 1309/1309/1309 1339/1339/1339
f 336/336/336 1338/1338/1338 1309/1309/1309
f 344/344/344 1339/1339/1339 1338/1338/1338
f 1309/1309/1309 1338/1338/1338 1339/1339/1339
f 325/325/325 1337/1337/1337 1335/1335/1335
f 344/344/344 1338/1338/1338 1337/1337/1337
f 336/336/336 1335/1335/1335 1338/1338/1338
f 1337/1337/1337 1338/1338/1338 1335/1335/1335
f 88/88/88 1334/1334/1334 1326/1326/1326
f 343/343/343 1340/1340/1340 1334/1334/1334
f 342/342/342 1326/1326/1326 1340/1340/1340
f 1334/1334/1334 1340/1340/1340 1326/1326/1326
f 90/90/90 1339/1339/1339 1331/1331/1331
f 344/344/344 1341/1341/1341 1339/1339/1339
f 343/343/343 1331/1331/1331 1341/1341/1341
f 1339/1339/1339 1341/1341/1341 1331/1331/1331
f 85/85/85 1329/1329/1329 1336/1336/1336
f 342/342/342 1342/1342/1342 1329/1329/1329
f 344/344/344 1336/1336/1336 1342/1342/1342
f 1329/1329/1329 1342/1342/1342 1336/1336/1336
f 343/343/343 1341/1341/1341 1340/1340/1340
f 344/344/344 1342/1342/1342 1341/1341/1341
f 342/342/342 1340/1340/1340 1342/1342/1342
f 1341/1341/1341 1342/1342/1342 1340/1340/1340
f 12/12/12 1100/1100/1100 1344/1344/1344
f 284/284/284 1343/1343/1343 1100/1100/1100
f 346/346/346 1344/1344/1344 1343/1343/1343
f 1100/1100/1100 1343/1343/1343 1344/1344/1344
f 77/77/77 1345/1345/1345 1103/1103/1103
f 345/345/345 1346/1346/1346 1345/1345/1345
f 284/284/284 1103/1103/1103 1346/1346/1346
f 1345/1345/1345 1346/1346/1346 1103/1103/1103
f 93/93/93 1347/1347/1347 1349/1349/1349
f 346/346/346 1348/1348/1348 1347/1347/1347
f 345/345/345 1349/1349/1349 1348/1348/1348
f 1347/1347/1347 1348/1348/1348 1349/1349/1349
f 284/284/284 1346/1346/1346 1343/1343/1343
f 345/345/345 1348/1348/1348 1346/1346/1346
f 346/346/346 1343/1343/1343 1348/1348/1348
f 1346/1346/1346 1348/1348/1348 1343/1343/1343
f 22/22/22 1350/1350/1350 1113/1113/1113
f 347/347/347 1351/1351/1351 1350/1350/1350
f 287/287/287 1113/1113/1113 1351/1351/1351
f 1350/1350/1350 1351/1351/1351 1113/1113/1113
f 92/92/92 1352/1352/1352 1354/1354/1354
f 348/348/348 1353/1353/1353 1352/1352/1352
f 347/347/347 1354/1354/1354 1353/1353/1353
f 1352/1352/1352 1353/1353/1353 1354/1354/1354
f 77/77/77 1118/1118/1118 1356/1356/1356
f 287/287/287 1355/1355/1355 1118/1118/1118
f 348/348/348 1356/1356/1356 1355/1355/1355
f 1118/1118/1118 1355/1355/1355 1356/1356/1356
f 347/347/347 1353/1353/1353 1351/1351/1351
f 348/348/348 1355/1355/1355 1353/1353/1353
f 287/287/287 1351/1351/1351 1355/1355/1355
f 1353/1353/1353 1355/1355/1355 1351/1351/1351
f 28/28/28 1357/1357/1357 1359/1359/1359
f 349/349/349 1358/1358/1358 1357/1357/1357
f 351/351/351 1359/1359/1359 1358/1358/1358
f 1357/1357/1357 1358/1358/1358 1359/1359/1359
f 93/93/93 1360/1360/1360 1362/1362/1362
f 350/350/350 1361/1361/1361 1360/1360/1360
f 349/349/349 1362/1362/1362 1361/1361/1361
f 1360/1360/1360 1361/1361/1361 1362/1362/1362
f 92/92/92 1363/1363/1363 1365/1365/1365
f 351/351/351 1364/1364/1364 1363/1363/1363
f 350/350/350 1365/1365/1365 1364/1364/1364
f 1363/1363/1363 1364/1364/1364 1365/1365/1365
f 349/349/349 1361/1361/1361 1358/1358/1358
f 350/350/350 1364/1364/1364 1361/1361/1361
f 351/351/351 1358/1358/1358 1364/1364/1364
f 1361/1361/1361 1364/1364/1364 1358/1358/1358
f 77/77/77 1356/1356/1356 1345/1345/1345
f 348/348/348 1366/1366/1366 1356/1356/1356
f 345/345/345 1345/1345/1345 1366/1366/1366
f 1356/1356/1356 1366/1366/1366 1345/1345/1345
f 92/92/92 1365/1365/1365 1352/1352/1352
f 350/350/350 1367/1367/1367 1365/1365/1365
f 348/348/348 1352/1352/1352 1367/1367/1367
f 1365/1365/1365 1367/1367/1367 1352/1352/1352
f 93/93/93 1349/1349/1349 1360/1360/1360
f 345/345/345 1368/1368/1368 1349/1349/1349
f 350/350/350 1360/1360/1360 1368/1368/1368
f 1349/1349/1349 1368/1368/1368 1360/1360/1360
f 348/348/348 1367/1367/1367 1366/1366/1366
f 350/350/350 1368/1368/1368 1367/1367/1367
f 345/345/345 1366/1366/1366 1368/1368/1368
f 1367/1367/1367 1368/1368/1368 1366/1366/1366
f 11/11/11 1369/1369/1369 1073/1073/1073
f 352/352/352 1370/1370/1370 1369/1369/1369
f 276/276/276 1073/1073/1073 1370/1370/1370
f 1369/1369/1369 1370/1370/1370 1073/1073/1073
f 94/94/94 1371/1371/1371 1373/1373/1373
f 353/353/353 1372/1372/1372 1371/1371/1371
f 352/352/352 1373/1373/1373 1372/1372/1372
f 1371/1371/1371 1372/1372/1372 1373/1373/1373
f 74/74/74 1077/1077/1077 1375/1375/1375
f 276/276/276 1374/1374/1374 1077/1077/1077
f 353/353/353 1375/1375/1375 1374/1374/1374
f 1077/1077/1077 1374/1374/1374 1375/1375/1375
f 352/352/352 1372/1372/1372 1370/1370/1370
f 353/353/353 1374/1374/1374 1372/1372/1372
f 276/276/276 1370/1370/1370 1374/1374/1374
f 1372/1372/1372 1374/1374/1374 1370/1370/1370
f 27/27/27 1376/1376/1376 1378/1378/1378
f 354/354/354 1377/1377/1377 1376/1376/1376
f 356/356/356 1378/1378/1378 1377/1377/1377
f 1376/1376/1376 1377/1377/1377 1378/1378/1378
f 95/95/95 1379/1379/1379 1381/1381/1381
f 355/355/355 1380/1380/1380 1379/1379/1379
f 354/354/354 1381/1381/1381 1380/1380/1380
f 1379/1379/1379 1380/1380/1380 1381/1381/1381
f 94/94/94 1382/1382/1382 1384/1384/1384
f 356/356/356 1383/1383/1383 1382/1382/1382
f 355/355/355 1384/1384/1384 1383/1383/1383
f 1382/1382/1382 1383/1383/1383 1384/1384/1384
f 354/354/354 1380/1380/1380 1377/1377/1377
f 355/355/355 1383/1383/1383 1380/1380/1380
f 356/356/356 1377/1377/1377 1383/1383/1383
f 1380/1380/1380 1383/1383/1383 1377/1377/1377
f 22/22/22 1082/1082/1082 1386/1386/1386
f 280/280/280 1385/1385/1385 1082/1082/1082
f 358/358/358 1386/1386/1386 1385/1385/1385
f 1082/1082/1082 1385/1385/1385 1386/1386/1386
f 74/74/74 1387/1387/1387 1086/1086/1086
f 357/357/357 1388/1388/1388 1387/1387/1387
f 280/280/280 1086/1086/1086 1388/1388/1388
f 1387/1387/1387 1388/1388/1388 1086/1086/1086
f 95/95/95 1389/1389/1389 1391/1391/1391
f 358/358/358 1390/1390/1390 1389/1389/1389
f 357/357/357 1391/1391/1391 1390/1390/1390
f 1389/1389/1389 1390/1390/1390 1391/1391/1391
f 280/280/280 1388/1388/1388 1385/1385/1385
f 357/357/357 1390/1390/1390 1388/1388/1388
f 358/358/358 1385/1385/1385 1390/1390/1390
f 1388/1388/1388 1390/1390/1390 1385/1385/1385
f 94/94/94 1384/1384/1384 1371/1371/1371
f 355/355/355 1392/1392/1392 1384/1384/1384
f 353/353/353 1371/1371/1371 1392/1392/1392
f 1384/1384/1384 1392/1392/1392 1371/1371/1371
f 95/95/95 1391/1391/1391 1379/1379/1379
f 357/357/357 1393/1393/1393 1391/1391/1391
f 355/355/355 1379/1379/1379 1393/1393/1393
f 1391/1391/1391 1393/1393/1393 1379/1379/1379
f 74/74/74 1375/1375/1375 1387/1387/1387
f 353/353/353 1394/1394/1394 1375/1375/1375
f 357/357/357 1387/1387/1387 1394/1394/1394
f 1375/1375/1375 1394/1394/1394 1387/1387/1387
f 355/355/355 1393/1393/1393 1392/1392/1392
f 357/357/357 1394/1394/1394 1393/1393/1393
f 353/353/353 1392/1392/1392 1394/1394/1394
f 1393/1393/1393 1394/1394/1394 1392/1392/1392
f 3/3/3 1395/1395/1395 1397/1397/1397
f 359/359/359 1396/1396/1396 1395/1395/1395
f 361/361/361 1397/1397/1397 1396/1396/1396
f 1395/1395/1395 1396/1396/1396 1397/1397/1397
f 96/96/96 1398/1398/1398 1400/1400/1400
f 360/360/360 1399/1399/1399 1398/1398/1398
f 359/359/359 1400/1400/1400 1399/1399/1399
f 1398/1398/1398 1399/1399/1399 1400/1400/1400
f 98/98/98 1401/1401/1401 1403/1403/1403
f 361/361/361 1402/1402/1402 1401/1401/1401
f 360/360/360 1403/1403/1403 1402/1402/1402
f 1401/1401/1401 1402/1402/1402 1403/1403/1403
f 359/359/359 1399/1399/1399 1396/1396/1396
f 360/360/360 1402/1402/1402 1399/1399/1399
f 361/361/361 1396/1396/1396 1402/1402/1402
f 1399/1399/1399 1402/1402/1402 1396/1396/1396
f 28/28/28 1404/1404/1404 1406/1406/1406
f 362/362/362 1405/1405/1405 1404/1404/1404
f 364/364/364 1406/1406/1406 1405/1405/1405
f 1404/1404/1404 1405/1405/1405 1406/1406/1406
f 97/97/97 1407/1407/1407 1409/1409/1409
f 363/363/363 1408/1408/1408 1407/1407/1407
f 362/362/362 1409/1409/1409 1408/1408/1408
f 1407/1407/1407 1408/1408/1408 1409/1409/1409
f 96/96/96 1410/1410/1410 1412/1412/1412
f 364/364/364 1411/1411/1411 1410/1410/1410
f 363/363/363 1412/1412/1412 1411/1411/1411
f 1410/1410/1410 1411/1411/1411 1412/1412/1412
f 362/362/362 1408/1408/1408 1405/1405/1405
f 363/363/363 1411/1411/1411 1408/1408/1408
f 364/364/364 1405/1405/1405 1411/1411/1411
f 1408/1408/1408 1411/1411/1411 1405/1405/1405
f 27/27/27 1413/1413/1413 1415/1415/1415
f 365/365/365 1414/1414/1414 1413/1413/1413
f 367/367/367 1415/1415/1415 1414/1414/1414
f 1413/1413/1413 1414/1414/1414 1415/1415/1415
f 98/98/98 1416/1416/1416 1418/1418/1418
f 366/366/366 1417/1417/1417 1416/1416/1416
f 365/365/365 1418/1418/1418 1417/1417/1417
f 1416/1416/1416 1417/1417/1417 1418/1418/1418
f 97/97/97 1419/1419/1419 1421/1421/1421
f 367/367/367 1420/1420/1420 1419/1419/1419
f 366/366/366 1421/1421/1421 1420/1420/1420
f 1419/1419/1419 1420/1420/1420 1421/1421/1421
f 365/365/365 1417/1417/1417 1414/1414/1414
f 366/366/366 1420/1420/1420 1417/1417/1417
f 367/367/367 1414/1414/1414 1420/1420/1420
f 1417/1417/1417 1420/1420/1420 1414/1414/1414
f 96/96/96 1412/1412/1412 1398/1398/1398
f 363/363/363 1422/1422/1422 1412/1412/1412
f 360/360/360 1398/1398/1398 1422/1422/1422
f 1412/1412/1412 1422/1422/1422 1398/1398/1398
f 97/97/97 1421/1421/1421 1407/1407/1407
f 366/366/366 1423/1423/1423 1421/1421/1421
f 363/363/363 1407/1407/1407 1423/1423/1423
f 1421/1421/1421 1423/1423/1423 1407/1407/1407
f 98/98/98 1403/1403/1403 1416/1416/1416
f 360/360/360 1424/1424/1424 1403/1403/1403
f 366/366/366 1416/1416/1416 1424/1424/1424
f 1403/1403/1403 1424/1424/1424 1416/1416/1416
f 363/363/363 1423/1423/1423 1422/1422/1422
f 366/366/366 1424/1424/1424 1423/1423/1423
f 360/360/360 1422/1422/1422 1424/1424/1424
f 1423/1423/1423 1424/1424/1424 1422/1422/1422
f 22/22/22 1386/1386/1386 1350/1350/1350
f 358/358/358 1425/1425/1425 1386/1386/1386
f 347/347/347 1350/1350/1350 1425/1425/1425
f 1386/1386/1386 1425/1425/1425 1350/1350/1350
f 95/95/95 1426/1426/1426 1389/1389/1389
f 368/368/368 1427/1427/1427 1426/1426/1426
f 358/358/358 1389/1389/1389 1427/1427/1427
f 1426/1426/1426 1427/1427/1427 1389/1389/1389
f 92/92/92 1354/1354/1354 1429/1429/1429
f 347/347/347 1428/1428/1428 1354/1354/1354
f 368/368/368 1429/1429/1429 1428/1428/1428
f 1354/1354/1354 1428/1428/1428 1429/1429/1429
f 358/358/358 1427/1427/1427 1425/1425/1425
f 368/368/368 1428/1428/1428 1427/1427/1427
f 347/347/347 1425/1425/1425 1428/1428/1428
f 1427/1427/1427 1428/1428/1428 1425/1425/1425
f 27/27/27 1415/1415/1415 1376/1376/1376
f 367/367/367 1430/1430/1430 1415/1415/1415
f 354/354/354 1376/1376/1376 1430/1430/1430
f 1415/1415/1415 1430/1430/1430 1376/1376/1376
f 97/97/97 1431/1431/1431 1419/1419/1419
f 369/369/369 1432/1432/1432 1431/1431/1431
f 367/367/367 1419/1419/1419 1432/1432/1432
f 1431/1431/1431 1432/1432/1432 1419/1419/1419
f 95/95/95 1381/1381/1381 1434/1434/1434
f 354/354/354 1433/1433/1433 1381/1381/1381
f 369/369/369 1434/1434/1434 1433/1433/1433
f 1381/1381/1381 1433/1433/1433 1434/1434/1434
f 367/367/367 1432/1432/1432 1430/1430/1430
f 369/369/369 1433/1433/1433 1432/1432/1432
f 354/354/354 1430/1430/1430 1433/1433/1433
f 1432/1432/1432 1433/1433/1433 1430/1430/1430
f 28/28/28 1359/1359/1359 1404/1404/1404
f 351/351/351 1435/1435/1435 1359/1359/1359
f 362/362/362 1404/1404/1404 1435/1435/1435
f 1359/1359/1359 1435/1435/1435 1404/1404/1404
f 92/92/92 1436/1436/1436 1363/1363/1363
f 370/370/370 1437/1437/1437 1436/1436/1436
f 351/351/351 1363/1363/1363 1437/1437/1437
f 1436/1436/1436 1437/1437/1437 1363/1363/1363
f 97/97/97 1409/1409/1409 1439/1439/1439
f 362/362/362 1438/1438/1438 1409/1409/1409
f 370/370/370 1439/1439/1439 1438/1438/1438
f 1409/1409/1409 1438/1438/1438 1439/1439/1439
f 351/351/351 1437/1437/1437 1435/1435/1435
f 370/370/370 1438/1438/1438 1437/1437/1437
f 362/362/362 1435/1435/1435 1438/1438/1438
f 1437/1437/1437 1438/1438/1438 1435/1435/1435
f 95/95/95 1434/1434/1434 1426/1426/1426
f 369/369/369 1440/1440/1440 1434/1434/1434
f 368/368/368 1426/1426/1426 1440/1440/1440
f 1434/1434/1434 1440/1440/1440 1426/1426/1426
f 97/97/97 1439/1439/1439 1431/1431/1431
f 370/370/370 1441/1441/1441 1439/1439/1439
f 369/369/369 1431/1431/1431 1441/1441/1441
f 1439/1439/1439 1441/1441/1441 1431/1431/1431
f 92/92/92 1429/1429/1429 1436/1436/1436
f 368/368/368 1442/1442/1442 1429/1429/1429
f 370/370/370 1436/1436/1436 1442/1442/1442
f 1429/1429/1429 1442/1442/1442 1436/1436/1436
f 369/369/369 1441/1441/1441 1440/1440/1440
f 370/370/370 1442/1442/1442 1441/1441/1441
f 368/368/368 1440/1440/1440 1442/1442/1442
f 1441/1441/1441 1442/1442/1442 1440/1440/1440
f 11/11/11 1005/1005/1005 1444/1444/1444
f 261/261/261 1443/1443/1443 1005/1005/1005
f 372/372/372 1444/1444/1444 1443/1443/1443
f 1005/1005/1005 1443/1443/1443 1444/1444/1444
f 72/72/72 1445/1445/1445 1009/1009/1009
f 371/371/371 1446/1446/1446 1445/1445/1445
f 261/261/261 1009/1009/1009 1446/1446/1446
f 1445/1445/1445 1446/1446/1446 1009/1009/1009
f 100/100/100 1447/1447/1447 1449/1449/1449
f 372/372/372 1448/1448/1448 1447/1447/1447
f 371/371/371 1449/1449/1449 1448/1448/1448
f 1447/1447/1447 1448/1448/1448 1449/1449/1449
f 261/261/261 1446/1446/1446 1443/1443/1443
f 371/371/371 1448/1448/1448 1446/1446/1446
f 372/372/372 1443/1443/1443 1448/1448/1448
f 1446/1446/1446 1448/1448/1448 1443/1443/1443
f 20/20/20 1450/1450/1450 1021/1021/1021
f 373/373/373 1451/1451/1451 1450/1450/1450
f 265/265/265 1021/1021/1021 1451/1451/1451
f 1450/1450/1450 1451/1451/1451 1021/1021/1021
f 99/99/99 1452/1452/1452 1454/1454/1454
f 374/374/374 1453/1453/1453 1452/1452/1452
f 373/373/373 1454/1454/1454 1453/1453/1453
f 1452/1452/1452 1453/1453/1453 1454/1454/1454
f 72/72/72 1026/1026/1026 1456/1456/1456
f 265/265/265 1455/1455/1455 1026/1026/1026
f 374/374/374 1456/1456/1456 1455/1455/1455
f 1026/1026/1026 1455/1455/1455 1456/1456/1456
f 373/373/373 1453/1453/1453 1451/1451/1451
f 374/374/374 1455/1455/1455 1453/1453/1453
f 265/265/265 1451/1451/1451 1455/1455/1455
f 1453/1453/1453 1455/1455/1455 1451/1451/1451
f 30/30/30 1457/1457/1457 1459/1459/1459
f 375/375/375 1458/1458/1458 1457/1457/1457
f 377/377/377 1459/1459/1459 1458/1458/1458
f 1457/1457/1457 1458/1458/1458 1459/1459/1459
f 100/100/100 1460/1460/1460 1462/1462/1462
f 376/376/376 1461/1461/1461 1460/1460/1460
f 375/375/375 1462/1462/1462 1461/1461/1461
f 1460/1460/1460 1461/1461/1461 1462/1462/1462
f 99/99/99 1463/1463/1463 1465/1465/1465
f 377/377/377 1464/1464/1464 1463/1463/1463
f 376/376/376 1465/1465/1465 1464/1464/1464
f 1463/1463/1463 1464/1464/1464 1465/1465/1465
f 375/375/375 1461/1461/1461 1458/1458/1458
f 376/376/376 1464/1464/1464 1461/1461/1461
f 377/377/377 1458/1458/1458 1464/1464/1464
f 1461/1461/1461 1464/1464/1464 1458/1458/1458
f 72/72/72 1456/1456/1456 1445/1445/1445
f 374/374/374 1466/1466/1466 1456/1456/1456
f 371/371/371 1445/1445/1445 1466/1466/1466
f 1456/1456/1456 1466/1466/1466 1445/1445/1445
f 99/99/99 1465/1465/1465 1452/1452/1452
f 376/376/376 1467/1467/1467 1465/1465/1465
f 374/374/374 1452/1452/1452 1467/1467/1467
f 1465/1465/1465 1467/1467/1467 1452/1452/1452
f 100/100/100 1449/1449/1449 1460/1460/1460
f 371/371/371 1468/1468/1468 1449/1449/1449
f 376/376/376 1460/1460/1460 1468/1468/1468
f 1449/1449/1449 1468/1468/1468 1460/1460/1460
f 374/374/374 1467/1467/1467 1466/1466/1466
f 376/376/376 1468/1468/1468 1467/1467/1467
f 371/371/371 1466/1466/1466 1468/1468/1468
f 1467/1467/1467 1468/1468/1468 1466/1466/1466
f 8/8/8 1469/1469/1469 977/977/977
f 378/378/378 1470/1470/1470 1469/1469/1469
f 252/252/252 977/977/977 1470/1470/1470
f 1469/1469/1469 1470/1470/1470 977/977/977
f 101/101/101 1471/1471/1471 1473/1473/1473
f 379/379/379 1472/1472/1472 1471/1471/1471
f 378/378/378 1473/1473/1473 1472/1472/1472
f 1471/1471/1471 1472/1472/1472 1473/1473/1473
f 68/68/68 981/981/981 1475/1475/1475
f 252/252/252 1474/1474/1474 981/981/981
f 379/379/379 1475/1475/1475 1474/1474/1474
f 981/981/981 1474/1474/1474 1475/1475/1475
f 378/378/378 1472/1472/1472 1470/1470/1470
f 379/379/379 1474/1474/1474 1472/1472/1472
f 252/252/252 1470/1470/1470 1474/1474/1474
f 1472/1472/1472 1474/1474/1474 1470/1470/1470
f 29/29/29 1476/1476/1476 1478/1478/1478
f 380/380/380 1477/1477/1477 1476/1476/1476
f 382/382/382 1478/1478/1478 1477/1477/1477
f 1476/1476/1476 1477/1477/1477 1478/1478/1478
f 102/102/102 1479/1479/1479 1481/1481/1481
f 381/381/381 1480/1480/1480 1479/1479/1479
f 380/380/380 1481/1481/1481 1480/1480/1480
f 1479/1479/1479 1480/1480/1480 1481/1481/1481
f 101/101/101 1482/1482/1482 1484/1484/1484
f 382/382/382 1483/1483/1483 1482/1482/1482
f 381/381/381 1484/1484/1484 1483/1483/1483
f 1482/1482/1482 1483/1483/1483 1484/1484/1484
f 380/380/380 1480/1480/1480 1477/1477/1477
f 381/381/381 1483/1483/1483 1480/1480/1480
f 382/382/382 1477/1477/1477 1483/1483/1483
f 1480/1480/1480 1483/1483/1483 1477/1477/1477
f 20/20/20 986/986/986 1486/1486/1486
f 256/256/256 1485/1485/1485 986/986/986
f 384/384/384 1486/1486/1486 1485/1485/1485
f 986/986/986 1485/1485/1485 1486/1486/1486
f 68/68/68 1487/1487/1487 990/990/990
f 383/383/383 1488/1488/1488 1487/1487/1487
f 256/256/256 990/990/990 1488/1488/1488
f 1487/1487/1487 1488/1488/1488 990/990/990
f 102/102/102 1489/1489/1489 1491/1491/1491
f 384/384/384 1490/1490/1490 1489/1489/1489
f 383/383/383 1491/1491/1491 1490/1490/1490
f 1489/1489/1489 1490/1490/1490 1491/1491/1491
f 256/256/256 1488/1488/1488 1485/1485/1485
f 383/383/383 1490/1490/1490 1488/1488/1488
f 384/384/384 1485/1485/1485 1490/1490/1490
f 1488/1488/1488 1490/1490/1490 1485/1485/1485
f 101/101/101 1484/1484/1484 1471/1471/1471
f 381/381/381 1492/1492/1492 1484/1484/1484
f 379/379/379 1471/1471/1471 1492/1492/1492
f 1484/1484/1484 1492/1492/1492 1471/1471/1471
f 102/102/102 1491/1491/1491 1479/1479/1479
f 383/383/383 1493/1493/1493 1491/1491/1491
f 381/381/381 1479/1479/1479 1493/1493/1493
f 1491/1491/1491 1493/1493/1493 1479/1479/1479
f 68/68/68 1475/1475/1475 1487/1487/1487
f 379/379/379 1494/1494/1494 1475/1475/1475
f 383/383/383 1487/1487/1487 1494/1494/1494
f 1475/1475/1475 1494/1494/1494 1487/1487/1487
f 381/381/381 1493/1493/1493 1492/1492/1492
f 383/383/383 1494/1494/1494 1493/1493/1493
f 379/379/379 1492/1492/1492 1494/1494/1494
f 1493/1493/1493 1494/1494/1494 1492/1492/1492
f 7/7/7 1495/1495/1495 1497/1497/1497
f 385/385/385 1496/1496/1496 1495/1495/1495
f 387/387/387 1497/1497/1497 1496/1496/1496
f 1495/1495/1495 1496/1496/1496 1497/1497/1497
f 103/103/103 1498/1498/1498 1500/1500/1500
f 386/386/386 1499/1499/1499 1498/1498/1498
f 385/385/385 1500/1500/1500 1499/1499/1499
f 1498/1498/1498 1499/1499/1499 1500/1500/1500
f 105/105/105 1501/1501/1501 1503/1503/1503
f 387/387/387 1502/1502/1502 1501/1501/1501
f 386/386/386 1503/1503/1503 1502/1502/1502
f 1501/1501/1501 1502/1502/1502 1503/1503/1503
f 385/385/385 1499/1499/1499 1496/1496/1496
f 386/386/386 1502/1502/1502 1499/1499/1499
f 387/387/387 1496/1496/1496 1502/1502/1502
f 1499/1499/1499 1502/1502/1502 1496/1496/1496
f 30/30/30 1504/1504/1504 1506/1506/1506
f 388/388/388 1505/1505/1505 1504/1504/1504
f 390/390/390 1506/1506/1506 1505/1505/1505
f 1504/1504/1504 1505/1505/1505 1506/1506/1506
f 104/104/104 1507/1507/1507 1509/1509/1509
f 389/389/389 1508/1508/1508 1507/1507/1507
f 388/388/388 1509/1509/1509 1508/1508/1508
f 1507/1507/1507 1508/1508/1508 1509/1509/1509
f 103/103/103 1510/1510/1510 1512/1512/1512
f 390/390/390 1511/1511/1511 1510/1510/1510
f 389/389/389 1512/1512/1512 1511/1511/1511
f 1510/1510/1510 1511/1511/1511 1512/1512/1512
f 388/388/388 1508/1508/1508 1505/1505/1505
f 389/389/389 1511/1511/1511 1508/1508/1508
f 390/390/390 1505/1505/1505 1511/1511/1511
f 1508/1508/1508 1511/1511/1511 1505/1505/1505
f 29/29/29 1513/1513/1513 1515/1515/1515
f 391/391/391 1514/1514/1514 1513/1513/1513
f 393/393/393 1515/1515/1515 1514/1514/1514
f 1513/1513/1513 1514/1514/1514 1515/1515/1515
f 105/105/105 1516/1516/1516 1518/1518/1518
f 392/392/392 1517/1517/1517 1516/1516/1516
f 391/391/391 1518/1518/1518 1517/1517/1517
f 1516/1516/1516 1517/1517/1517 1518/1518/1518
f 104/104/104 1519/1519/1519 1521/1521/1521
f 393/393/393 1520/1520/1520 1519/1519/1519
f 392/392/392 1521/1521/1521 1520/1520/1520
f 1519/1519/1519 1520/1520/1520 1521/1521/1521
f 391/391/391 1517/1517/1517 1514/1514/1514
f 392/392/392 1520/1520/1520 1517/1517/1517
f 393/393/393 1514/1514/1514 1520/1520/1520
f 1517/1517/1517 1520/1520/1520 1514/1514/1514
f 103/103/103 1512/1512/1512 1498/1498/1498
f 389/389/389 1522/1522/1522 1512/1512/1512
f 386/386/386 1498/1498/1498 1522/1522/1522
f 1512/1512/1512 1522/1522/1522 1498/1498/1498
f 104/104/104 1521/1521/1521 1507/1507/1507
f 392/392/392 1523/1523/1523 1521/1521/1521
f 389/389/389 1507/1507/1507 1523/1523/1523
f 1521/1521/1521 1523/1523/1523 1507/1507/1507
f 105/105/105 1503/1503/1503 1516/1516/1516
f 386/386/386 1524/1524/1524 1503/1503/1503
f 392/392/392 1516/1516/1516 1524/1524/1524
f 1503/1503/1503 1524/1524/1524 1516/1516/1516
f 389/389/389 1523/1523/1523 1522/1522/1522
f 392/392/392 1524/1524/1524 1523/1523/1523
f 386/386/386 1522/1522/1522 1524/1524/1524
f 1523/1523/1523 1524/1524/1524 1522/1522/1522
f 20/20/20 1486/1486/1486 1450/1450/1450
f 384/384/384 1525/1525/1525 1486/1486/1486
f 373/373/373 1450/1450/1450 1525/1525/1525
f 1486/1486/1486 1525/1525/1525 1450/1450/1450
f 102/102/102 1526/1526/1526 1489/1489/1489
f 394/394/394 1527/1527/1527 1526/1526/1526
f 384/384/384 1489/1489/1489 1527/1527/1527
f 1526/1526/1526 1527/1527/1527 1489/1489/1489
f 99/99/99 1454/1454/1454 1529/1529/1529
f 373/373/373 1528/1528/1528 1454/1454/1454
f 394/394/394 1529/1529/1529 1528/1528/1528
f 1454/1454/1454 1528/1528/1528 1529/1529/1529
f 384/384/384 1527/1527/1527 1525/1525/1525
f 394/394/394 1528/1528/1528 1527/1527/1527
f 373/373/373 1525/1525/1525 1528/1528/1528
f 1527/1527/1527 1528/1528/1528 1525/1525/1525
f 29/29/29 1515/1515/1515 1476/1476/1476
f 393/393/393 1530/1530/1530 1515/1515/1515
f 380/380/380 1476/1476/1476 1530/1530/1530
f 1515/1515/1515 1530/1530/1530 1476/1476/1476
f 104/104/104 1531/1531/1531 1519/1519/1519
f 395/395/395 1532/1532/1532 1531/1531/1531
f 393/393/393 1519/1519/1519 1532/1532/1532
f 1531/1531/1531 1532/1532/1532 1519/1519/1519
f 102/102/102 1481/1481/1481 1534/1534/1534
f 380/380/380 1533/1533/1533 1481/1481/1481
f 395/395/395 1534/1534/1534 1533/1533/1533
f 1481/1481/1481 1533/1533/1533 1534/1534/1534
f 393/393/393 1532/1532/1532 1530/1530/1530
f 395/395/395 1533/1533/1533 1532/1532/1532
f 380/380/380 1530/1530/1530 1533/1533/1533
f 1532/1532/1532 1533/1533/1533 1530/1530/1530
f 30/30/30 1459/1459/1459 1504/1504/1504
f 377/377/377 1535/1535/1535 1459/1459/1459
f 388/388/388 1504/1504/1504 1535/1535/1535
f 1459/1459/1459 1535/1535/1535 1504/1504/1504
f 99/99/99 1536/1536/1536 1463/1463/1463
f 396/396/396 1537/1537/1537 1536/1536/1536
f 377/377/377 1463/1463/1463 1537/1537/1537
f 1536/1536/1536 1537/1537/1537 1463/1463/1463
f 104/104/104 1509/1509/1509 1539/1539/1539
f 388/388/388 1538/1538/1538 1509/1509/1509
f 396/396/396 1539/1539/1539 1538/1538/1538
f 1509/1509/1509 1538/1538/1538 1539/1539/1539
f 377/377/377 1537/1537/1537 1535/1535/1535
f 396/396/396 1538/1538/1538 1537/1537/1537
f 388/388/388 1535/1535/1535 1538/1538/1538
f 1537/1537/1537 1538/1538/1538 1535/1535/1535
f 102/102/102 1534/1534/1534 1526/1526/1526
f 395/395/395 1540/1540/1540 1534/1534/1534
f 394/394/394 1526/1526/1526 1540/1540/1540
f 1534/1534/1534 1540/1540/1540 1526/1526/1526
f 104/104/104 1539/1539/1539 1531/1531/1531
f 396/396/396 1541/1541/1541 1539/1539/1539
f 395/395/395 1531/1531/1531 1541/1541/1541
f 1539/1539/1539 1541/1541/1541 1531/1531/1531
f 99/99/99 1529/1529/1529 1536/1536/1536
f 394/394/394 1542/1542/1542 1529/1529/1529
f 396/396/396 1536/1536/1536 1542/1542/1542
f 1529/1529/1529 1542/1542/1542 1536/1536/1536
f 395/395/395 1541/1541/1541 1540/1540/1540
f 396/396/396 1542/1542/1542 1541/1541/1541
f 394/394/394 1540/1540/1540 1542/1542/1542
f 1541/1541/1541 1542/1542/1542 1540/1540/1540
f 8/8/8 905/905/905 1544/1544/1544
f 235/235/235 1543/1543/1543 905/905/905
f 398/398/398 1544/1544/1544 1543/1543/1543
f 905/905/905 1543/1543/1543 1544/1544/1544
f 65/65/65 1545/1545/1545 909/909/909
f 397/397/397 1546/1546/1546 1545/1545/1545
f 235/235/235 909/909/909 1546/1546/1546
f 1545/1545/1545 1546/1546/1546 909/909/909
f 107/107/107 1547/1547/1547 1549/1549/1549
f 398/398/398 1548/1548/1548 1547/1547/1547
f 397/397/397 1549/1549/1549 1548/1548/1548
f 1547/1547/1547 1548/1548/1548 1549/1549/1549
f 235/235/235 1546/1546/1546 1543/1543/1543
f 397/397/397 1548/1548/1548 1546/1546/1546
f 398/398/398 1543/1543/1543 1548/1548/1548
f 1546/1546/1546 1548/1548/1548 1543/1543/1543
f 18/18/18 1550/1550/1550 921/921/921
f 399/399/399 1551/1551/1551 1550/1550/1550
f 239/239/239 921/921/921 1551/1551/1551
f 1550/1550/1550 1551/1551/1551 921/921/921
f 106/106/106 1552/1552/1552 1554/1554/1554
f 400/400/400 1553/1553/1553 1552/1552/1552
f 399/399/399 1554/1554/1554 1553/1553/1553
f 1552/1552/1552 1553/1553/1553 1554/1554/1554
f 65/65/65 926/926/926 1556/1556/1556
f 239/239/239 1555/1555/1555 926/926/926
f 400/400/400 1556/1556/1556 1555/1555/1555
f 926/926/926 1555/1555/1555 1556/1556/1556
f 399/399/399 1553/1553/1553 1551/1551/1551
f 400/400/400 1555/1555/1555 1553/1553/1553
f 239/239/239 1551/1551/1551 1555/1555/1555
f 1553/1553/1553 1555/1555/1555 1551/1551/1551
f 32/32/32 1557/1557/1557 1559/1559/1559
f 401/401/401 1558/1558/1558 1557/1557/1557
f 403/403/403 1559/1559/1559 1558/1558/1558
f 1557/1557/1557 1558/1558/1558 1559/1559/1559
f 107/107/107 1560/1560/1560 1562/1562/1562
f 402/402/402 1561/1561/1561 1560/1560/1560
f 401/401/401 1562/1562/1562 1561/1561/1561
f 1560/1560/1560 1561/1561/1561 1562/1562/1562
f 106/106/106 1563/1563/1563 1565/1565/1565
f 403/403/403 1564/1564/1564 1563/1563/1563
f 402/402/402 1565/1565/1565 1564/1564/1564
f 1563/1563/1563 1564/1564/1564 1565/1565/1565
f 401/401/401 1561/1561/1561 1558/1558/1558
f 402/402/402 1564/1564/1564 1561/1561/1561
f 403/403/403 1558/1558/1558 1564/1564/1564
f 1561/1561/1561 1564/1564/1564 1558/1558/1558
f 65/65/65 1556/1556/1556 1545/1545/1545
f 400/400/400 1566/1566/1566 1556/1556/1556
f 397/397/397 1545/1545/1545 1566/1566/1566
f 1556/1556/1556 1566/1566/1566 1545/1545/1545
f 106/106/106 1565/1565/1565 1552/1552/1552
f 402/402/402 1567/1567/1567 1565/1565/1565
f 400/400/400 1552/1552/1552 1567/1567/1567
f 1565/1565/1565 1567/1567/1567 1552/1552/1552
f 107/107/107 1549/1549/1549 1560/1560/1560
f 397/397/397 1568/1568/1568 1549/1549/1549
f 402/402/402 1560/1560/1560 1568/1568/1568
f 1549/1549/1549 1568/1568/1568 1560/1560/1560
f 400/400/400 1567/1567/1567 1566/1566/1566
f 402/402/402 1568/1568/1568 1567/1567/1567
f 397/397/397 1566/1566/1566 1568/1568/1568
f 1567/1567/1567 1568/1568/1568 1566/1566/1566
f 2/2/2 1569/1569/1569 877/877/877
f 404/404/404 1570/1570/1570 1569/1569/1569
f 226/226/226 877/877/877 1570/1570/1570
f 1569/1569/1569 1570/1570/1570 877/877/877
f 108/108/108 1571/1571/1571 1573/1573/1573
f 405/405/405 1572/1572/1572 1571/1571/1571
f 404/404/404 1573/1573/1573 1572/1572/1572
f 1571/1571/1571 1572/1572/1572 1573/1573/1573
f 61/61/61 881/881/881 1575/1575/1575
f 226/226/226 1574/1574/1574 881/881/881
f 405/405/405 1575/1575/1575 1574/1574/1574
f 881/881/881 1574/1574/1574 1575/1575/1575
f 404/404/404 1572/1572/1572 1570/1570/1570
f 405/405/405 1574/1574/1574 1572/1572/1572
f 226/226/226 1570/1570/1570 1574/1574/1574
f 1572/1572/1572 1574/1574/1574 1570/1570/1570
f 31/31/31 1576/1576/1576 1578/1578/1578
f 406/406/406 1577/1577/1577 1576/1576/1576
f 408/408/408 1578/1578/1578 1577/1577/1577
f 1576/1576/1576 1577/1577/1577 1578/1578/1578
f 109/109/109 1579/1579/1579 1581/1581/1581
f 407/407/407 1580/1580/1580 1579/1579/1579
f 406/406/406 1581/1581/1581 1580/1580/1580
f 1579/1579/1579 1580/1580/1580 1581/1581/1581
f 108/108/108 1582/1582/1582 1584/1584/1584
f 408/408/408 1583/1583/1583 1582/1582/1582
f 407/407/407 1584/1584/1584 1583/1583/1583
f 1582/1582/1582 1583/1583/1583 1584/1584/1584
f 406/406/406 1580/1580/1580 1577/1577/1577
f 407/407/407 1583/1583/1583 1580/1580/1580
f 408/408/408 1577/1577/1577 1583/1583/1583
f 1580/1580/1580 1583/1583/1583 1577/1577/1577
f 18/18/18 886/886/886 1586/1586/1586
f 230/230/230 1585/1585/1585 886/886/886
f 410/410/410 1586/1586/1586 1585/1585/1585
f 886/886/886 1585/1585/1585 1586/1586/1586
f 61/61/61 1587/1587/1587 890/890/890
f 409/409/409 1588/1588/1588 1587/1587/1587
f 230/230/230 890/890/890 1588/1588/1588
f 1587/1587/1587 1588/1588/1588 890/890/890
f 109/109/109 1589/1589/1589 1591/1591/1591
f 410/410/410 1590/1590/1590 1589/1589/1589
f 409/409/409 1591/1591/1591 1590/1590/1590
f 1589/1589/1589 1590/1590/1590 1591/1591/1591
f 230/230/230 1588/1588/1588 1585/1585/1585
f 409/409/409 1590/1590/1590 1588/1588/1588
f 410/410/410 1585/1585/1585 1590/1590/1590
f 1588/1588/1588 1590/1590/1590 1585/1585/1585
f 108/108/108 1584/1584/1584 1571/1571/1571
f 407/407/407 1592/1592/1592 1584/1584/1584
f 405/405/405 1571/1571/1571 1592/1592/1592
f 1584/1584/1584 1592/1592/1592 1571/1571/1571
f 109/109/109 1591/1591/1591 1579/1579/1579
f 409/409/409 1593/1593/1593 1591/1591/1591
f 407/407/407 1579/1579/1579 1593/1593/1593
f 1591/1591/1591 1593/1593/1593 1579/1579/1579
f 61/61/61 1575/1575/1575 1587/1587/1587
f 405/405/405 1594/1594/1594 1575/1575/1575
f 409/409/409 1587/1587/1587 1594/1594/1594
f 1575/1575/1575 1594/1594/1594 1587/1587/1587
f 407/407/407 1593/1593/1593 1592/1592/1592
f 409/409/409 1594/1594/1594 1593/1593/1593
f 405/405/405 1592/1592/1592 1594/1594/1594
f 1593/1593/1593 1594/1594/1594 1592/1592/1592
f 9/9/9 1595/1595/1595 1597/1597/1597
f 411/411/411 1596/1596/1596 1595/1595/1595
f 413/413/413 1597/1597/1597 1596/1596/1596
f 1595/1595/1595 1596/1596/1596 1597/1597/1597
f 110/110/110 1598/1598/1598 1600/1600/1600
f 412/412/412 1599/1599/1599 1598/1598/1598
f 411/411/411 1600/1600/1600 1599/1599/1599
f 1598/1598/1598 1599/1599/1599 1600/1600/1600
f 112/112/112 1601/1601/1601 1603/1603/1603
f 413/413/413 1602/1602/1602 1601/1601/1601
f 412/412/412 1603/1603/1603 1602/1602/1602
f 1601/1601/1601 1602/1602/1602 1603/1603/1603
f 411/411/411 1599/1599/1599 1596/1596/1596
f 412/412/412 1602/1602/1602 1599/1599/1599
f 413/413/413 1596/1596/1596 1602/1602/1602
f 1599/1599/1599 1602/1602/1602 1596/1596/1596
f 32/32/32 1604/1604/1604 1606/1606/1606
f 414/414/414 1605/1605/1605 1604/1604/1604
f 416/416/416 1606/1606/1606 1605/1605/1605
f 1604/1604/1604 1605/1605/1605 1606/1606/1606
f 111/111/111 1607/1607/1607 1609/1609/1609
f 415/415/415 1608/1608/1608 1607/1607/1607
f 414/414/414 1609/1609/1609 1608/1608/1608
f 1607/1607/1607 1608/1608/1608 1609/1609/1609
f 110/110/110 1610/1610/1610 1612/1612/1612
f 416/416/416 1611/1611/1611 1610/1610/1610
f 415/415/415 1612/1612/1612 1611/1611/1611
f 1610/1610/1610 1611/1611/1611 1612/1612/1612
f 414/414/414 1608/1608/1608 1605/1605/1605
f 415/415/415 1611/1611/1611 1608/1608/1608
f 416/416/416 1605/1605/1605 1611/1611/1611
f 1608/1608/1608 1611/1611/1611 1605/1605/1605
f 31/31/31 1613/1613/1613 1615/1615/1615
f 417/417/417 1614/1614/1614 1613/1613/1613
f 419/419/419 1615/1615/1615 1614/1614/1614
f 1613/1613/1613 1614/1614/1614 1615/1615/1615
f 112/112/112 1616/1616/1616 1618/1618/1618
f 418/418/418 1617/1617/1617 1616/1616/1616
f 417/417/417 1618/1618/1618 1617/1617/1617
f 1616/1616/1616 1617/1617/1617 1618/1618/1618
f 111/111/111 1619/1619/1619 1621/1621/1621
f 419/419/419 1620/1620/1620 1619/1619/1619
f 418/418/418 1621/1621/1621 1620/1620/1620
f 1619/1619/1619 1620/1620/1620 1621/1621/1621
f 417/417/417 1617/1617/1617 1614/1614/1614
f 418/418/418 1620/1620/1620 1617/1617/1617
f 419/419/419 1614/1614/1614 1620/1620/1620
f 1617/1617/1617 1620/1620/1620 1614/1614/1614
f 110/110/110 1612/1612/1612 1598/1598/1598
f 415/415/415 1622/1622/1622 1612/1612/1612
f 412/412/412 1598/1598/1598 1622/1622/1622
f 1612/1612/1612 1622/1622/1622 1598/1598/1598
f 111/111/111 1621/1621/1621 1607/1607/1607
f 418/418/418 1623/1623/1623 1621/1621/1621
f 415/415/415 1607/1607/1607 1623/1623/1623
f 1621/1621/1621 1623/1623/1623 1607/1607/1607
f 112/112/112 1603/1603/1603 1616/1616/1616
f 412/412/412 1624/1624/1624 1603/1603/1603
f 418/418/418 1616/1616/1616 1624/1624/1624
f 1603/1603/1603 1624/1624/1624 1616/1616/1616
f 415/415/415 1623/1623/1623 1622/1622/1622
f 418/418/418 1624/1624/1624 1623/1623/1623
f 412/412/412 1622/1622/1622 1624/1624/1624
f 1623/1623/1623 1624/1624/1624 1622/1622/1622
f 18/18/18 1586/1586/1586 1550/1550/1550
f 410/410/410 1625/1625/1625 1586/1586/1586
f 399/399/399 1550/1550/1550 1625/1625/1625
f 1586/1586/1586 1625/1625/1625 1550/1550/1550
f 109/109/109 1626/1626/1626 1589/1589/1589
f 420/420/420 1627/1627/1627 1626/1626/1626
f 410/410/410 1589/1589/1589 1627/1627/1627
f 1626/1626/1626 1627/1627/1627 1589/1589/1589
f 106/106/106 1554/1554/1554 1629/1629/1629
f 399/399/399 1628/1628/1628 1554/1554/1554
f 420/420/420 1629/1629/1629 1628/1628/1628
f 1554/1554/1554 1628/1628/1628 1629/1629/1629
f 410/410/410 1627/1627/1627 1625/1625/1625
f 420/420/420 1628/1628/1628 1627/1627/1627
f 399/399/399 1625/1625/1625 1628/1628/1628
f 1627/1627/1627 1628/1628/1628 1625/1625/1625
f 31/31/31 1615/1615/1615 1576/1576/1576
f 419/419/419 1630/1630/1630 1615/1615/1615
f 406/406/406 1576/1576/1576 1630/1630/1630
f 1615/1615/1615 1630/1630/1630 1576/1576/1576
f 111/111/111 1631/1631/1631 1619/1619/1619
f 421/421/421 1632/1632/1632 1631/1631/1631
f 419/419/419 1619/1619/1619 1632/1632/1632
f 1631/1631/1631 1632/1632/1632 1619/1619/1619
f 109/109/109 1581/1581/1581 1634/1634/1634
f 406/406/406 1633/1633/1633 1581/1581/1581
f 421/421/421 1634/1634/1634 1633/1633/1633
f 1581/1581/1581 1633/1633/1633 1634/1634/1634
f 419/419/419 1632/1632/1632 1630/1630/1630
f 421/421/421 1633/1633/1633 1632/1632/1632
f 406/406/406 1630/1630/1630 1633/1633/1633
f 1632/1632/1632 1633/1633/1633 1630/1630/1630
f 32/32/32 1559/1559/1559 1604/1604/1604
f 403/403/403 1635/1635/1635 1559/1559/1559
f 414/414/414 1604/1604/1604 1635/1635/1635
f 1559/1559/1559 1635/1635/1635 1604/1604/1604
f 106/106/106 1636/1636/1636 1563/1563/1563
f 422/422/422 1637/1637/1637 1636/1636/1636
f 403/403/403 1563/1563/1563 1637/1637/1637
f 1636/1636/1636 1637/1637/1637 1563/1563/1563
f 111/111/111 1609/1609/1609 1639/1639/1639
f 414/414/414 1638/1638/1638 1609/1609/1609
f 422/422/422 1639/1639/1639 1638/1638/1638
f 1609/1609/1609 1638/1638/1638 1639/1639/1639
f 403/403/403 1637/1637/1637 1635/1635/1635
f 422/422/422 1638/1638/1638 1637/1637/1637
f 414/414/414 1635/1635/1635 1638/1638/1638
f 1637/1637/1637 1638/1638/1638 1635/1635/1635
f 109/109/109 1634/1634/1634 1626/1626/1626
f 421/421/421 1640/1640/1640 1634/1634/1634
f 420/420/420 1626/1626/1626 1640/1640/1640
f 1634/1634/1634 1640/1640/1640 1626/1626/1626
f 111/111/111 1639/1639/1639 1631/1631/1631
f 422/422/422 1641/1641/1641 1639/1639/1639
f 421/421/421 1631/1631/1631 1641/1641/1641
f 1639/1639/1639 1641/1641/1641 1631/1631/1631
f 106/106/106 1629/1629/1629 1636/1636/1636
f 420/420/420 1642/1642/1642 1629/1629/1629
f 422/422/422 1636/1636/1636 1642/1642/1642
f 1629/1629/1629 1642/1642/1642 1636/1636/1636
f 421/421/421 1641/1641/1641 1640/1640/1640
f 422/422/422 1642/1642/1642 1641/1641/1641
f 420/420/420 1640/1640/1640 1642/1642/1642
f 1641/1641/1641 1642/1642/1642 1640/1640/1640
f 4/4/4 1643/1643/1643 1645/1645/1645
f 423/423/423 1644/1644/1644 1643/1643/1643
f 425/425/425 1645/1645/1645 1644/1644/1644
f 1643/1643/1643 1644/1644/1644 1645/1645/1645
f 113/113/113 1646/1646/1646 1648/1648/1648
f 424/424/424 1647/1647/1647 1646/1646/1646
f 423/423/423 1648/1648/1648 1647/1647/1647
f 1646/1646/1646 1647/1647/1647 1648/1648/1648
f 115/115/115 1649/1649/1649 1651/1651/1651
f 425/425/425 1650/1650/1650 1649/1649/1649
f 424/424/424 1651/1651/1651 1650/1650/1650
f 1649/1649/1649 1650/1650/1650 1651/1651/1651
f 423/423/423 1647/1647/1647 1644/1644/1644
f 424/424/424 1650/1650/1650 1647/1647/1647
f 425/425/425 1644/1644/1644 1650/1650/1650
f 1647/1647/1647 1650/1650/1650 1644/1644/1644
f 33/33/33 1652/1652/1652 1654/1654/1654
f 426/426/426 1653/1653/1653 1652/1652/1652
f 428/428/428 1654/1654/1654 1653/1653/1653
f 1652/1652/1652 1653/1653/1653 1654/1654/1654
f 114/114/114 1655/1655/1655 1657/1657/1657
f 427/427/427 1656/1656/1656 1655/1655/1655
f 426/426/426 1657/1657/1657 1656/1656/1656
f 1655/1655/1655 1656/1656/1656 1657/1657/1657
f 113/113/113 1658/1658/1658 1660/1660/1660
f 428/428/428 1659/1659/1659 1658/1658/1658
f 427/427/427 1660/1660/1660 1659/1659/1659
f 1658/1658/1658 1659/1659/1659 1660/1660/1660
f 426/426/426 1656/1656/1656 1653/1653/1653
f 427/427/427 1659/1659/1659 1656/1656/1656
f 428/428/428 1653/1653/1653 1659/1659/1659
f 1656/1656/1656 1659/1659/1659 1653/1653/1653
f 35/35/35 1661/1661/1661 1663/1663/1663
f 429/429/429 1662/1662/1662 1661/1661/1661
f 431/431/431 1663/1663/1663 1662/1662/1662
f 1661/1661/1661 1662/1662/1662 1663/1663/1663
f 115/115/115 1664/1664/1664 1666/1666/1666
f 430/430/430 1665/1665/1665 1664/1664/1664
f 429/429/429 1666/1666/1666 1665/1665/1665
f 1664/1664/1664 1665/1665/1665 1666/1666/1666
f 114/114/114 1667/1667/1667 1669/1669/1669
f 431/431/431 1668/1668/1668 1667/1667/1667
f 430/430/430 1669/1669/1669 1668/1668/1668
f 1667/1667/1667 1668/1668/1668 1669/1669/1669
f 429/429/429 1665/1665/1665 1662/1662/1662
f 430/430/430 1668/1668/1668 1665/1665/1665
f 431/431/431 1662/1662/1662 1668/1668/1668
f 1665/1665/1665 1668/1668/1668 1662/1662/1662
f 113/113/113 1660/1660/1660 1646/1646/1646
f 427/427/427 1670/1670/1670 1660/1660/1660
f 424/424/424 1646/1646/1646 1670/1670/1670
f 1660/1660/1660 1670/1670/1670 1646/1646/1646
f 114/114/114 1669/1669/1669 1655/1655/1655
f 430/430/430 1671/1671/1671 1669/1669/1669
f 427/427/427 1655/1655/1655 1671/1671/1671
f 1669/1669/1669 1671/1671/1671 1655/1655/1655
f 115/115/115 1651/1651/1651 1664/1664/1664
f 424/424/424 1672/1672/1672 1651/1651/1651
f 430/430/430 1664/1664/1664 1672/1672/1672
f 1651/1651/1651 1672/1672/1672 1664/1664/1664
f 427/427/427 1671/1671/1671 1670/1670/1670
f 430/430/430 1672/1672/1672 1671/1671/1671
f 424/424/424 1670/1670/1670 1672/1672/1672
f 1671/1671/1671 1672/1672/1672 1670/1670/1670
f 10/10/10 1673/1673/1673 1675/1675/1675
f 432/432/432 1674/1674/1674 1673/1673/1673
f 434/434/434 1675/1675/1675 1674/1674/1674
f 1673/1673/1673 1674/1674/1674 1675/1675/1675
f 116/116/116 1676/1676/1676 1678/1678/1678
f 433/433/433 1677/1677/1677 1676/1676/1676
f 432/432/432 1678/1678/1678 1677/1677/1677
f 1676/1676/1676 1677/1677/1677 1678/1678/1678
f 118/118/118 1679/1679/1679 1681/1681/1681
f 434/434/434 1680/1680/1680 1679/1679/1679
f 433/433/433 1681/1681/1681 1680/1680/1680
f 1679/1679/1679 1680/1680/1680 1681/1681/1681
f 432/432/432 1677/1677/1677 1674/1674/1674
f 433/433/433 1680/1680/1680 1677/1677/1677
f 434/434/434 1674/1674/1674 1680/1680/1680
f 1677/1677/1677 1680/1680/1680 1674/1674/1674
f 34/34/34 1682/1682/1682 1684/1684/1684
f 435/435/435 1683/1683/1683 1682/1682/1682
f 437/437/437 1684/1684/1684 1683/1683/1683
f 1682/1682/1682 1683/1683/1683 1684/1684/1684
f 117/117/117 1685/1685/1685 1687/1687/1687
f 436/436/436 1686/1686/1686 1685/1685/1685
f 435/435/435 1687/1687/1687 1686/1686/1686
f 1685/1685/1685 1686/1686/1686 1687/1687/1687
f 116/116/116 1688/1688/1688 1690/1690/1690
f 437/437/437 1689/1689/1689 1688/1688/1688
f 436/436/436 1690/1690/1690 1689/1689/1689
f 1688/1688/1688 1689/1689/1689 1690/1690/1690
f 435/435/435 1686/1686/1686 1683/1683/1683
f 436/436/436 1689/1689/1689 1686/1686/1686
f 437/437/437 1683/1683/1683 1689/1689/1689
f 1686/1686/1686 1689/1689/1689 1683/1683/1683
f 33/33/33 1691/1691/1691 1693/1693/1693
f 438/438/438 1692/1692/1692 1691/1691/1691
f 440/440/440 1693/1693/1693 1692/1692/1692
f 1691/1691/1691 1692/1692/1692 1693/1693/1693
f 118/118/118 1694/1694/1694 1696/1696/1696
f 439/439/439 1695/1695/1695 1694/1694/1694
f 438/438/438 1696/1696/1696 1695/1695/1695
f 1694/1694/1694 1695/1695/1695 1696/1696/1696
f 117/117/117 1697/1697/1697 1699/1699/1699
f 440/440/440 1698/1698/1698 1697/1697/1697
f 439/439/439 1699/1699/1699 1698/1698/1698
f 1697/1697/1697 1698/1698/1698 1699/1699/1699
f 438/438/438 1695/1695/1695 1692/1692/1692
f 439/439/439 1698/1698/1698 1695/1695/1695
f 440/440/440 1692/1692/1692 1698/1698/1698
f 1695/1695/1695 1698/1698/1698 1692/1692/1692
f 116/116/116 1690/1690/1690 1676/1676/1676
f 436/436/436 1700/1700/1700 1690/1690/1690
f 433/433/433 1676/1676/1676 1700/1700/1700
f 1690/1690/1690 1700/1700/1700 1676/1676/1676
f 117/117/117 1699/1699/1699 1685/1685/1685
f 439/439/439 1701/1701/1701 1699/1699/1699
f 436/436/436 1685/1685/1685 1701/1701/1701
f 1699/1699/1699 1701/1701/1701 1685/1685/1685
f 118/118/118 1681/1681/1681 1694/1694/1694
f 433/433/433 1702/1702/1702 1681/1681/1681
f 439/439/439 1694/1694/1694 1702/1702/1702
f 1681/1681/1681 1702/1702/1702 1694/1694/1694
f 436/436/436 1701/1701/1701 1700/1700/1700
f 439/439/439 1702/1702/1702 1701/1701/1701
f 433/433/433 1700/1700/1700 1702/1702/1702
f 1701/1701/1701 1702/1702/1702 1700/1700/1700
f 5/5/5 1703/1703/1703 1705/1705/1705
f 441/441/441 1704/1704/1704 1703/1703/1703
f 443/443/443 1705/1705/1705 1704/1704/1704
f 1703/1703/1703 1704/1704/1704 1705/1705/1705
f 119/119/119 1706/1706/1706 1708/1708/1708
f 442/442/442 1707/1707/1707 1706/1706/1706
f 441/441/441 1708/1708/1708 1707/1707/1707
f 1706/1706/1706 1707/1707/1707 1708/1708/1708
f 121/121/121 1709/1709/1709 1711/1711/1711
f 443/443/443 1710/1710/1710 1709/1709/1709
f 442/442/442 1711/1711/1711 1710/1710/1710
f 1709/1709/1709 1710/1710/1710 1711/1711/1711
f 441/441/441 1707/1707/1707 1704/1704/1704
f 442/442/442 1710/1710/1710 1707/1707/1707
f 443/443/443 1704/1704/1704 1710/1710/1710
f 1707/1707/1707 1710/1710/1710 1704/1704/1704
f 35/35/35 1712/1712/1712 1714/1714/1714
f 444/444/444 1713/1713/1713 1712/1712/1712
f 446/446/446 1714/1714/1714 1713/1713/1713
f 1712/1712/1712 1713/1713/1713 1714/1714/1714
f 120/120/120 1715/1715/1715 1717/1717/1717
f 445/445/445 1716/1716/1716 1715/1715/1715
f 444/444/444 1717/1717/1717 1716/1716/1716
f 1715/1715/1715 1716/1716/1716 1717/1717/1717
f 119/119/119 1718/1718/1718 1720/1720/1720
f 446/446/446 1719/1719/1719 1718/1718/1718
f 445/445/445 1720/1720/1720 1719/1719/1719
f 1718/1718/1718 1719/1719/1719 1720/1720/1720
f 444/444/444 1716/1716/1716 1713/1713/1713
f 445/445/445 1719/1719/1719 1716/1716/1716
f 446/446/446 1713/1713/1713 1719/1719/1719
f 1716/1716/1716 1719/1719/1719 1713/1713/1713
f 34/34/34 1721/1721/1721 1723/1723/1723
f 447/447/447 1722/1722/1722 1721/1721/1721
f 449/449/449 1723/1723/1723 1722/1722/1722
f 1721/1721/1721 1722/1722/1722 1723/1723/1723
f 121/121/121 1724/1724/1724 1726/1726/1726
f 448/448/448 1725/1725/1725 1724/1724/1724
f 447/447/447 1726/1726/1726 1725/1725/1725
f 1724/1724/1724 1725/1725/1725 1726/1726/1726
f 120/120/120 1727/1727/1727 1729/1729/1729
f 449/449/449 1728/1728/1728 1727/1727/1727
f 448/448/448 1729/1729/1729 1728/1728/1728
f 1727/1727/1727 1728/1728/1728 1729/1729/1729
f 447/447/447 1725/1725/1725 1722/1722/1722
f 448/448/448 1728/1728/1728 1725/1725/1725
f 449/449/449 1722/1722/1722 1728/1728/1728
f 1725/1725/1725 1728/1728/1728 1722/1722/1722
f 119/119/119 1720/1720/1720 1706/1706/1706
f 445/445/445 1730/1730/1730 1720/1720/1720
f 442/442/442 1706/1706/1706 1730/1730/1730
f 1720/1720/1720 1730/1730/1730 1706/1706/1706
f 120/120/120 1729/1729/1729 1715/1715/1715
f 448/448/448 1731/1731/1731 1729/1729/1729
f 445/445/445 1715/1715/1715 1731/1731/1731
f 1729/1729/1729 1731/1731/1731 1715/1715/1715
f 121/121/121 1711/1711/1711 1724/1724/1724
f 442/442/442 1732/1732/1732 1711/1711/1711
f 448/448/448 1724/1724/1724 1732/1732/1732
f 1711/1711/1711 1732/1732/1732 1724/1724/1724
f 445/445/445 1731/1731/1731 1730/1730/1730
f 448/448/448 1732/1732/1732 1731/1731/1731
f 442/442/442 1730/1730/1730 1732/1732/1732
f 1731/1731/1731 1732/1732/1732 1730/1730/1730
f 33/33/33 1693/1693/1693 1652/1652/1652
f 440/440/440 1733/1733/1733 1693/1693/1693
f 426/426/426 1652/1652/1652 1733/1733/1733
f 1693/1693/1693 1733/1733/1733 1652/1652/1652
f 117/117/117 1734/1734/1734 1697/1697/1697
f 450/450/450 1735/1735/1735 1734/1734/1734
f 440/440/440 1697/1697/1697 1735/1735/1735
f 1734/1734/1734 1735/1735/1735 1697/1697/1697
f 114/114/114 1657/1657/1657 1737/1737/1737
f 426/426/426 1736/1736/1736 1657/1657/1657
f 450/450/450 1737/1737/1737 1736/1736/1736
f 1657/1657/1657 1736/1736/1736 1737/1737/1737
f 440/440/440 1735/1735/1735 1733/1733/1733
f 450/450/450 1736/1736/1736 1735/1735/1735
f 426/426/426 1733/1733/1733 1736/1736/1736
f 1735/1735/1735 1736/1736/1736 1733/1733/1733
f 34/34/34 1723/1723/1723 1682/1682/1682
f 449/449/449 1738/1738/1738 1723/1723/1723
f 435/435/435 1682/1682/1682 1738/1738/1738
f 1723/1723/1723 1738/1738/1738 1682/1682/1682
f 120/120/120 1739/1739/1739 1727/1727/1727
f 451/451/451 1740/1740/1740 1739/1739/1739
f 449/449/449 1727/1727/1727 1740/1740/1740
f 1739/1739/1739 1740/1740/1740 1727/1727/1727
f 117/117/117 1687/1687/1687 1742/1742/1742
f 435/435/435 1741/1741/1741 1687/1687/1687
f 451/451/451 1742/1742/1742 1741/1741/1741
f 1687/1687/1687 1741/1741/1741 1742/1742/1742
f 449/449/449 1740/1740/1740 1738/1738/1738
f 451/451/451 1741/1741/1741 1740/1740/1740
f 435/435/435 1738/1738/1738 1741/1741/1741
f 1740/1740/1740 1741/1741/1741 1738/1738/1738
f 35/35/35 1663/1663/1663 1712/1712/1712
f 431/431/431 1743/1743/1743 1663/1663/1663
f 444/444/444 1712/1712/1712 1743/1743/1743
f 1663/1663/1663 1743/1743/1743 1712/1712/1712
f 114/114/114 1744/1744/1744 1667/1667/1667
f 452/452/452 1745/1745/1745 1744/1744/1744
f 431/431/431 1667/1667/1667 1745/1745/1745
f 1744/1744/1744 1745/1745/1745 1667/1667/1667
f 120/120/120 1717/1717/1717 1747/1747/1747
f 444/444/444 1746/1746/1746 1717/1717/1717
f 452/452/452 1747/1747/1747 1746/1746/1746
f 1717/1717/1717 1746/1746/1746 1747/1747/1747
f 431/431/431 1745/1745/1745 1743/1743/1743
f 452/452/452 1746/1746/1746 1745/1745/1745
f 444/444/444 1743/1743/1743 1746/1746/1746
f 1745/1745/1745 1746/1746/1746 1743/1743/1743
f 117/117/117 1742/1742/1742 1734/1734/1734
f 451/451/451 1748/1748/1748 1742/1742/1742
f 450/450/450 1734/1734/1734 1748/1748/1748
f 1742/1742/1742 1748/1748/1748 1734/1734/1734
f 120/120/120 1747/1747/1747 1739/1739/1739
f 452/452/452 1749/1749/1749 1747/1747/1747
f 451/451/451 1739/1739/1739 1749/1749/1749
f 1747/1747/1747 1749/1749/1749 1739/1739/1739
f 114/114/114 1737/1737/1737 1744/1744/1744
f 450/450/450 1750/1750/1750 1737/1737/1737
f 452/452/452 1744/1744/1744 1750/1750/1750
f 1737/1737/1737 1750/1750/1750 1744/1744/1744
f 451/451/451 1749/1749/1749 1748/1748/1748
f 452/452/452 1750/1750/1750 1749/1749/1749
f 450/450/450 1748/1748/1748 1750/1750/1750
f 1749/1749/1749 1750/1750/1750 1748/1748/1748
f 4/4/4 1645/1645/1645 1752/1752/1752
f 425/425/425 1751/1751/1751 1645/1645/1645
f 454/454/454 1752/1752/1752 1751/1751/1751
f 1645/1645/1645 1751/1751/1751 1752/1752/1752
f 115/115/115 1753/1753/1753 1649/1649/1649
f 453/453/453 1754/1754/1754 1753/1753/1753
f 425/425/425 1649/1649/1649 1754/1754/1754
f 1753/1753/1753 1754/1754/1754 1649/1649/1649
f 123/123/123 1755/1755/1755 1757/1757/1757
f 454/454/454 1756/1756/1756 1755/1755/1755
f 453/453/453 1757/1757/1757 1756/1756/1756
f 1755/1755/1755 1756/1756/1756 1757/1757/1757
f 425/425/425 1754/1754/1754 1751/1751/1751
f 453/453/453 1756/1756/1756 1754/1754/1754
f 454/454/454 1751/1751/1751 1756/1756/1756
f 1754/1754/1754 1756/1756/1756 1751/1751/1751
f 35/35/35 1758/1758/1758 1661/1661/1661
f 455/455/455 1759/1759/1759 1758/1758/1758
f 429/429/429 1661/1661/1661 1759/1759/1759
f 1758/1758/1758 1759/1759/1759 1661/1661/1661
f 122/122/122 1760/1760/1760 1762/1762/1762
f 456/456/456 1761/1761/1761 1760/1760/1760
f 455/455/455 1762/1762/1762 1761/1761/1761
f 1760/1760/1760 1761/1761/1761 1762/1762/1762
f 115/115/115 1666/1666/1666 1764/1764/1764
f 429/429/429 1763/1763/1763 1666/1666/1666
f 456/456/456 1764/1764/1764 1763/1763/1763
f 1666/1666/1666 1763/1763/1763 1764/1764/1764
f 455/455/455 1761/1761/1761 1759/1759/1759
f 456/456/456 1763/1763/1763 1761/1761/1761
f 429/429/429 1759/1759/1759 1763/1763/1763
f 1761/1761/1761 1763/1763/1763 1759/1759/1759
f 37/37/37 1765/1765/1765 1767/1767/1767
f 457/457/457 1766/1766/1766 1765/1765/1765
f 459/459/459 1767/1767/1767 1766/1766/1766
f 1765/1765/1765 1766/1766/1766 1767/1767/1767
f 123/123/123 1768/1768/1768 1770/1770/1770
f 458/458/458 1769/1769/1769 1768/1768/1768
f 457/457/457 1770/1770/1770 1769/1769/1769
f 1768/1768/1768 1769/1769/1769 1770/1770/1770
f 122/122/122 1771/1771/1771 1773/1773/1773
f 459/459/459 1772/1772/1772 1771/1771/1771
f 458/458/458 1773/1773/1773 1772/1772/1772
f 1771/1771/1771 1772/1772/1772 1773/1773/1773
f 457/457/457 1769/1769/1769 1766/1766/1766
f 458/458/458 1772/1772/1772 1769/1769/1769
f 459/459/459 1766/1766/1766 1772/1772/1772
f 1769/1769/1769 1772/1772/1772 1766/1766/1766
f 115/115/115 1764/1764/1764 1753/1753/1753
f 456/456/456 1774/1774/1774 1764/1764/1764
f 453/453/453 1753/1753/1753 1774/1774/1774
f 1764/1764/1764 1774/1774/1774 1753/1753/1753
f 122/122/122 1773/1773/1773 1760/1760/1760
f 458/458/458 1775/1775/1775 1773/1773/1773
f 456/456/456 1760/1760/1760 1775/1775/1775
f 1773/1773/1773 1775/1775/1775 1760/1760/1760
f 123/123/123 1757/1757/1757 1768/1768/1768
f 453/453/453 1776/1776/1776 1757/1757/1757
f 458/458/458 1768/1768/1768 1776/1776/1776
f 1757/1757/1757 1776/1776/1776 1768/1768/1768
f 456/456/456 1775/1775/1775 1774/1774/1774
f 458/458/458 1776/1776/1776 1775/1775/1775
f 453/453/453 1774/1774/1774 1776/1776/1776
f 1775/1775/1775 1776/1776/1776 1774/1774/1774
f 5/5/5 1777/1777/1777 1703/1703/1703
f 460/460/460 1778/1778/1778 1777/1777/1777
f 441/441/441 1703/1703/1703 1778/1778/1778
f 1777/1777/1777 1778/1778/1778 1703/1703/1703
f 124/124/124 1779/1779/1779 1781/1781/1781
f 461/461/461 1780/1780/1780 1779/1779/1779
f 460/460/460 1781/1781/1781 1780/1780/1780
f 1779/1779/1779 1780/1780/1780 1781/1781/1781
f 119/119/119 1708/1708/1708 1783/1783/1783
f 441/441/441 1782/1782/1782 1708/1708/1708
f 461/461/461 1783/1783/1783 1782/1782/1782
f 1708/1708/1708 1782/1782/1782 1783/1783/1783
f 460/460/460 1780/1780/1780 1778/1778/1778
f 461/461/461 1782/1782/1782 1780/1780/1780
f 441/441/441 1778/1778/1778 1782/1782/1782
f 1780/1780/1780 1782/1782/1782 1778/1778/1778
f 36/36/36 1784/1784/1784 1786/1786/1786
f 462/462/462 1785/1785/1785 1784/1784/1784
f 464/464/464 1786/1786/1786 1785/1785/1785
f 1784/1784/1784 1785/1785/1785 1786/1786/1786
f 125/125/125 1787/1787/1787 1789/1789/1789
f 463/463/463 1788/1788/1788 1787/1787/1787
f 462/462/462 1789/1789/1789 1788/1788/1788
f 1787/1787/1787 1788/1788/1788 1789/1789/1789
f 124/124/124 1790/1790/1790 1792/1792/1792
f 464/464/464 1791/1791/1791 1790/1790/1790
f 463/463/463 1792/1792/1792 1791/1791/1791
f 1790/1790/1790 1791/1791/1791 1792/1792/1792
f 462/462/462 1788/1788/1788 1785/1785/1785
f 463/463/463 1791/1791/1791 1788/1788/1788
f 464/464/464 1785/1785/1785 1791/1791/1791
f 1788/1788/1788 1791/1791/1791 1785/1785/1785
f 35/35/35 1714/1714/1714 1794/1794/1794
f 446/446/446 1793/1793/1793 1714/1714/1714
f 466/466/466 1794/1794/1794 1793/1793/1793
f 1714/1714/1714 1793/1793/1793 1794/1794/1794
f 119/119/119 1795/1795/1795 1718/1718/1718
f 465/465/465 1796/1796/1796 1795/1795/1795
f 446/446/446 1718/1718/1718 1796/1796/1796
f 1795/1795/1795 1796/1796/1796 1718/1718/1718
f 125/125/125 1797/1797/1797 1799/1799/1799
f 466/466/466 1798/1798/1798 1797/1797/1797
f 465/465/465 1799/1799/1799 1798/1798/1798
f 1797/1797/1797 1798/1798/1798 1799/1799/1799
f 446/446/446 1796/1796/1796 1793/1793/1793
f 465/465/465 1798/1798/1798 1796/1796/1796
f 466/466/466 1793/1793/1793 1798/1798/1798
f 1796/1796/1796 1798/1798/1798 1793/1793/1793
f 124/124/124 1792/1792/1792 1779/1779/1779
f 463/463/463 1800/1800/1800 1792/1792/1792
f 461/461/461 1779/1779/1779 1800/1800/1800
f 1792/1792/1792 1800/1800/1800 1779/1779/1779
f 125/125/125 1799/1799/1799 1787/1787/1787
f 465/465/465 1801/1801/1801 1799/1799/1799
f 463/463/463 1787/1787/1787 1801/1801/1801
f 1799/1799/1799 1801/1801/1801 1787/1787/1787
f 119/119/119 1783/1783/1783 1795/1795/1795
f 461/461/461 1802/1802/1802 1783/1783/1783
f 465/465/465 1795/1795/1795 1802/1802/1802
f 1783/1783/1783 1802/1802/1802 1795/1795/1795
f 463/463/463 1801/1801/1801 1800/1800/1800
f 465/465/465 1802/1802/1802 1801/1801/1801
f 461/461/461 1800/1800/1800 1802/1802/1802
f 1801/1801/1801 1802/1802/1802 1800/1800/1800
f 3/3/3 1803/1803/1803 1805/1805/1805
f 467/467/467 1804/1804/1804 1803/1803/1803
f 469/469/469 1805/1805/1805 1804/1804/1804
f 1803/1803/1803 1804/1804/1804 1805/1805/1805
f 126/126/126 1806/1806/1806 1808/1808/1808
f 468/468/468 1807/1807/1807 1806/1806/1806
f 467/467/467 1808/1808/1808 1807/1807/1807
f 1806/1806/1806 1807/1807/1807 1808/1808/1808
f 128/128/128 1809/1809/1809 1811/1811/1811
f 469/469/469 1810/1810/1810 1809/1809/1809
f 468/468/468 1811/1811/1811 1810/1810/1810
f 1809/1809/1809 1810/1810/1810 1811/1811/1811
f 467/467/467 1807/1807/1807 1804/1804/1804
f 468/468/468 1810/1810/1810 1807/1807/1807
f 469/469/469 1804/1804/1804 1810/1810/1810
f 1807/1807/1807 1810/1810/1810 1804/1804/1804
f 37/37/37 1812/1812/1812 1814/1814/1814
f 470/470/470 1813/1813/1813 1812/1812/1812
f 472/472/472 1814/1814/1814 1813/1813/1813
f 1812/1812/1812 1813/1813/1813 1814/1814/1814
f 127/127/127 1815/1815/1815 1817/1817/1817
f 471/471/471 1816/1816/1816 1815/1815/1815
f 470/470/470 1817/1817/1817 1816/1816/1816
f 1815/1815/1815 1816/1816/1816 1817/1817/1817
f 126/126/126 1818/1818/1818 1820/1820/1820
f 472/472/472 1819/1819/1819 1818/1818/1818
f 471/471/471 1820/1820/1820 1819/1819/1819
f 1818/1818/1818 1819/1819/1819 1820/1820/1820
f 470/470/470 1816/1816/1816 1813/1813/1813
f 471/471/471 1819/1819/1819 1816/1816/1816
f 472/472/472 1813/1813/1813 1819/1819/1819
f 1816/1816/1816 1819/1819/1819 1813/1813/1813
f 36/36/36 1821/1821/1821 1823/1823/1823
f 473/473/473 1822/1822/1822 1821/1821/1821
f 475/475/475 1823/1823/1823 1822/1822/1822
f 1821/1821/1821 1822/1822/1822 1823/1823/1823
f 128/128/128 1824/1824/1824 1826/1826/1826
f 474/474/474 1825/1825/1825 1824/1824/1824
f 473/473/473 1826/1826/1826 1825/1825/1825
f 1824/1824/1824 1825/1825/1825 1826/1826/1826
f 127/127/127 1827/1827/1827 1829/1829/1829
f 475/475/475 1828/1828/1828 1827/1827/1827
f 474/474/474 1829/1829/1829 1828/1828/1828
f 1827/1827/1827 1828/1828/1828 1829/1829/1829
f 473/473/473 1825/1825/1825 1822/1822/1822
f 474/474/474 1828/1828/1828 1825/1825/1825
f 475/475/475 1822/1822/1822 1828/1828/1828
f 1825/1825/1825 1828/1828/1828 1822/1822/1822
f 126/126/126 1820/1820/1820 1806/1806/1806
f 471/471/471 1830/1830/1830 1820/1820/1820
f 468/468/468 1806/1806/1806 1830/1830/1830
f 1820/1820/1820 1830/1830/1830 1806/1806/1806
f 127/127/127 1829/1829/1829 1815/1815/1815
f 474/474/474 1831/1831/1831 1829/1829/1829
f 471/471/471 1815/1815/1815 1831/1831/1831
f 1829/1829/1829 1831/1831/1831 1815/1815/1815
f 128/128/128 1811/1811/1811 1824/1824/1824
f 468/468/468 1832/1832/1832 1811/1811/1811
f 474/474/474 1824/1824/1824 1832/1832/1832
f 1811/1811/1811 1832/1832/1832 1824/1824/1824
f 471/471/471 1831/1831/1831 1830/1830/1830
f 474/474/474 1832/1832/1832 1831/1831/1831
f 468/468/468 1830/1830/1830 1832/1832/1832
f 1831/1831/1831 1832/1832/1832 1830/1830/1830
f 35/35/35 1794/1794/1794 1758/1758/1758
f 466/466/466 1833/1833/1833 1794/1794/1794
f 455/455/455 1758/1758/1758 1833/1833/1833
f 1794/1794/1794 1833/1833/1833 1758/1758/1758
f 125/125/125 1834/1834/1834 1797/1797/1797
f 476/476/476 1835/1835/1835 1834/1834/1834
f 466/466/466 1797/1797/1797 1835/1835/1835
f 1834/1834/1834 1835/1835/1835 1797/1797/1797
f 122/122/122 1762/1762/1762 1837/1837/1837
f 455/455/455 1836/1836/1836 1762/1762/1762
f 476/476/476 1837/1837/1837 1836/1836/1836
f 1762/1762/1762 1836/1836/1836 1837/1837/1837
f 466/466/466 1835/1835/1835 1833/1833/1833
f 476/476/476 1836/1836/1836 1835/1835/1835
f 455/455/455 1833/1833/1833 1836/1836/1836
f 1835/1835/1835 1836/1836/1836 1833/1833/1833
f 36/36/36 1823/1823/1823 1784/1784/1784
f 475/475/475 1838/1838/1838 1823/1823/1823
f 462/462/462 1784/1784/1784 1838/1838/1838
f 1823/1823/1823 1838/1838/1838 1784/1784/1784
f 127/127/127 1839/1839/1839 1827/1827/1827
f 477/477/477 1840/1840/1840 1839/1839/1839
f 475/475/475 1827/1827/1827 1840/1840/1840
f 1839/1839/1839 1840/1840/1840 1827/1827/1827
f 125/125/125 1789/1789/1789 1842/1842/1842
f 462/462/462 1841/1841/1841 1789/1789/1789
f 477/477/477 1842/1842/1842 1841/1841/1841
f 1789/1789/1789 1841/1841/1841 1842/1842/1842
f 475/475/475 1840/1840/1840 1838/1838/1838
f 477/477/477 1841/1841/1841 1840/1840/1840
f 462/462/462 1838/1838/1838 1841/1841/1841
f 1840/1840/1840 1841/1841/1841 1838/1838/1838
f 37/37/37 1767/1767/1767 1812/1812/1812
f 459/459/459 1843/1843/1843 1767/1767/1767
f 470/470/470 1812/1812/1812 1843/1843/1843
f 1767/1767/1767 1843/1843/1843 1812/1812/1812
f 122/122/122 1844/1844/1844 1771/1771/1771
f 478/478/478 1845/1845/1845 1844/1844/1844
f 459/459/459 1771/1771/1771 1845/1845/1845
f 1844/1844/1844 1845/1845/1845 1771/1771/1771
f 127/127/127 1817/1817/1817 1847/1847/1847
f 470/470/470 1846/1846/1846 1817/1817/1817
f 478/478/478 1847/1847/1847 1846/1846/1846
f 1817/1817/1817 1846/1846/1846 1847/1847/1847
f 459/459/459 1845/1845/1845 1843/1843/1843
f 478/478/478 1846/1846/1846 1845/1845/1845
f 470/470/470 1843/1843/1843 1846/1846/1846
f 1845/1845/1845 1846/1846/1846 1843/1843/1843
f 125/125/125 1842/1842/1842 1834/1834/1834
f 477/477/477 1848/1848/1848 1842/1842/1842
f 476/476/476 1834/1834/1834 1848/1848/1848
f 1842/1842/1842 1848/1848/1848 1834/1834/1834
f 127/127/127 1847/1847/1847 1839/1839/1839
f 478/478/478 1849/1849/1849 1847/1847/1847
f 477/477/477 1839/1839/1839 1849/1849/1849
f 1847/1847/1847 1849/1849/1849 1839/1839/1839
f 122/122/122 1837/1837/1837 1844/1844/1844
f 476/476/476 1850/1850/1850 1837/1837/1837
f 478/478/478 1844/1844/1844 1850/1850/1850
f 1837/1837/1837 1850/1850/1850 1844/1844/1844
f 477/477/477 1849/1849/1849 1848/1848/1848
f 478/478/478 1850/1850/1850 1849/1849/1849
f 476/476/476 1848/1848/1848 1850/1850/1850
f 1849/1849/1849 1850/1850/1850 1848/1848/1848
f 4/4/4 1752/1752/1752 1852/1852/1852
f 454/454/454 1851/1851/1851 1752/1752/1752
f 480/480/480 1852/1852/1852 1851/1851/1851
f 1752/1752/1752 1851/1851/1851 1852/1852/1852
f 123/123/123 1853/1853/1853 1755/1755/1755
f 479/479/479 1854/1854/1854 1853/1853/1853
f 454/454/454 1755/1755/1755 1854/1854/1854
f 1853/1853/1853 1854/1854/1854 1755/1755/1755
f 130/130/130 1855/1855/1855 1857/1857/1857
f 480/480/480 1856/1856/1856 1855/1855/1855
f 479/479/479 1857/1857/1857 1856/1856/1856
f 1855/1855/1855 1856/1856/1856 1857/1857/1857
f 454/454/454 1854/1854/1854 1851/1851/1851
f 479/479/479 1856/1856/1856 1854/1854/1854
f 480/480/480 1851/1851/1851 1856/1856/1856
f 1854/1854/1854 1856/1856/1856 1851/1851/1851
f 37/37/37 1858/1858/1858 1765/1765/1765
f 481/481/481 1859/1859/1859 1858/1858/1858
f 457/457/457 1765/1765/1765 1859/1859/1859
f 1858/1858/1858 1859/1859/1859 1765/1765/1765
f 129/129/129 1860/1860/1860 1862/1862/1862
f 482/482/482 1861/1861/1861 1860/1860/1860
f 481/481/481 1862/1862/1862 1861/1861/1861
f 1860/1860/1860 1861/1861/1861 1862/1862/1862
f 123/123/123 1770/1770/1770 1864/1864/1864
f 457/457/457 1863/1863/1863 1770/1770/1770
f 482/482/482 1864/1864/1864 1863/1863/1863
f 1770/1770/1770 1863/1863/1863 1864/1864/1864
f 481/481/481 1861/1861/1861 1859/1859/1859
f 482/482/482 1863/1863/1863 1861/1861/1861
f 457/457/457 1859/1859/1859 1863/1863/1863
f 1861/1861/1861 1863/1863/1863 1859/1859/1859
f 39/39/39 1865/1865/1865 1867/1867/1867
f 483/483/483 1866/1866/1866 1865/1865/1865
f 485/485/485 1867/1867/1867 1866/1866/1866
f 1865/1865/1865 1866/1866/1866 1867/1867/1867
f 130/130/130 1868/1868/1868 1870/1870/1870
f 484/484/484 1869/1869/1869 1868/1868/1868
f 483/483/483 1870/1870/1870 1869/1869/1869
f 1868/1868/1868 1869/1869/1869 1870/1870/1870
f 129/129/129 1871/1871/1871 1873/1873/1873
f 485/485/485 1872/1872/1872 1871/1871/1871
f 484/484/484 1873/1873/1873 1872/1872/1872
f 1871/1871/1871 1872/1872/1872 1873/1873/1873
f 483/483/483 1869/1869/1869 1866/1866/1866
f 484/484/484 1872/1872/1872 1869/1869/1869
f 485/485/485 1866/1866/1866 1872/1872/1872
f 1869/1869/1869 1872/1872/1872 1866/1866/1866
f 123/123/123 1864/1864/1864 1853/1853/1853
f 482/482/482 1874/1874/1874 1864/1864/1864
f 479/479/479 1853/1853/1853 1874/1874/1874
f 1864/1864/1864 1874/1874/1874 1853/1853/1853
f 129/129/129 1873/1873/1873 1860/1860/1860
f 484/484/484 1875/1875/1875 1873/1873/1873
f 482/482/482 1860/1860/1860 1875/1875/1875
f 1873/1873/1873 1875/1875/1875 1860/1860/1860
f 130/130/130 1857/1857/1857 1868/1868/1868
f 479/479/479 1876/1876/1876 1857/1857/1857
f 484/484/484 1868/1868/1868 1876/1876/1876
f 1857/1857/1857 1876/1876/1876 1868/1868/1868
f 482/482/482 1875/1875/1875 1874/1874/1874
f 484/484/484 1876/1876/1876 1875/1875/1875
f 479/479/479 1874/1874/1874 1876/1876/1876
f 1875/1875/1875 1876/1876/1876 1874/1874/1874
f 3/3/3 1877/1877/1877 1803/1803/1803
f 486/486/486 1878/1878/1878 1877/1877/1877
f 467/467/467 1803/1803/1803 1878/1878/1878
f 1877/1877/1877 1878/1878/1878 1803/1803/1803
f 131/131/131 1879/1879/1879 1881/1881/1881
f 487/487/487 1880/1880/1880 1879/1879/1879
f 486/486/486 1881/1881/1881 1880/1880/1880
f 1879/1879/1879 1880/1880/1880 1881/1881/1881
f 126/126/126 1808/1808/1808 1883/1883/1883
f 467/467/467 1882/1882/1882 1808/1808/1808
f 487/487/487 1883/1883/1883 1882/1882/1882
f 1808/1808/1808 1882/1882/1882 1883/1883/1883
f 486/486/486 1880/1880/1880 1878/1878/1878
f 487/487/487 1882/1882/1882 1880/1880/1880
f 467/467/467 1878/1878/1878 1882/1882/1882
f 1880/1880/1880 1882/1882/1882 1878/1878/1878
f 38/38/38 1884/1884/1884 1886/1886/1886
f 488/488/488 1885/1885/1885 1884/1884/1884
f 490/490/490 1886/1886/1886 1885/1885/1885
f 1884/1884/1884 1885/1885/1885 1886/1886/1886
f 132/132/132 1887/1887/1887 1889/1889/1889
f 489/489/489 1888/1888/1888 1887/1887/1887
f 488/488/488 1889/1889/1889 1888/1888/1888
f 1887/1887/1887 1888/1888/1888 1889/1889/1889
f 131/131/131 1890/1890/1890 1892/1892/1892
f 490/490/490 1891/1891/1891 1890/1890/1890
f 489/489/489 1892/1892/1892 1891/1891/1891
f 1890/1890/1890 1891/1891/1891 1892/1892/1892
f 488/488/488 1888/1888/1888 1885/1885/1885
f 489/489/489 1891/1891/1891 1888/1888/1888
f 490/490/490 1885/1885/1885 1891/1891/1891
f 1888/1888/1888 1891/1891/1891 1885/1885/1885
f 37/37/37 1814/1814/1814 1894/1894/1894
f 472/472/472 1893/1893/1893 1814/1814/1814
f 492/492/492 1894/1894/1894 1893/1893/1893
f 1814/1814/1814 1893/1893/1893 1894/1894/1894
f 126/126/126 1895/1895/1895 1818/1818/1818
f 491/491/491 1896/1896/1896 1895/1895/1895
f 472/472/472 1818/1818/1818 1896/1896/1896
f 1895/1895/1895 1896/1896/1896 1818/1818/1818
f 132/132/132 1897/1897/1897 1899/1899/1899
f 492/492/492 1898/1898/1898 1897/1897/1897
f 491/491/491 1899/1899/1899 1898/1898/1898
f 1897/1897/1897 1898/1898/1898 1899/1899/1899
f 472/472/472 1896/1896/1896 1893/1893/1893
f 491/491/491 1898/1898/1898 1896/1896/1896
f 492/492/492 1893/1893/1893 1898/1898/1898
f 1896/1896/1896 1898/1898/1898 1893/1893/1893
f 131/131/131 1892/1892/1892 1879/1879/1879
f 489/489/489 1900/1900/1900 1892/1892/1892
f 487/487/487 1879/1879/1879 1900/1900/1900
f 1892/1892/1892 1900/1900/1900 1879/1879/1879
f 132/132/132 1899/1899/1899 1887/1887/1887
f 491/491/491 1901/1901/1901 1899/1899/1899
f 489/489/489 1887/1887/1887 1901/1901/1901
f 1899/1899/1899 1901/1901/1901 1887/1887/1887
f 126/126/126 1883/1883/1883 1895/1895/1895
f 487/487/487 1902/1902/1902 1883/1883/1883
f 491/491/491 1895/1895/1895 1902/1902/1902
f 1883/1883/1883 1902/1902/1902 1895/1895/1895
f 489/489/489 1901/1901/1901 1900/1900/1900
f 491/491/491 1902/1902/1902 1901/1901/1901
f 487/487/487 1900/1900/1900 1902/1902/1902
f 1901/1901/1901 1902/1902/1902 1900/1900/1900
f 7/7/7 1903/1903/1903 1905/1905/1905
f 493/493/493 1904/1904/1904 1903/1903/1903
f 495/495/495 1905/1905/1905 1904/1904/1904
f 1903/1903/1903 1904/1904/1904 1905/1905/1905
f 133/133/133 1906/1906/1906 1908/1908/1908
f 494/494/494 1907/1907/1907 1906/1906/1906
f 493/493/493 1908/1908/1908 1907/1907/1907
f 1906/1906/1906 1907/1907/1907 1908/1908/1908
f 135/135/135 1909/1909/1909 1911/1911/1911
f 495/495/495 1910/1910/1910 1909/1909/1909
f 494/494/494 1911/1911/1911 1910/1910/1910
f 1909/1909/1909 1910/1910/1910 1911/1911/1911
f 493/493/493 1907/1907/1907 1904/1904/1904
f 494/494/494 1910/1910/1910 1907/1907/1907
f 495/495/495 1904/1904/1904 1910/1910/1910
f 1907/1907/1907 1910/1910/1910 1904/1904/1904
f 39/39/39 1912/1912/1912 1914/1914/1914
f 496/496/496 1913/1913/1913 1912/1912/1912
f 498/498/498 1914/1914/1914 1913/1913/1913
f 1912/1912/1912 1913/1913/1913 1914/1914/1914
f 134/134/134 1915/1915/1915 1917/1917/1917
f 497/497/497 1916/1916/1916 1915/1915/1915
f 496/496/496 1917/1917/1917 1916/1916/1916
f 1915/1915/1915 1916/1916/1916 1917/1917/1917
f 133/133/133 1918/1918/1918 1920/1920/1920
f 498/498/498 1919/1919/1919 1918/1918/1918
f 497/497/497 1920/1920/1920 1919/1919/1919
f 1918/1918/1918 1919/1919/1919 1920/1920/1920
f 496/496/496 1916/1916/1916 1913/1913/1913
f 497/497/497 1919/1919/1919 1916/1916/1916
f 498/498/498 1913/1913/1913 1919/1919/1919
f 1916/1916/1916 1919/1919/1919 1913/1913/1913
f 38/38/38 1921/1921/1921 1923/1923/1923
f 499/499/499 1922/1922/1922 1921/1921/1921
f 501/501/501 1923/1923/1923 1922/1922/1922
f 1921/1921/1921 1922/1922/1922 1923/1923/1923
f 135/135/135 1924/1924/1924 1926/1926/1926
f 500/500/500 1925/1925/1925 1924/1924/1924
f 499/499/499 1926/1926/1926 1925/1925/1925
f 1924/1924/1924 1925/1925/1925 1926/1926/1926
f 134/134/134 1927/1927/1927 1929/1929/1929
f 501/501/501 1928/1928/1928 1927/1927/1927
f 500/500/500 1929/1929/1929 1928/1928/1928
f 1927/1927/1927 1928/1928/1928 1929/1929/1929
f 499/499/499 1925/1925/1925 1922/1922/1922
f 500/500/500 1928/1928/1928 1925/1925/1925
f 501/501/501 1922/1922/1922 1928/1928/1928
f 1925/1925/1925 1928/1928/1928 1922/1922/1922
f 133/133/133 1920/1920/1920 1906/1906/1906
f 497/497/497 1930/1930/1930 1920/1920/1920
f 494/494/494 1906/1906/1906 1930/1930/1930
f 1920/1920/1920 1930/1930/1930 1906/1906/1906
f 134/134/134 1929/1929/1929 1915/1915/1915
f 500/500/500 1931/1931/1931 1929/1929/1929
f 497/497/497 1915/1915/1915 1931/1931/1931
f 1929/1929/1929 1931/1931/1931 1915/1915/1915
f 135/135/135 1911/1911/1911 1924/1924/1924
f 494/494/494 1932/1932/1932 1911/1911/1911
f 500/500/500 1924/1924/1924 1932/1932/1932
f 1911/1911/1911 1932/1932/1932 1924/1924/1924
f 497/497/497 1931/1931/1931 1930/1930/1930
f 500/500/500 1932/1932/1932 1931/1931/1931
f 494/494/494 1930/1930/1930 1932/1932/1932
f 1931/1931/1931 1932/1932/1932 1930/1930/1930
f 37/37/37 1894/1894/1894 1858/1858/1858
f 492/492/492 1933/1933/1933 1894/1894/1894
f 481/481/481 1858/1858/1858 1933/1933/1933
f 1894/1894/1894 1933/1933/1933 1858/1858/1858
f 132/132/132 1934/1934/1934 1897/1897/1897
f 502/502/502 1935/1935/1935 1934/1934/1934
f 492/492/492 1897/1897/1897 1935/1935/1935
f 1934/1934/1934 1935/1935/1935 1897/1897/1897
f 129/129/129 1862/1862/1862 1937/1937/1937
f 481/481/481 1936/1936/1936 1862/1862/1862
f 502/502/502 1937/1937/1937 1936/1936/1936
f 1862/1862/1862 1936/1936/1936 1937/1937/1937
f 492/492/492 1935/1935/1935 1933/1933/1933
f 502/502/502 1936/1936/1936 1935/1935/1935
f 481/481/481 1933/1933/1933 1936/1936/1936
f 1935/1935/1935 1936/1936/1936 1933/1933/1933
f 38/38/38 1923/1923/1923 1884/1884/1884
f 501/501/501 1938/1938/1938 1923/1923/1923
f 488/488/488 1884/1884/1884 1938/1938/1938
f 1923/1923/1923 1938/1938/1938 1884/1884/1884
f 134/134/134 1939/1939/1939 1927/1927/1927
f 503/503/503 1940/1940/1940 1939/1939/1939
f 501/501/501 1927/1927/1927 1940/1940/1940
f 1939/1939/1939 1940/1940/1940 1927/1927/1927
f 132/132/132 1889/1889/1889 1942/1942/1942
f 488/488/488 1941/1941/1941 1889/1889/1889
f 503/503/503 1942/1942/1942 1941/1941/1941
f 1889/1889/1889 1941/1941/1941 1942/1942/1942
f 501/501/501 1940/1940/1940 1938/1938/1938
f 503/503/503 1941/1941/1941 1940/1940/1940
f 488/488/488 1938/1938/1938 1941/1941/1941
f 1940/1940/1940 1941/1941/1941 1938/1938/1938
f 39/39/39 1867/1867/1867 1912/1912/1912
f 485/485/485 1943/1943/1943 1867/1867/1867
f 496/496/496 1912/1912/1912 1943/1943/1943
f 1867/1867/1867 1943/1943/1943 1912/1912/1912
f 129/129/129 1944/1944/1944 1871/1871/1871
f 504/504/504 1945/1945/1945 1944/1944/1944
f 485/485/485 1871/1871/1871 1945/1945/1945
f 1944/1944/1944 1945/1945/1945 1871/1871/1871
f 134/134/134 1917/1917/1917 1947/1947/1947
f 496/496/496 1946/1946/1946 1917/1917/1917
f 504/504/504 1947/1947/1947 1946/1946/1946
f 1917/1917/1917 1946/1946/1946 1947/1947/1947
f 485/485/485 1945/1945/1945 1943/1943/1943
f 504/504/504 1946/1946/1946 1945/1945/1945
f 496/496/496 1943/1943/1943 1946/1946/1946
f 1945/1945/1945 1946/1946/1946 1943/1943/1943
f 132/132/132 1942/1942/1942 1934/1934/1934
f 503/503/503 1948/1948/1948 1942/1942/1942
f 502/502/502 1934/1934/1934 1948/1948/1948
f 1942/1942/1942 1948/1948/1948 1934/1934/1934
f 134/134/134 1947/1947/1947 1939/1939/1939
f 504/504/504 1949/1949/1949 1947/1947/1947
f 503/503/503 1939/1939/1939 1949/1949/1949
f 1947/1947/1947 1949/1949/1949 1939/1939/1939
f 129/129/129 1937/1937/1937 1944/1944/1944
f 502/502/502 1950/1950/1950 1937/1937/1937
f 504/504/504 1944/1944/1944 1950/1950/1950
f 1937/1937/1937 1950/1950/1950 1944/1944/1944
f 503/503/503 1949/1949/1949 1948/1948/1948
f 504/504/504 1950/1950/1950 1949/1949/1949
f 502/502/502 1948/1948/1948 1950/1950/1950
f 1949/1949/1949 1950/1950/1950 1948/1948/1948
f 4/4/4 1852/1852/1852 1952/1952/1952
f 480/480/480 1951/1951/1951 1852/1852/1852
f 506/506/506 1952/1952/1952 1951/1951/1951
f 1852/1852/1852 1951/1951/1951 1952/1952/1952
f 130/130/130 1953/1953/1953 1855/1855/1855
f 505/505/505 1954/1954/1954 1953/1953/1953
f 480/480/480 1855/1855/1855 1954/1954/1954
f 1953/1953/1953 1954/1954/1954 1855/1855/1855
f 137/137/137 1955/1955/1955 1957/1957/1957
f 506/506/506 1956/1956/1956 1955/1955/1955
f 505/505/505 1957/1957/1957 1956/1956/1956
f 1955/1955/1955 1956/1956/1956 1957/1957/1957
f 480/480/480 1954/1954/1954 1951/1951/1951
f 505/505/505 1956/1956/1956 1954/1954/1954
f 506/506/506 1951/1951/1951 1956/1956/1956
f 1954/1954/1954 1956/1956/1956 1951/1951/1951
f 39/39/39 1958/1958/1958 1865/1865/1865
f 507/507/507 1959/1959/1959 1958/1958/1958
f 483/483/483 1865/1865/1865 1959/1959/1959
f 1958/1958/1958 1959/1959/1959 1865/1865/1865
f 136/136/136 1960/1960/1960 1962/1962/1962
f 508/508/508 1961/1961/1961 1960/1960/1960
f 507/507/507 1962/1962/1962 1961/1961/1961
f 1960/1960/1960 1961/1961/1961 1962/1962/1962
f 130/130/130 1870/1870/1870 1964/1964/1964
f 483/483/483 1963/1963/1963 1870/1870/1870
f 508/508/508 1964/1964/1964 1963/1963/1963
f 1870/1870/1870 1963/1963/1963 1964/1964/1964
f 507/507/507 1961/1961/1961 1959/1959/1959
f 508/508/508 1963/1963/1963 1961/1961/1961
f 483/483/483 1959/1959/1959 1963/1963/1963
f 1961/1961/1961 1963/1963/1963 1959/1959/1959
f 41/41/41 1965/1965/1965 1967/1967/1967
f 509/509/509 1966/1966/1966 1965/1965/1965
f 511/511/511 1967/1967/1967 1966/1966/1966
f 1965/1965/1965 1966/1966/1966 1967/1967/1967
f 137/137/137 1968/1968/1968 1970/1970/1970
f 510/510/510 1969/1969/1969 1968/1968/1968
f 509/509/509 1970/1970/1970 1969/1969/1969
f 1968/1968/1968 1969/1969/1969 1970/1970/1970
f 136/136/136 1971/1971/1971 1973/1973/1973
f 511/511/511 1972/1972/1972 1971/1971/1971
f 510/510/510 1973/1973/1973 1972/1972/1972
f 1971/1971/1971 1972/1972/1972 1973/1973/1973
f 509/509/509 1969/1969/1969 1966/1966/1966
f 510/510/510 1972/1972/1972 1969/1969/1969
f 511/511/511 1966/1966/1966 1972/1972/1972
f 1969/1969/1969 1972/1972/1972 1966/1966/1966
f 130/130/130 1964/1964/1964 1953/1953/1953
f 508/508/508 1974/1974/1974 1964/1964/1964
f 505/505/505 1953/1953/1953 1974/1974/1974
f 1964/1964/1964 1974/1974/1974 1953/1953/1953
f 136/136/136 1973/1973/1973 1960/1960/1960
f 510/510/510 1975/1975/1975 1973/1973/1973
f 508/508/508 1960/1960/1960 1975/1975/1975
f 1973/1973/1973 1975/1975/1975 1960/1960/1960
f 137/137/137 1957/1957/1957 1968/1968/1968
f 505/505/505 1976/1976/1976 1957/1957/1957
f 510/510/510 1968/1968/1968 1976/1976/1976
f 1957/1957/1957 1976/1976/1976 1968/1968/1968
f 508/508/508 1975/1975/1975 1974/1974/1974
f 510/510/510 1976/1976/1976 1975/1975/1975
f 505/505/505 1974/1974/1974 1976/1976/1976
f 1975/1975/1975 1976/1976/1976 1974/1974/1974
f 7/7/7 1977/1977/1977 1903/1903/1903
f 512/512/512 1978/1978/1978 1977/1977/1977
f 493/493/493 1903/1903/1903 1978/1978/1978
f 1977/1977/1977 1978/1978/1978 1903/1903/1903
f 138/138/138 1979/1979/1979 1981/1981/1981
f 513/513/513 1980/1980/1980 1979/1979/1979
f 512/512/512 1981/1981/1981 1980/1980/1980
f 1979/1979/1979 1980/1980/1980 1981/1981/1981
f 133/133/133 1908/1908/1908 1983/1983/1983
f 493/493/493 1982/1982/1982 1908/1908/1908
f 513/513/513 1983/1983/1983 1982/1982/1982
f 1908/1908/1908 1982/1982/1982 1983/1983/1983
f 512/512/512 1980/1980/1980 1978/1978/1978
f 513/513/513 1982/1982/1982 1980/1980/1980
f 493/493/493 1978/1978/1978 1982/1982/1982
f 1980/1980/1980 1982/1982/1982 1978/1978/1978
f 40/40/40 1984/1984/1984 1986/1986/1986
f 514/514/514 1985/1985/1985 1984/1984/1984
f 516/516/516 1986/1986/1986 1985/1985/1985
f 1984/1984/1984 1985/1985/1985 1986/1986/1986
f 139/139/139 1987/1987/1987 1989/1989/1989
f 515/515/515 1988/1988/1988 1987/1987/1987
f 514/514/514 1989/1989/1989 1988/1988/1988
f 1987/1987/1987 1988/1988/1988 1989/1989/1989
f 138/138/138 1990/1990/1990 1992/1992/1992
f 516/516/516 1991/1991/1991 1990/1990/1990
f 515/515/515 1992/1992/1992 1991/1991/1991
f 1990/1990/1990 1991/1991/1991 1992/1992/1992
f 514/514/514 1988/1988/1988 1985/1985/1985
f 515/515/515 1991/1991/1991 1988/1988/1988
f 516/516/516 1985/1985/1985 1991/1991/1991
f 1988/1988/1988 1991/1991/1991 1985/1985/1985
f 39/39/39 1914/1914/1914 1994/1994/1994
f 498/498/498 1993/1993/1993 1914/1914/1914
f 518/518/518 1994/1994/1994 1993/1993/1993
f 1914/1914/1914 1993/1993/1993 1994/1994/1994
f 133/133/133 1995/1995/1995 1918/1918/1918
f 517/517/517 1996/1996/1996 1995/1995/1995
f 498/498/498 1918/1918/1918 1996/1996/1996
f 1995/1995/1995 1996/1996/1996 1918/1918/1918
f 139/139/139 1997/1997/1997 1999/1999/1999
f 518/518/518 1998/1998/1998 1997/1997/1997
f 517/517/517 1999/1999/1999 1998/1998/1998
f 1997/1997/1997 1998/1998/1998 1999/1999/1999
f 498/498/498 1996/1996/1996 1993/1993/1993
f 517/517/517 1998/1998/1998 1996/1996/1996
f 518/518/518 1993/1993/1993 1998/1998/1998
f 1996/1996/1996 1998/1998/1998 1993/1993/1993
f 138/138/138 1992/1992/1992 1979/1979/1979
f 515/515/515 2000/2000/2000 1992/1992/1992
f 513/513/513 1979/1979/1979 2000/2000/2000
f 1992/1992/1992 2000/2000/2000 1979/1979/1979
f 139/139/139 1999/1999/1999 1987/1987/1987
f 517/517/517 2001/2001/2001 1999/1999/1999
f 515/515/515 1987/1987/1987 2001/2001/2001
f 1999/1999/1999 2001/2001/2001 1987/1987/1987
f 133/133/133 1983/1983/1983 1995/1995/1995
f 513/513/513 2002/2002/2002 1983/1983/1983
f 517/517/517 1995/1995/1995 2002/2002/2002
f 1983/1983/1983 2002/2002/2002 1995/1995/1995
f 515/515/515 2001/2001/2001 2000/2000/2000
f 517/517/517 2002/2002/2002 2001/2001/2001
f 513/513/513 2000/2000/2000 2002/2002/2002
f 2001/2001/2001 2002/2002/2002 2000/2000/2000
f 9/9/9 2003/2003/2003 2005/2005/2005
f 519/519/519 2004/2004/2004 2003/2003/2003
f 521/521/521 2005/2005/2005 2004/2004/2004
f 2003/2003/2003 2004/2004/2004 2005/2005/2005
f 140/140/140 2006/2006/2006 2008/2008/2008
f 520/520/520 2007/2007/2007 2006/2006/2006
f 519/519/519 2008/2008/2008 2007/2007/2007
f 2006/2006/2006 2007/2007/2007 2008/2008/2008
f 142/142/142 2009/2009/2009 2011/2011/2011
f 521/521/521 2010/2010/2010 2009/2009/2009
f 520/520/520 2011/2011/2011 2010/2010/2010
f 2009/2009/2009 2010/2010/2010 2011/2011/2011
f 519/519/519 2007/2007/2007 2004/2004/2004
f 520/520/520 2010/2010/2010 2007/2007/2007
f 521/521/521 2004/2004/2004 2010/2010/2010
f 2007/2007/2007 2010/2010/2010 2004/2004/2004
f 41/41/41 2012/2012/2012 2014/2014/2014
f 522/522/522 2013/2013/2013 2012/2012/2012
f 524/524/524 2014/2014/2014 2013/2013/2013
f 2012/2012/2012 2013/2013/2013 2014/2014/2014
f 141/141/141 2015/2015/2015 2017/2017/2017
f 523/523/523 2016/2016/2016 2015/2015/2015
f 522/522/522 2017/2017/2017 2016/2016/2016
f 2015/2015/2015 2016/2016/2016 2017/2017/2017
f 140/140/140 2018/2018/2018 2020/2020/2020
f 524/524/524 2019/2019/2019 2018/2018/2018
f 523/523/523 2020/2020/2020 2019/2019/2019
f 2018/2018/2018 2019/2019/2019 2020/2020/2020
f 522/522/522 2016/2016/2016 2013/2013/2013
f 523/523/523 2019/2019/2019 2016/2016/2016
f 524/524/524 2013/2013/2013 2019/2019/2019
f 2016/2016/2016 2019/2019/2019 2013/2013/2013
f 40/40/40 2021/2021/2021 2023/2023/2023
f 525/525/525 2022/2022/2022 2021/2021/2021
f 527/527/527 2023/2023/2023 2022/2022/2022
f 2021/2021/2021 2022/2022/2022 2023/2023/2023
f 142/142/142 2024/2024/2024 2026/2026/2026
f 526/526/526 2025/2025/2025 2024/2024/2024
f 525/525/525 2026/2026/2026 2025/2025/2025
f 2024/2024/2024 2025/2025/2025 2026/2026/2026
f 141/141/141 2027/2027/2027 2029/2029/2029
f 527/527/527 2028/2028/2028 2027/2027/2027
f 526/526/526 2029/2029/2029 2028/2028/2028
f 2027/2027/2027 2028/2028/2028 2029/2029/2029
f 525/525/525 2025/2025/2025 2022/2022/2022
f 526/526/526 2028/2028/2028 2025/2025/2025
f 527/527/527 2022/2022/2022 2028/2028/2028
f 2025/2025/2025 2028/2028/2028 2022/2022/2022
f 140/140/140 2020/2020/2020 2006/2006/2006
f 523/523/523 2030/2030/2030 2020/2020/2020
f 520/520/520 2006/2006/2006 2030/2030/2030
f 2020/2020/2020 2030/2030/2030 2006/2006/2006
f 141/141/141 2029/2029/2029 2015/2015/2015
f 526/526/526 2031/2031/2031 2029/2029/2029
f 523/523/523 2015/2015/2015 2031/2031/2031
f 2029/2029/2029 2031/2031/2031 2015/2015/2015
f 142/142/142 2011/2011/2011 2024/2024/2024
f 520/520/520 2032/2032/2032 2011/2011/2011
f 526/526/526 2024/2024/2024 2032/2032/2032
f 2011/2011/2011 2032/2032/2032 2024/2024/2024
f 523/523/523 2031/2031/2031 2030/2030/2030
f 526/526/526 2032/2032/2032 2031/2031/2031
f 520/520/520 2030/2030/2030 2032/2032/2032
f 2031/2031/2031 2032/2032/2032 2030/2030/2030
f 39/39/39 1994/1994/1994 1958/1958/1958
f 518/518/518 2033/2033/2033 1994/1994/1994
f 507/507/507 1958/1958/1958 2033/2033/2033
f 1994/1994/1994 2033/2033/2033 1958/1958/1958
f 139/139/139 2034/2034/2034 1997/1997/1997
f 528/528/528 2035/2035/2035 2034/2034/2034
f 518/518/518 1997/1997/1997 2035/2035/2035
f 2034/2034/2034 2035/2035/2035 1997/1997/1997
f 136/136/136 1962/1962/1962 2037/2037/2037
f 507/507/507 2036/2036/2036 1962/1962/1962
f 528/528/528 2037/2037/2037 2036/2036/2036
f 1962/1962/1962 2036/2036/2036 2037/2037/2037
f 518/518/518 2035/2035/2035 2033/2033/2033
f 528/528/528 2036/2036/2036 2035/2035/2035
f 507/507/507 2033/2033/2033 2036/2036/2036
f 2035/2035/2035 2036/2036/2036 2033/2033/2033
f 40/40/40 2023/2023/2023 1984/1984/1984
f 527/527/527 2038/2038/2038 2023/2023/2023
f 514/514/514 1984/1984/1984 2038/2038/2038
f 2023/2023/2023 2038/2038/2038 1984/1984/1984
f 141/141/141 2039/2039/2039 2027/2027/2027
f 529/529/529 2040/2040/2040 2039/2039/2039
f 527/527/527 2027/2027/2027 2040/2040/2040
f 2039/2039/2039 2040/2040/2040 2027/2027/2027
f 139/139/139 1989/1989/1989 2042/2042/2042
f 514/514/514 2041/2041/2041 1989/1989/1989
f 529/529/529 2042/2042/2042 2041/2041/2041
f 1989/1989/1989 2041/2041/2041 2042/2042/2042
f 527/527/527 2040/2040/2040 2038/2038/2038
f 529/529/529 2041/2041/2041 2040/2040/2040
f 514/514/514 2038/2038/2038 2041/2041/2041
f 2040/2040/2040 2041/2041/2041 2038/2038/2038
f 41/41/41 1967/1967/1967 2012/2012/2012
f 511/511/511 2043/2043/2043 1967/1967/1967
f 522/522/522 2012/2012/2012 2043/2043/2043
f 1967/1967/1967 2043/2043/2043 2012/2012/2012
f 136/136/136 2044/2044/2044 1971/1971/1971
f 530/530/530 2045/2045/2045 2044/2044/2044
f 511/511/511 1971/1971/1971 2045/2045/2045
f 2044/2044/2044 2045/2045/2045 1971/1971/1971
f 141/141/141 2017/2017/2017 2047/2047/2047
f 522/522/522 2046/2046/2046 2017/2017/2017
f 530/530/530 2047/2047/2047 2046/2046/2046
f 2017/2017/2017 2046/2046/2046 2047/2047/2047
f 511/511/511 2045/2045/2045 2043/2043/2043
f 530/530/530 2046/2046/2046 2045/2045/2045
f 522/522/522 2043/2043/2043 2046/2046/2046
f 2045/2045/2045 2046/2046/2046 2043/2043/2043
f 139/139/139 2042/2042/2042 2034/2034/2034
f 529/529/529 2048/2048/2048 2042/2042/2042
f 528/528/528 2034/2034/2034 2048/2048/2048
f 2042/2042/2042 2048/2048/2048 2034/2034/2034
f 141/141/141 2047/2047/2047 2039/2039/2039
f 530/530/530 2049/2049/2049 2047/2047/2047
f 529/529/529 2039/2039/2039 2049/2049/2049
f 2047/2047/2047 2049/2049/2049 2039/2039/2039
f 136/136/136 2037/2037/2037 2044/2044/2044
f 528/528/528 2050/2050/2050 2037/2037/2037
f 530/530/530 2044/2044/2044 2050/2050/2050
f 2037/2037/2037 2050/2050/2050 2044/2044/2044
f 529/529/529 2049/2049/2049 2048/2048/2048
f 530/530/530 2050/2050/2050 2049/2049/2049
f 528/528/528 2048/2048/2048 2050/2050/2050
f 2049/2049/2049 2050/2050/2050 2048/2048/2048
f 4/4/4 1952/1952/1952 1643/1643/1643
f 506/506/506 2051/2051/2051 1952/1952/1952
f 423/423/423 1643/1643/1643 2051/2051/2051
f 1952/1952/1952 2051/2051/2051 1643/1643/1643
f 137/137/137 2052/2052/2052 1955/1955/1955
f 531/531/531 2053/2053/2053 2052/2052/2052
f 506/506/506 1955/1955/1955 2053/2053/2053
f 2052/2052/2052 2053/2053/2053 1955/1955/1955
f 113/113/113 1648/1648/1648 2055/2055/2055
f 423/423/423 2054/2054/2054 1648/1648/1648
f 531/531/531 2055/2055/2055 2054/2054/2054
f 1648/1648/1648 2054/2054/2054 2055/2055/2055
f 506/506/506 2053/2053/2053 2051/2051/2051
f 531/531/531 2054/2054/2054 2053/2053/2053
f 423/423/423 2051/2051/2051 2054/2054/2054
f 2053/2053/2053 2054/2054/2054 2051/2051/2051
f 41/41/41 2056/2056/2056 1965/1965/1965
f 532/532/532 2057/2057/2057 2056/2056/2056
f 509/509/509 1965/1965/1965 2057/2057/2057
f 2056/2056/2056 2057/2057/2057 1965/1965/1965
f 143/143/143 2058/2058/2058 2060/2060/2060
f 533/533/533 2059/2059/2059 2058/2058/2058
f 532/532/532 2060/2060/2060 2059/2059/2059
f 2058/2058/2058 2059/2059/2059 2060/2060/2060
f 137/137/137 1970/1970/1970 2062/2062/2062
f 509/509/509 2061/2061/2061 1970/1970/1970
f 533/533/533 2062/2062/2062 2061/2061/2061
f 1970/1970/1970 2061/2061/2061 2062/2062/2062
f 532/532/532 2059/2059/2059 2057/2057/2057
f 533/533/533 2061/2061/2061 2059/2059/2059
f 509/509/509 2057/2057/2057 2061/2061/2061
f 2059/2059/2059 2061/2061/2061 2057/2057/2057
f 33/33/33 1654/1654/1654 2064/2064/2064
f 428/428/428 2063/2063/2063 1654/1654/1654
f 535/535/535 2064/2064/2064 2063/2063/2063
f 1654/1654/1654 2063/2063/2063 2064/2064/2064
f 113/113/113 2065/2065/2065 1658/1658/1658
f 534/534/534 2066/2066/2066 2065/2065/2065
f 428/428/428 1658/1658/1658 2066/2066/2066
f 2065/2065/2065 2066/2066/2066 1658/1658/1658
f 143/143/143 2067/2067/2067 2069/2069/2069
f 535/535/535 2068/2068/2068 2067/2067/2067
f 534/534/534 2069/2069/2069 2068/2068/2068
f 2067/2067/2067 2068/2068/2068 2069/2069/2069
f 428/428/428 2066/2066/2066 2063/2063/2063
f 534/534/534 2068/2068/2068 2066/2066/2066
f 535/535/535 2063/2063/2063 2068/2068/2068
f 2066/2066/2066 2068/2068/2068 2063/2063/2063
f 137/137/137 2062/2062/2062 2052/2052/2052
f 533/533/533 2070/2070/2070 2062/2062/2062
f 531/531/531 2052/2052/2052 2070/2070/2070
f 2062/2062/2062 2070/2070/2070 2052/2052/2052
f 143/143/143 2069/2069/2069 2058/2058/2058
f 534/534/534 2071/2071/2071 2069/2069/2069
f 533/533/533 2058/2058/2058 2071/2071/2071
f 2069/2069/2069 2071/2071/2071 2058/2058/2058
f 113/113/113 2055/2055/2055 2065/2065/2065
f 531/531/531 2072/2072/2072 2055/2055/2055
f 534/534/534 2065/2065/2065 2072/2072/2072
f 2055/2055/2055 2072/2072/2072 2065/2065/2065
f 533/533/533 2071/2071/2071 2070/2070/2070
f 534/534/534 2072/2072/2072 2071/2071/2071
f 531/531/531 2070/2070/2070 2072/2072/2072
f 2071/2071/2071 2072/2072/2072 2070/2070/2070
f 9/9/9 2073/2073/2073 2003/2003/2003
f 536/536/536 2074/2074/2074 2073/2073/2073
f 519/519/519 2003/2003/2003 2074/2074/2074
f 2073/2073/2073 2074/2074/2074 2003/2003/2003
f 144/144/144 2075/2075/2075 2077/2077/2077
f 537/537/537 2076/2076/2076 2075/2075/2075
f 536/536/536 2077/2077/2077 2076/2076/2076
f 2075/2075/2075 2076/2076/2076 2077/2077/2077
f 140/140/140 2008/2008/2008 2079/2079/2079
f 519/519/519 2078/2078/2078 2008/2008/2008
f 537/537/537 2079/2079/2079 2078/2078/2078
f 2008/2008/2008 2078/2078/2078 2079/2079/2079
f 536/536/536 2076/2076/2076 2074/2074/2074
f 537/537/537 2078/2078/2078 2076/2076/2076
f 519/519/519 2074/2074/2074 2078/2078/2078
f 2076/2076/2076 2078/2078/2078 2074/2074/2074
f 42/42/42 2080/2080/2080 2082/2082/2082
f 538/538/538 2081/2081/2081 2080/2080/2080
f 540/540/540 2082/2082/2082 2081/2081/2081
f 2080/2080/2080 2081/2081/2081 2082/2082/2082
f 145/145/145 2083/2083/2083 2085/2085/2085
f 539/539/539 2084/2084/2084 2083/2083/2083
f 538/538/538 2085/2085/2085 2084/2084/2084
f 2083/2083/2083 2084/2084/2084 2085/2085/2085
f 144/144/144 2086/2086/2086 2088/2088/2088
f 540/540/540 2087/2087/2087 2086/2086/2086
f 539/539/539 2088/2088/2088 2087/2087/2087
f 2086/2086/2086 2087/2087/2087 2088/2088/2088
f 538/538/538 2084/2084/2084 2081/2081/2081
f 539/539/539 2087/2087/2087 2084/2084/2084
f 540/540/540 2081/2081/2081 2087/2087/2087
f 2084/2084/2084 2087/2087/2087 2081/2081/2081
f 41/41/41 2014/2014/2014 2090/2090/2090
f 524/524/524 2089/2089/2089 2014/2014/2014
f 542/542/542 2090/2090/2090 2089/2089/2089
f 2014/2014/2014 2089/2089/2089 2090/2090/2090
f 140/140/140 2091/2091/2091 2018/2018/2018
f 541/541/541 2092/2092/2092 2091/2091/2091
f 524/524/524 2018/2018/2018 2092/2092/2092
f 2091/2091/2091 2092/2092/2092 2018/2018/2018
f 145/145/145 2093/2093/2093 2095/2095/2095
f 542/542/542 2094/2094/2094 2093/2093/2093
f 541/541/541 2095/2095/2095 2094/2094/2094
f 2093/2093/2093 2094/2094/2094 2095/2095/2095
f 524/524/524 2092/2092/2092 2089/2089/2089
f 541/541/541 2094/2094/2094 2092/2092/2092
f 542/542/542 2089/2089/2089 2094/2094/2094
f 2092/2092/2092 2094/2094/2094 2089/2089/2089
f 144/144/144 2088/2088/2088 2075/2075/2075
f 539/539/539 2096/2096/2096 2088/2088/2088
f 537/537/537 2075/2075/2075 2096/2096/2096
f 2088/2088/2088 2096/2096/2096 2075/2075/2075
f 145/145/145 2095/2095/2095 2083/2083/2083
f 541/541/541 2097/2097/2097 2095/2095/2095
f 539/539/539 2083/2083/2083 2097/2097/2097
f 2095/2095/2095 2097/2097/2097 2083/2083/2083
f 140/140/140 2079/2079/2079 2091/2091/2091
f 537/537/537 2098/2098/2098 2079/2079/2079
f 541/541/541 2091/2091/2091 2098/2098/2098
f 2079/2079/2079 2098/2098/2098 2091/2091/2091
f 539/539/539 2097/2097/2097 2096/2096/2096
f 541/541/541 2098/2098/2098 2097/2097/2097
f 537/537/537 2096/2096/2096 2098/2098/2098
f 2097/2097/2097 2098/2098/2098 2096/2096/2096
f 10/10/10 1675/1675/1675 2100/2100/2100
f 434/434/434 2099/2099/2099 1675/1675/1675
f 544/544/544 2100/2100/2100 2099/2099/2099
f 1675/1675/1675 2099/2099/2099 2100/2100/2100
f 118/118/118 2101/2101/2101 1679/1679/1679
f 543/543/543 2102/2102/2102 2101/2101/2101
f 434/434/434 1679/1679/1679 2102/2102/2102
f 2101/2101/2101 2102/2102/2102 1679/1679/1679
f 147/147/147 2103/2103/2103 2105/2105/2105
f 544/544/544 2104/2104/2104 2103/2103/2103
f 543/543/543 2105/2105/2105 2104/2104/2104
f 2103/2103/2103 2104/2104/2104 2105/2105/2105
f 434/434/434 2102/2102/2102 2099/2099/2099
f 543/543/543 2104/2104/2104 2102/2102/2102
f 544/544/544 2099/2099/2099 2104/2104/2104
f 2102/2102/2102 2104/2104/2104 2099/2099/2099
f 33/33/33 2106/2106/2106 1691/1691/1691
f 545/545/545 2107/2107/2107 2106/2106/2106
f 438/438/438 1691/1691/1691 2107/2107/2107
f 2106/2106/2106 2107/2107/2107 1691/1691/1691
f 146/146/146 2108/2108/2108 2110/2110/2110
f 546/546/546 2109/2109/2109 2108/2108/2108
f 545/545/545 2110/2110/2110 2109/2109/2109
f 2108/2108/2108 2109/2109/2109 2110/2110/2110
f 118/118/118 1696/1696/1696 2112/2112/2112
f 438/438/438 2111/2111/2111 1696/1696/1696
f 546/546/546 2112/2112/2112 2111/2111/2111
f 1696/1696/1696 2111/2111/2111 2112/2112/2112
f 545/545/545 2109/2109/2109 2107/2107/2107
f 546/546/546 2111/2111/2111 2109/2109/2109
f 438/438/438 2107/2107/2107 2111/2111/2111
f 2109/2109/2109 2111/2111/2111 2107/2107/2107
f 42/42/42 2113/2113/2113 2115/2115/2115
f 547/547/547 2114/2114/2114 2113/2113/2113
f 549/549/549 2115/2115/2115 2114/2114/2114
f 2113/2113/2113 2114/2114/2114 2115/2115/2115
f 147/147/147 2116/2116/2116 2118/2118/2118
f 548/548/548 2117/2117/2117 2116/2116/2116
f 547/547/547 2118/2118/2118 2117/2117/2117
f 2116/2116/2116 2117/2117/2117 2118/2118/2118
f 146/146/146 2119/2119/2119 2121/2121/2121
f 549/549/549 2120/2120/2120 2119/2119/2119
f 548/548/548 2121/2121/2121 2120/2120/2120
f 2119/2119/2119 2120/2120/2120 2121/2121/2121
f 547/547/547 2117/2117/2117 2114/2114/2114
f 548/548/548 2120/2120/2120 2117/2117/2117
f 549/549/549 2114/2114/2114 2120/2120/2120
f 2117/2117/2117 2120/2120/2120 2114/2114/2114
f 118/118/118 2112/2112/2112 2101/2101/2101
f 546/546/546 2122/2122/2122 2112/2112/2112
f 543/543/543 2101/2101/2101 2122/2122/2122
f 2112/2112/2112 2122/2122/2122 2101/2101/2101
f 146/146/146 2121/2121/2121 2108/2108/2108
f 548/548/548 2123/2123/2123 2121/2121/2121
f 546/546/546 2108/2108/2108 2123/2123/2123
f 2121/2121/2121 2123/2123/2123 2108/2108/2108
f 147/147/147 2105/2105/2105 2116/2116/2116
f 543/543/543 2124/2124/2124 2105/2105/2105
f 548/548/548 2116/2116/2116 2124/2124/2124
f 2105/2105/2105 2124/2124/2124 2116/2116/2116
f 546/546/546 2123/2123/2123 2122/2122/2122
f 548/548/548 2124/2124/2124 2123/2123/2123
f 543/543/543 2122/2122/2122 2124/2124/2124
f 2123/2123/2123 2124/2124/2124 2122/2122/2122
f 41/41/41 2090/2090/2090 2056/2056/2056
f 542/542/542 2125/2125/2125 2090/2090/2090
f 532/532/532 2056/2056/2056 2125/2125/2125
f 2090/2090/2090 2125/2125/2125 2056/2056/2056
f 145/145/145 2126/2126/2126 2093/2093/2093
f 550/550/550 2127/2127/2127 2126/2126/2126
f 542/542/542 2093/2093/2093 2127/2127/2127
f 2126/2126/2126 2127/2127/2127 2093/2093/2093
f 143/143/143 2060/2060/2060 2129/2129/2129
f 532/532/532 2128/2128/2128 2060/2060/2060
f 550/550/550 2129/2129/2129 2128/2128/2128
f 2060/2060/2060 2128/2128/2128 2129/2129/2129
f 542/542/542 2127/2127/2127 2125/2125/2125
f 550/550/550 2128/2128/2128 2127/2127/2127
f 532/532/532 2125/2125/2125 2128/2128/2128
f 2127/2127/2127 2128/2128/2128 2125/2125/2125
f 42/42/42 2115/2115/2115 2080/2080/2080
f 549/549/549 2130/2130/2130 2115/2115/2115
f 538/538/538 2080/2080/2080 2130/2130/2130
f 2115/2115/2115 2130/2130/2130 2080/2080/2080
f 146/146/146 2131/2131/2131 2119/2119/2119
f 551/551/551 2132/2132/2132 2131/2131/2131
f 549/549/549 2119/2119/2119 2132/2132/2132
f 2131/2131/2131 2132/2132/2132 2119/2119/2119
f 145/145/145 2085/2085/2085 2134/2134/2134
f 538/538/538 2133/2133/2133 2085/2085/2085
f 551/551/551 2134/2134/2134 2133/2133/2133
f 2085/2085/2085 2133/2133/2133 2134/2134/2134
f 549/549/549 2132/2132/2132 2130/2130/2130
f 551/551/551 2133/2133/2133 2132/2132/2132
f 538/538/538 2130/2130/2130 2133/2133/2133
f 2132/2132/2132 2133/2133/2133 2130/2130/2130
f 33/33/33 2064/2064/2064 2106/2106/2106
f 535/535/535 2135/2135/2135 2064/2064/2064
f 545/545/545 2106/2106/2106 2135/2135/2135
f 2064/2064/2064 2135/2135/2135 2106/2106/2106
f 143/143/143 2136/2136/2136 2067/2067/2067
f 552/552/552 2137/2137/2137 2136/2136/2136
f 535/535/535 2067/2067/2067 2137/2137/2137
f 2136/2136/2136 2137/2137/2137 2067/2067/2067
f 146/146/146 2110/2110/2110 2139/2139/2139
f 545/545/545 2138/2138/2138 2110/2110/2110
f 552/552/552 2139/2139/2139 2138/2138/2138
f 2110/2110/2110 2138/2138/2138 2139/2139/2139
f 535/535/535 2137/2137/2137 2135/2135/2135
f 552/552/552 2138/2138/2138 2137/2137/2137
f 545/545/545 2135/2135/2135 2138/2138/2138
f 2137/2137/2137 2138/2138/2138 2135/2135/2135
f 145/145/145 2134/2134/2134 2126/2126/2126
f 551/551/551 2140/2140/2140 2134/2134/2134
f 550/550/550 2126/2126/2126 2140/2140/2140
f 2134/2134/2134 2140/2140/2140 2126/2126/2126
f 146/146/146 2139/2139/2139 2131/2131/2131
f 552/552/552 2141/2141/2141 2139/2139/2139
f 551/551/551 2131/2131/2131 2141/2141/2141
f 2139/2139/2139 2141/2141/2141 2131/2131/2131
f 143/143/143 2129/2129/2129 2136/2136/2136
f 550/550/550 2142/2142/2142 2129/2129/2129
f 552/552/552 2136/2136/2136 2142/2142/2142
f 2129/2129/2129 2142/2142/2142 2136/2136/2136
f 551/551/551 2141/2141/2141 2140/2140/2140
f 552/552/552 2142/2142/2142 2141/2141/2141
f 550/550/550 2140/2140/2140 2142/2142/2142
f 2141/2141/2141 2142/2142/2142 2140/2140/2140
f 5/5/5 1705/1705/1705 1295/1295/1295
f 443/443/443 2143/2143/2143 1705/1705/1705
f 333/333/333 1295/1295/1295 2143/2143/2143
f 1705/1705/1705 2143/2143/2143 1295/1295/1295
f 121/121/121 2144/2144/2144 1709/1709/1709
f 553/553/553 2145/2145/2145 2144/2144/2144
f 443/443/443 1709/1709/1709 2145/2145/2145
f 2144/2144/2144 2145/2145/2145 1709/1709/1709
f 89/89/89 1300/1300/1300 2147/2147/2147
f 333/333/333 2146/2146/2146 1300/1300/1300
f 553/553/553 2147/2147/2147 2146/2146/2146
f 1300/1300/1300 2146/2146/2146 2147/2147/2147
f 443/443/443 2145/2145/2145 2143/2143/2143
f 553/553/553 2146/2146/2146 2145/2145/2145
f 333/333/333 2143/2143/2143 2146/2146/2146
f 2145/2145/2145 2146/2146/2146 2143/2143/2143
f 34/34/34 2148/2148/2148 1721/1721/1721
f 554/554/554 2149/2149/2149 2148/2148/2148
f 447/447/447 1721/1721/1721 2149/2149/2149
f 2148/2148/2148 2149/2149/2149 1721/1721/1721
f 148/148/148 2150/2150/2150 2152/2152/2152
f 555/555/555 2151/2151/2151 2150/2150/2150
f 554/554/554 2152/2152/2152 2151/2151/2151
f 2150/2150/2150 2151/2151/2151 2152/2152/2152
f 121/121/121 1726/1726/1726 2154/2154/2154
f 447/447/447 2153/2153/2153 1726/1726/1726
f 555/555/555 2154/2154/2154 2153/2153/2153
f 1726/1726/1726 2153/2153/2153 2154/2154/2154
f 554/554/554 2151/2151/2151 2149/2149/2149
f 555/555/555 2153/2153/2153 2151/2151/2151
f 447/447/447 2149/2149/2149 2153/2153/2153
f 2151/2151/2151 2153/2153/2153 2149/2149/2149
f 26/26/26 1306/1306/1306 2156/2156/2156
f 338/338/338 2155/2155/2155 1306/1306/1306
f 557/557/557 2156/2156/2156 2155/2155/2155
f 1306/1306/1306 2155/2155/2155 2156/2156/2156
f 89/89/89 2157/2157/2157 1310/1310/1310
f 556/556/556 2158/2158/2158 2157/2157/2157
f 338/338/338 1310/1310/1310 2158/2158/2158
f 2157/2157/2157 2158/2158/2158 1310/1310/1310
f 148/148/148 2159/2159/2159 2161/2161/2161
f 557/557/557 2160/2160/2160 2159/2159/2159
f 556/556/556 2161/2161/2161 2160/2160/2160
f 2159/2159/2159 2160/2160/2160 2161/2161/2161
f 338/338/338 2158/2158/2158 2155/2155/2155
f 556/556/556 2160/2160/2160 2158/2158/2158
f 557/557/557 2155/2155/2155 2160/2160/2160
f 2158/2158/2158 2160/2160/2160 2155/2155/2155
f 121/121/121 2154/2154/2154 2144/2144/2144
f 555/555/555 2162/2162/2162 2154/2154/2154
f 553/553/553 2144/2144/2144 2162/2162/2162
f 2154/2154/2154 2162/2162/2162 2144/2144/2144
f 148/148/148 2161/2161/2161 2150/2150/2150
f 556/556/556 2163/2163/2163 2161/2161/2161
f 555/555/555 2150/2150/2150 2163/2163/2163
f 2161/2161/2161 2163/2163/2163 2150/2150/2150
f 89/89/89 2147/2147/2147 2157/2157/2157
f 553/553/553 2164/2164/2164 2147/2147/2147
f 556/556/556 2157/2157/2157 2164/2164/2164
f 2147/2147/2147 2164/2164/2164 2157/2157/2157
f 555/555/555 2163/2163/2163 2162/2162/2162
f 556/556/556 2164/2164/2164 2163/2163/2163
f 553/553/553 2162/2162/2162 2164/2164/2164
f 2163/2163/2163 2164/2164/2164 2162/2162/2162
f 10/10/10 1197/1197/1197 1673/1673/1673
f 309/309/309 2165/2165/2165 1197/1197/1197
f 432/432/432 1673/1673/1673 2165/2165/2165
f 1197/1197/1197 2165/2165/2165 1673/1673/1673
f 84/84/84 2166/2166/2166 1201/1201/1201
f 558/558/558 2167/2167/2167 2166/2166/2166
f 309/309/309 1201/1201/1201 2167/2167/2167
f 2166/2166/2166 2167/2167/2167 1201/1201/1201
f 116/116/116 1678/1678/1678 2169/2169/2169
f 432/432/432 2168/2168/2168 1678/1678/1678
f 558/558/558 2169/2169/2169 2168/2168/2168
f 1678/1678/1678 2168/2168/2168 2169/2169/2169
f 309/309/309 2167/2167/2167 2165/2165/2165
f 558/558/558 2168/2168/2168 2167/2167/2167
f 432/432/432 2165/2165/2165 2168/2168/2168
f 2167/2167/2167 2168/2168/2168 2165/2165/2165
f 23/23/23 2170/2170/2170 1213/1213/1213
f 559/559/559 2171/2171/2171 2170/2170/2170
f 313/313/313 1213/1213/1213 2171/2171/2171
f 2170/2170/2170 2171/2171/2171 1213/1213/1213
f 149/149/149 2172/2172/2172 2174/2174/2174
f 560/560/560 2173/2173/2173 2172/2172/2172
f 559/559/559 2174/2174/2174 2173/2173/2173
f 2172/2172/2172 2173/2173/2173 2174/2174/2174
f 84/84/84 1218/1218/1218 2176/2176/2176
f 313/313/313 2175/2175/2175 1218/1218/1218
f 560/560/560 2176/2176/2176 2175/2175/2175
f 1218/1218/1218 2175/2175/2175 2176/2176/2176
f 559/559/559 2173/2173/2173 2171/2171/2171
f 560/560/560 2175/2175/2175 2173/2173/2173
f 313/313/313 2171/2171/2171 2175/2175/2175
f 2173/2173/2173 2175/2175/2175 2171/2171/2171
f 34/34/34 1684/1684/1684 2178/2178/2178
f 437/437/437 2177/2177/2177 1684/1684/1684
f 562/562/562 2178/2178/2178 2177/2177/2177
f 1684/1684/1684 2177/2177/2177 2178/2178/2178
f 116/116/116 2179/2179/2179 1688/1688/1688
f 561/561/561 2180/2180/2180 2179/2179/2179
f 437/437/437 1688/1688/1688 2180/2180/2180
f 2179/2179/2179 2180/2180/2180 1688/1688/1688
f 149/149/149 2181/2181/2181 2183/2183/2183
f 562/562/562 2182/2182/2182 2181/2181/2181
f 561/561/561 2183/2183/2183 2182/2182/2182
f 2181/2181/2181 2182/2182/2182 2183/2183/2183
f 437/437/437 2180/2180/2180 2177/2177/2177
f 561/561/561 2182/2182/2182 2180/2180/2180
f 562/562/562 2177/2177/2177 2182/2182/2182
f 2180/2180/2180 2182/2182/2182 2177/2177/2177
f 84/84/84 2176/2176/2176 2166/2166/2166
f 560/560/560 2184/2184/2184 2176/2176/2176
f 558/558/558 2166/2166/2166 2184/2184/2184
f 2176/2176/2176 2184/2184/2184 2166/2166/2166
f 149/149/149 2183/2183/2183 2172/2172/2172
f 561/561/561 2185/2185/2185 2183/2183/2183
f 560/560/560 2172/2172/2172 2185/2185/2185
f 2183/2183/2183 2185/2185/2185 2172/2172/2172
f 116/116/116 2169/2169/2169 2179/2179/2179
f 558/558/558 2186/2186/2186 2169/2169/2169
f 561/561/561 2179/2179/2179 2186/2186/2186
f 2169/2169/2169 2186/2186/2186 2179/2179/2179
f 560/560/560 2185/2185/2185 2184/2184/2184
f 561/561/561 2186/2186/2186 2185/2185/2185
f 558/558/558 2184/2184/2184 2186/2186/2186
f 2185/2185/2185 2186/2186/2186 2184/2184/2184
f 6/6/6 1244/1244/1244 1169/1169/1169
f 320/320/320 2187/2187/2187 1244/1244/1244
f 300/300/300 1169/1169/1169 2187/2187/2187
f 1244/1244/1244 2187/2187/2187 1169/1169/1169
f 86/86/86 2188/2188/2188 1247/1247/1247
f 563/563/563 2189/2189/2189 2188/2188/2188
f 320/320/320 1247/1247/1247 2189/2189/2189
f 2188/2188/2188 2189/2189/2189 1247/1247/1247
f 80/80/80 1173/1173/1173 2191/2191/2191
f 300/300/300 2190/2190/2190 1173/1173/1173
f 563/563/563 2191/2191/2191 2190/2190/2190
f 1173/1173/1173 2190/2190/2190 2191/2191/2191
f 320/320/320 2189/2189/2189 2187/2187/2187
f 563/563/563 2190/2190/2190 2189/2189/2189
f 300/300/300 2187/2187/2187 2190/2190/2190
f 2189/2189/2189 2190/2190/2190 2187/2187/2187
f 26/26/26 2192/2192/2192 1257/1257/1257
f 564/564/564 2193/2193/2193 2192/2192/2192
f 323/323/323 1257/1257/1257 2193/2193/2193
f 2192/2192/2192 2193/2193/2193 1257/1257/1257
f 150/150/150 2194/2194/2194 2196/2196/2196
f 565/565/565 2195/2195/2195 2194/2194/2194
f 564/564/564 2196/2196/2196 2195/2195/2195
f 2194/2194/2194 2195/2195/2195 2196/2196/2196
f 86/86/86 1262/1262/1262 2198/2198/2198
f 323/323/323 2197/2197/2197 1262/1262/1262
f 565/565/565 2198/2198/2198 2197/2197/2197
f 1262/1262/1262 2197/2197/2197 2198/2198/2198
f 564/564/564 2195/2195/2195 2193/2193/2193
f 565/565/565 2197/2197/2197 2195/2195/2195
f 323/323/323 2193/2193/2193 2197/2197/2197
f 2195/2195/2195 2197/2197/2197 2193/2193/2193
f 23/23/23 1178/1178/1178 2200/2200/2200
f 304/304/304 2199/2199/2199 1178/1178/1178
f 567/567/567 2200/2200/2200 2199/2199/2199
f 1178/1178/1178 2199/2199/2199 2200/2200/2200
f 80/80/80 2201/2201/2201 1182/1182/1182
f 566/566/566 2202/2202/2202 2201/2201/2201
f 304/304/304 1182/1182/1182 2202/2202/2202
f 2201/2201/2201 2202/2202/2202 1182/1182/1182
f 150/150/150 2203/2203/2203 2205/2205/2205
f 567/567/567 2204/2204/2204 2203/2203/2203
f 566/566/566 2205/2205/2205 2204/2204/2204
f 2203/2203/2203 2204/2204/2204 2205/2205/2205
f 304/304/304 2202/2202/2202 2199/2199/2199
f 566/566/566 2204/2204/2204 2202/2202/2202
f 567/567/567 2199/2199/2199 2204/2204/2204
f 2202/2202/2202 2204/2204/2204 2199/2199/2199
f 86/86/86 2198/2198/2198 2188/2188/2188
f 565/565/565 2206/2206/2206 2198/2198/2198
f 563/563/563 2188/2188/2188 2206/2206/2206
f 2198/2198/2198 2206/2206/2206 2188/2188/2188
f 150/150/150 2205/2205/2205 2194/2194/2194
f 566/566/566 2207/2207/2207 2205/2205/2205
f 565/565/565 2194/2194/2194 2207/2207/2207
f 2205/2205/2205 2207/2207/2207 2194/2194/2194
f 80/80/80 2191/2191/2191 2201/2201/2201
f 563/563/563 2208/2208/2208 2191/2191/2191
f 566/566/566 2201/2201/2201 2208/2208/2208
f 2191/2191/2191 2208/2208/2208 2201/2201/2201
f 565/565/565 2207/2207/2207 2206/2206/2206
f 566/566/566 2208/2208/2208 2207/2207/2207
f 563/563/563 2206/2206/2206 2208/2208/2208
f 2207/2207/2207 2208/2208/2208 2206/2206/2206
f 34/34/34 2178/2178/2178 2148/2148/2148
f 562/562/562 2209/2209/2209 2178/2178/2178
f 554/554/554 2148/2148/2148 2209/2209/2209
f 2178/2178/2178 2209/2209/2209 2148/2148/2148
f 149/149/149 2210/2210/2210 2181/2181/2181
f 568/568/568 2211/2211/2211 2210/2210/2210
f 562/562/562 2181/2181/2181 2211/2211/2211
f 2210/2210/2210 2211/2211/2211 2181/2181/2181
f 148/148/148 2152/2152/2152 2213/2213/2213
f 554/554/554 2212/2212/2212 2152/2152/2152
f 568/568/568 2213/2213/2213 2212/2212/2212
f 2152/2152/2152 2212/2212/2212 2213/2213/2213
f 562/562/562 2211/2211/2211 2209/2209/2209
f 568/568/568 2212/2212/2212 2211/2211/2211
f 554/554/554 2209/2209/2209 2212/2212/2212
f 2211/2211/2211 2212/2212/2212 2209/2209/2209
f 23/23/23 2200/2200/2200 2170/2170/2170
f 567/567/567 2214/2214/2214 2200/2200/2200
f 559/559/559 2170/2170/2170 2214/2214/2214
f 2200/2200/2200 2214/2214/2214 2170/2170/2170
f 150/150/150 2215/2215/2215 2203/2203/2203
f 569/569/569 2216/2216/2216 2215/2215/2215
f 567/567/567 2203/2203/2203 2216/2216/2216
f 2215/2215/2215 2216/2216/2216 2203/2203/2203
f 149/149/149 2174/2174/2174 2218/2218/2218
f 559/559/559 2217/2217/2217 2174/2174/2174
f 569/569/569 2218/2218/2218 2217/2217/2217
f 2174/2174/2174 2217/2217/2217 2218/2218/2218
f 567/567/567 2216/2216/2216 2214/2214/2214
f 569/569/569 2217/2217/2217 2216/2216/2216
f 559/559/559 2214/2214/2214 2217/2217/2217
f 2216/2216/2216 2217/2217/2217 2214/2214/2214
f 26/26/26 2156/2156/2156 2192/2192/2192
f 557/557/557 2219/2219/2219 2156/2156/2156
f 564/564/564 2192/2192/2192 2219/2219/2219
f 2156/2156/2156 2219/2219/2219 2192/2192/2192
f 148/148/148 2220/2220/2220 2159/2159/2159
f 570/570/570 2221/2221/2221 2220/2220/2220
f 557/557/557 2159/2159/2159 2221/2221/2221
f 2220/2220/2220 2221/2221/2221 2159/2159/2159
f 150/150/150 2196/2196/2196 2223/2223/2223
f 564/564/564 2222/2222/2222 2196/2196/2196
f 570/570/570 2223/2223/2223 2222/2222/2222
f 2196/2196/2196 2222/2222/2222 2223/2223/2223
f 557/557/557 2221/2221/2221 2219/2219/2219
f 570/570/570 2222/2222/2222 2221/2221/2221
f 564/564/564 2219/2219/2219 2222/2222/2222
f 2221/2221/2221 2222/2222/2222 2219/2219/2219
f 149/149/149 2218/2218/2218 2210/2210/2210
f 569/569/569 2224/2224/2224 2218/2218/2218
f 568/568/568 2210/2210/2210 2224/2224/2224
f 2218/2218/2218 2224/2224/2224 2210/2210/2210
f 150/150/150 2223/2223/2223 2215/2215/2215
f 570/570/570 2225/2225/2225 2223/2223/2223
f 569/569/569 2215/2215/2215 2225/2225/2225
f 2223/2223/2223 2225/2225/2225 2215/2215/2215
f 148/148/148 2213/2213/2213 2220/2220/2220
f 568/568/568 2226/2226/2226 2213/2213/2213
f 570/570/570 2220/2220/2220 2226/2226/2226
f 2213/2213/2213 2226/2226/2226 2220/2220/2220
f 569/569/569 2225/2225/2225 2224/2224/2224
f 570/570/570 2226/2226/2226 2225/2225/2225
f 568/568/568 2224/2224/2224 2226/2226/2226
f 2225/2225/2225 2226/2226/2226 2224/2224/2224
f 3/3/3 1805/1805/1805 1395/1395/1395
f 469/469/469 2227/2227/2227 1805/1805/1805
f 359/359/359 1395/1395/1395 2227/2227/2227
f 1805/1805/1805 2227/2227/2227 1395/1395/1395
f 128/128/128 2228/2228/2228 1809/1809/1809
f 571/571/571 2229/2229/2229 2228/2228/2228
f 469/469/469 1809/1809/1809 2229/2229/2229
f 2228/2228/2228 2229/2229/2229 1809/1809/1809
f 96/96/96 1400/1400/1400 2231/2231/2231
f 359/359/359 2230/2230/2230 1400/1400/1400
f 571/571/571 2231/2231/2231 2230/2230/2230
f 1400/1400/1400 2230/2230/2230 2231/2231/2231
f 469/469/469 2229/2229/2229 2227/2227/2227
f 571/571/571 2230/2230/2230 2229/2229/2229
f 359/359/359 2227/2227/2227 2230/2230/2230
f 2229/2229/2229 2230/2230/2230 2227/2227/2227
f 36/36/36 2232/2232/2232 1821/1821/1821
f 572/572/572 2233/2233/2233 2232/2232/2232
f 473/473/473 1821/1821/1821 2233/2233/2233
f 2232/2232/2232 2233/2233/2233 1821/1821/1821
f 151/151/151 2234/2234/2234 2236/2236/2236
f 573/573/573 2235/2235/2235 2234/2234/2234
f 572/572/572 2236/2236/2236 2235/2235/2235
f 2234/2234/2234 2235/2235/2235 2236/2236/2236
f 128/128/128 1826/1826/1826 2238/2238/2238
f 473/473/473 2237/2237/2237 1826/1826/1826
f 573/573/573 2238/2238/2238 2237/2237/2237
f 1826/1826/1826 2237/2237/2237 2238/2238/2238
f 572/572/572 2235/2235/2235 2233/2233/2233
f 573/573/573 2237/2237/2237 2235/2235/2235
f 473/473/473 2233/2233/2233 2237/2237/2237
f 2235/2235/2235 2237/2237/2237 2233/2233/2233
f 28/28/28 1406/1406/1406 2240/2240/2240
f 364/364/364 2239/2239/2239 1406/1406/1406
f 575/575/575 2240/2240/2240 2239/2239/2239
f 1406/1406/1406 2239/2239/2239 2240/2240/2240
f 96/96/96 2241/2241/2241 1410/1410/1410
f 574/574/574 2242/2242/2242 2241/2241/2241
f 364/364/364 1410/1410/1410 2242/2242/2242
f 2241/2241/2241 2242/2242/2242 1410/1410/1410
f 151/151/151 2243/2243/2243 2245/2245/2245
f 575/575/575 2244/2244/2244 2243/2243/2243
f 574/574/574 2245/2245/2245 2244/2244/2244
f 2243/2243/2243 2244/2244/2244 2245/2245/2245
f 364/364/364 2242/2242/2242 2239/2239/2239
f 574/574/574 2244/2244/2244 2242/2242/2242
f 575/575/575 2239/2239/2239 2244/2244/2244
f 2242/2242/2242 2244/2244/2244 2239/2239/2239
f 128/128/128 2238/2238/2238 2228/2228/2228
f 573/573/573 2246/2246/2246 2238/2238/2238
f 571/571/571 2228/2228/2228 2246/2246/2246
f 2238/2238/2238 2246/2246/2246 2228/2228/2228
f 151/151/151 2245/2245/2245 2234/2234/2234
f 574/574/574 2247/2247/2247 2245/2245/2245
f 573/573/573 2234/2234/2234 2247/2247/2247
f 2245/2245/2245 2247/2247/2247 2234/2234/2234
f 96/96/96 2231/2231/2231 2241/2241/2241
f 571/571/571 2248/2248/2248 2231/2231/2231
f 574/574/574 2241/2241/2241 2248/2248/2248
f 2231/2231/2231 2248/2248/2248 2241/2241/2241
f 573/573/573 2247/2247/2247 2246/2246/2246
f 574/574/574 2248/2248/2248 2247/2247/2247
f 571/571/571 2246/2246/2246 2248/2248/2248
f 2247/2247/2247 2248/2248/2248 2246/2246/2246
f 5/5/5 1297/1297/1297 1777/1777/1777
f 335/335/335 2249/2249/2249 1297/1297/1297
f 460/460/460 1777/1777/1777 2249/2249/2249
f 1297/1297/1297 2249/2249/2249 1777/1777/1777
f 91/91/91 2250/2250/2250 1301/1301/1301
f 576/576/576 2251/2251/2251 2250/2250/2250
f 335/335/335 1301/1301/1301 2251/2251/2251
f 2250/2250/2250 2251/2251/2251 1301/1301/1301
f 124/124/124 1781/1781/1781 2253/2253/2253
f 460/460/460 2252/2252/2252 1781/1781/1781
f 576/576/576 2253/2253/2253 2252/2252/2252
f 1781/1781/1781 2252/2252/2252 2253/2253/2253
f 335/335/335 2251/2251/2251 2249/2249/2249
f 576/576/576 2252/2252/2252 2251/2251/2251
f 460/460/460 2249/2249/2249 2252/2252/2252
f 2251/2251/2251 2252/2252/2252 2249/2249/2249
f 25/25/25 2254/2254/2254 1313/1313/1313
f 577/577/577 2255/2255/2255 2254/2254/2254
f 339/339/339 1313/1313/1313 2255/2255/2255
f 2254/2254/2254 2255/2255/2255 1313/1313/1313
f 152/152/152 2256/2256/2256 2258/2258/2258
f 578/578/578 2257/2257/2257 2256/2256/2256
f 577/577/577 2258/2258/2258 2257/2257/2257
f 2256/2256/2256 2257/2257/2257 2258/2258/2258
f 91/91/91 1318/1318/1318 2260/2260/2260
f 339/339/339 2259/2259/2259 1318/1318/1318
f 578/578/578 2260/2260/2260 2259/2259/2259
f 1318/1318/1318 2259/2259/2259 2260/2260/2260
f 577/577/577 2257/2257/2257 2255/2255/2255
f 578/578/578 2259/2259/2259 2257/2257/2257
f 339/339/339 2255/2255/2255 2259/2259/2259
f 2257/2257/2257 2259/2259/2259 2255/2255/2255
f 36/36/36 1786/1786/1786 2262/2262/2262
f 464/464/464 2261/2261/2261 1786/1786/1786
f 580/580/580 2262/2262/2262 2261/2261/2261
f 1786/1786/1786 2261/2261/2261 2262/2262/2262
f 124/124/124 2263/2263/2263 1790/1790/1790
f 579/579/579 2264/2264/2264 2263/2263/2263
f 464/464/464 1790/1790/1790 2264/2264/2264
f 2263/2263/2263 2264/2264/2264 1790/1790/1790
f 152/152/152 2265/2265/2265 2267/2267/2267
f 580/580/580 2266/2266/2266 2265/2265/2265
f 579/579/579 2267/2267/2267 2266/2266/2266
f 2265/2265/2265 2266/2266/2266 2267/2267/2267
f 464/464/464 2264/2264/2264 2261/2261/2261
f 579/579/579 2266/2266/2266 2264/2264/2264
f 580/580/580 2261/2261/2261 2266/2266/2266
f 2264/2264/2264 2266/2266/2266 2261/2261/2261
f 91/91/91 2260/2260/2260 2250/2250/2250
f 578/578/578 2268/2268/2268 2260/2260/2260
f 576/576/576 2250/2250/2250 2268/2268/2268
f 2260/2260/2260 2268/2268/2268 2250/2250/2250
f 152/152/152 2267/2267/2267 2256/2256/2256
f 579/579/579 2269/2269/2269 2267/2267/2267
f 578/578/578 2256/2256/2256 2269/2269/2269
f 2267/2267/2267 2269/2269/2269 2256/2256/2256
f 124/124/124 2253/2253/2253 2263/2263/2263
f 576/576/576 2270/2270/2270 2253/2253/2253
f 579/579/579 2263/2263/2263 2270/2270/2270
f 2253/2253/2253 2270/2270/2270 2263/2263/2263
f 578/578/578 2269/2269/2269 2268/2268/2268
f 579/579/579 2270/2270/2270 2269/2269/2269
f 576/576/576 2268/2268/2268 2270/2270/2270
f 2269/2269/2269 2270/2270/2270 2268/2268/2268
f 12/12/12 1344/1344/1344 1269/1269/1269
f 346/346/346 2271/2271/2271 1344/1344/1344
f 326/326/326 1269/1269/1269 2271/2271/2271
f 1344/1344/1344 2271/2271/2271 1269/1269/1269
f 93/93/93 2272/2272/2272 1347/1347/1347
f 581/581/581 2273/2273/2273 2272/2272/2272
f 346/346/346 1347/1347/1347 2273/2273/2273
f 2272/2272/2272 2273/2273/2273 1347/1347/1347
f 87/87/87 1273/1273/1273 2275/2275/2275
f 326/326/326 2274/2274/2274 1273/1273/1273
f 581/581/581 2275/2275/2275 2274/2274/2274
f 1273/1273/1273 2274/2274/2274 2275/2275/2275
f 346/346/346 2273/2273/2273 2271/2271/2271
f 581/581/581 2274/2274/2274 2273/2273/2273
f 326/326/326 2271/2271/2271 2274/2274/2274
f 2273/2273/2273 2274/2274/2274 2271/2271/2271
f 28/28/28 2276/2276/2276 1357/1357/1357
f 582/582/582 2277/2277/2277 2276/2276/2276
f 349/349/349 1357/1357/1357 2277/2277/2277
f 2276/2276/2276 2277/2277/2277 1357/1357/1357
f 153/153/153 2278/2278/2278 2280/2280/2280
f 583/583/583 2279/2279/2279 2278/2278/2278
f 582/582/582 2280/2280/2280 2279/2279/2279
f 2278/2278/2278 2279/2279/2279 2280/2280/2280
f 93/93/93 1362/1362/1362 2282/2282/2282
f 349/349/349 2281/2281/2281 1362/1362/1362
f 583/583/583 2282/2282/2282 2281/2281/2281
f 1362/1362/1362 2281/2281/2281 2282/2282/2282
f 582/582/582 2279/2279/2279 2277/2277/2277
f 583/583/583 2281/2281/2281 2279/2279/2279
f 349/349/349 2277/2277/2277 2281/2281/2281
f 2279/2279/2279 2281/2281/2281 2277/2277/2277
f 25/25/25 1278/1278/1278 2284/2284/2284
f 330/330/330 2283/2283/2283 1278/1278/1278
f 585/585/585 2284/2284/2284 2283/2283/2283
f 1278/1278/1278 2283/2283/2283 2284/2284/2284
f 87/87/87 2285/2285/2285 1282/1282/1282
f 584/584/584 2286/2286/2286 2285/2285/2285
f 330/330/330 1282/1282/1282 2286/2286/2286
f 2285/2285/2285 2286/2286/2286 1282/1282/1282
f 153/153/153 2287/2287/2287 2289/2289/2289
f 585/585/585 2288/2288/2288 2287/2287/2287
f 584/584/584 2289/2289/2289 2288/2288/2288
f 2287/2287/2287 2288/2288/2288 2289/2289/2289
f 330/330/330 2286/2286/2286 2283/2283/2283
f 584/584/584 2288/2288/2288 2286/2286/2286
f 585/585/585 2283/2283/2283 2288/2288/2288
f 2286/2286/2286 2288/2288/2288 2283/2283/2283
f 93/93/93 2282/2282/2282 2272/2272/2272
f 583/583/583 2290/2290/2290 2282/2282/2282
f 581/581/581 2272/2272/2272 2290/2290/2290
f 2282/2282/2282 2290/2290/2290 2272/2272/2272
f 153/153/153 2289/2289/2289 2278/2278/2278
f 584/584/584 2291/2291/2291 2289/2289/2289
f 583/583/583 2278/2278/2278 2291/2291/2291
f 2289/2289/2289 2291/2291/2291 2278/2278/2278
f 87/87/87 2275/2275/2275 2285/2285/2285
f 581/581/581 2292/2292/2292 2275/2275/2275
f 584/584/584 2285/2285/2285 2292/2292/2292
f 2275/2275/2275 2292/2292/2292 2285/2285/2285
f 583/583/583 2291/2291/2291 2290/2290/2290
f 584/584/584 2292/2292/2292 2291/2291/2291
f 581/581/581 2290/2290/2290 2292/2292/2292
f 2291/2291/2291 2292/2292/2292 2290/2290/2290
f 36/36/36 2262/2262/2262 2232/2232/2232
f 580/580/580 2293/2293/2293 2262/2262/2262
f 572/572/572 2232/2232/2232 2293/2293/2293
f 2262/2262/2262 2293/2293/2293 2232/2232/2232
f 152/152/152 2294/2294/2294 2265/2265/2265
f 586/586/586 2295/2295/2295 2294/2294/2294
f 580/580/580 2265/2265/2265 2295/2295/2295
f 2294/2294/2294 2295/2295/2295 2265/2265/2265
f 151/151/151 2236/2236/2236 2297/2297/2297
f 572/572/572 2296/2296/2296 2236/2236/2236
f 586/586/586 2297/2297/2297 2296/2296/2296
f 2236/2236/2236 2296/2296/2296 2297/2297/2297
f 580/580/580 2295/2295/2295 2293/2293/2293
f 586/586/586 2296/2296/2296 2295/2295/2295
f 572/572/572 2293/2293/2293 2296/2296/2296
f 2295/2295/2295 2296/2296/2296 2293/2293/2293
f 25/25/25 2284/2284/2284 2254/2254/2254
f 585/585/585 2298/2298/2298 2284/2284/2284
f 577/577/577 2254/2254/2254 2298/2298/2298
f 2284/2284/2284 2298/2298/2298 2254/2254/2254
f 153/153/153 2299/2299/2299 2287/2287/2287
f 587/587/587 2300/2300/2300 2299/2299/2299
f 585/585/585 2287/2287/2287 2300/2300/2300
f 2299/2299/2299 2300/2300/2300 2287/2287/2287
f 152/152/152 2258/2258/2258 2302/2302/2302
f 577/577/577 2301/2301/2301 2258/2258/2258
f 587/587/587 2302/2302/2302 2301/2301/2301
f 2258/2258/2258 2301/2301/2301 2302/2302/2302
f 585/585/585 2300/2300/2300 2298/2298/2298
f 587/587/587 2301/2301/2301 2300/2300/2300
f 577/577/577 2298/2298/2298 2301/2301/2301
f 2300/2300/2300 2301/2301/2301 2298/2298/2298
f 28/28/28 2240/2240/2240 2276/2276/2276
f 575/575/575 2303/2303/2303 2240/2240/2240
f 582/582/582 2276/2276/2276 2303/2303/2303
f 2240/2240/2240 2303/2303/2303 2276/2276/2276
f 151/151/151 2304/2304/2304 2243/2243/2243
f 588/588/588 2305/2305/2305 2304/2304/2304
f 575/575/575 2243/2243/2243 2305/2305/2305
f 2304/2304/2304 2305/2305/2305 2243/2243/2243
f 153/153/153 2280/2280/2280 2307/2307/2307
f 582/582/582 2306/2306/2306 2280/2280/2280
f 588/588/588 2307/2307/2307 2306/2306/2306
f 2280/2280/2280 2306/2306/2306 2307/2307/2307
f 575/575/575 2305/2305/2305 2303/2303/2303
f 588/588/588 2306/2306/2306 2305/2305/2305
f 582/582/582 2303/2303/2303 2306/2306/2306
f 2305/2305/2305 2306/2306/2306 2303/2303/2303
f 152/152/152 2302/2302/2302 2294/2294/2294
f 587/587/587 2308/2308/2308 2302/2302/2302
f 586/586/586 2294/2294/2294 2308/2308/2308
f 2302/2302/2302 2308/2308/2308 2294/2294/2294
f 153/153/153 2307/2307/2307 2299/2299/2299
f 588/588/588 2309/2309/2309 2307/2307/2307
f 587/587/587 2299/2299/2299 2309/2309/2309
f 2307/2307/2307 2309/2309/2309 2299/2299/2299
f 151/151/151 2297/2297/2297 2304/2304/2304
f 586/586/586 2310/2310/2310 2297/2297/2297
f 588/588/588 2304/2304/2304 2310/2310/2310
f 2297/2297/2297 2310/2310/2310 2304/2304/2304
f 587/587/587 2309/2309/2309 2308/2308/2308
f 588/588/588 2310/2310/2310 2309/2309/2309
f 586/586/586 2308/2308/2308 2310/2310/2310
f 2309/2309/2309 2310/2310/2310 2308/2308/2308
f 7/7/7 1905/1905/1905 1495/1495/1495
f 495/495/495 2311/2311/2311 1905/1905/1905
f 385/385/385 1495/1495/1495 2311/2311/2311
f 1905/1905/1905 2311/2311/2311 1495/1495/1495
f 135/135/135 2312/2312/2312 1909/1909/1909
f 589/589/589 2313/2313/2313 2312/2312/2312
f 495/495/495 1909/1909/1909 2313/2313/2313
f 2312/2312/2312 2313/2313/2313 1909/1909/1909
f 103/103/103 1500/1500/1500 2315/2315/2315
f 385/385/385 2314/2314/2314 1500/1500/1500
f 589/589/589 2315/2315/2315 2314/2314/2314
f 1500/1500/1500 2314/2314/2314 2315/2315/2315
f 495/495/495 2313/2313/2313 2311/2311/2311
f 589/589/589 2314/2314/2314 2313/2313/2313
f 385/385/385 2311/2311/2311 2314/2314/2314
f 2313/2313/2313 2314/2314/2314 2311/2311/2311
f 38/38/38 2316/2316/2316 1921/1921/1921
f 590/590/590 2317/2317/2317 2316/2316/2316
f 499/499/499 1921/1921/1921 2317/2317/2317
f 2316/2316/2316 2317/2317/2317 1921/1921/1921
f 154/154/154 2318/2318/2318 2320/2320/2320
f 591/591/591 2319/2319/2319 2318/2318/2318
f 590/590/590 2320/2320/2320 2319/2319/2319
f 2318/2318/2318 2319/2319/2319 2320/2320/2320
f 135/135/135 1926/1926/1926 2322/2322/2322
f 499/499/499 2321/2321/2321 1926/1926/1926
f 591/591/591 2322/2322/2322 2321/2321/2321
f 1926/1926/1926 2321/2321/2321 2322/2322/2322
f 590/590/590 2319/2319/2319 2317/2317/2317
f 591/591/591 2321/2321/2321 2319/2319/2319
f 499/499/499 2317/2317/2317 2321/2321/2321
f 2319/2319/2319 2321/2321/2321 2317/2317/2317
f 30/30/30 1506/1506/1506 2324/2324/2324
f 390/390/390 2323/2323/2323 1506/1506/1506
f 593/593/593 2324/2324/2324 2323/2323/2323
f 1506/1506/1506 2323/2323/2323 2324/2324/2324
f 103/103/103 2325/2325/2325 1510/1510/1510
f 592/592/592 2326/2326/2326 2325/2325/2325
f 390/390/390 1510/1510/1510 2326/2326/2326
f 2325/2325/2325 2326/2326/2326 1510/1510/1510
f 154/154/154 2327/2327/2327 2329/2329/2329
f 593/593/593 2328/2328/2328 2327/2327/2327
f 592/592/592 2329/2329/2329 2328/2328/2328
f 2327/2327/2327 2328/2328/2328 2329/2329/2329
f 390/390/390 2326/2326/2326 2323/2323/2323
f 592/592/592 2328/2328/2328 2326/2326/2326
f 593/593/593 2323/2323/2323 2328/2328/2328
f 2326/2326/2326 2328/2328/2328 2323/2323/2323
f 135/135/135 2322/2322/2322 2312/2312/2312
f 591/591/591 2330/2330/2330 2322/2322/2322
f 589/589/589 2312/2312/2312 2330/2330/2330
f 2322/2322/2322 2330/2330/2330 2312/2312/2312
f 154/154/154 2329/2329/2329 2318/2318/2318
f 592/592/592 2331/2331/2331 2329/2329/2329
f 591/591/591 2318/2318/2318 2331/2331/2331
f 2329/2329/2329 2331/2331/2331 2318/2318/2318
f 103/103/103 2315/2315/2315 2325/2325/2325
f 589/589/589 2332/2332/2332 2315/2315/2315
f 592/592/592 2325/2325/2325 2332/2332/2332
f 2315/2315/2315 2332/2332/2332 2325/2325/2325
f 591/591/591 2331/2331/2331 2330/2330/2330
f 592/592/592 2332/2332/2332 2331/2331/2331
f 589/589/589 2330/2330/2330 2332/2332/2332
f 2331/2331/2331 2332/2332/2332 2330/2330/2330
f 3/3/3 1397/1397/1397 1877/1877/1877
f 361/361/361 2333/2333/2333 1397/1397/1397
f 486/486/486 1877/1877/1877 2333/2333/2333
f 1397/1397/1397 2333/2333/2333 1877/1877/1877
f 98/98/98 2334/2334/2334 1401/1401/1401
f 594/594/594 2335/2335/2335 2334/2334/2334
f 361/361/361 1401/1401/1401 2335/2335/2335
f 2334/2334/2334 2335/2335/2335 1401/1401/1401
f 131/131/131 1881/1881/1881 2337/2337/2337
f 486/486/486 2336/2336/2336 1881/1881/1881
f 594/594/594 2337/2337/2337 2336/2336/2336
f 1881/1881/1881 2336/2336/2336 2337/2337/2337
f 361/361/361 2335/2335/2335 2333/2333/2333
f 594/594/594 2336/2336/2336 2335/2335/2335
f 486/486/486 2333/2333/2333 2336/2336/2336
f 2335/2335/2335 2336/2336/2336 2333/2333/2333
f 27/27/27 2338/2338/2338 1413/1413/1413
f 595/595/595 2339/2339/2339 2338/2338/2338
f 365/365/365 1413/1413/1413 2339/2339/2339
f 2338/2338/2338 2339/2339/2339 1413/1413/1413
f 155/155/155 2340/2340/2340 2342/2342/2342
f 596/596/596 2341/2341/2341 2340/2340/2340
f 595/595/595 2342/2342/2342 2341/2341/2341
f 2340/2340/2340 2341/2341/2341 2342/2342/2342
f 98/98/98 1418/1418/1418 2344/2344/2344
f 365/365/365 2343/2343/2343 1418/1418/1418
f 596/596/596 2344/2344/2344 2343/2343/2343
f 1418/1418/1418 2343/2343/2343 2344/2344/2344
f 595/595/595 2341/2341/2341 2339/2339/2339
f 596/596/596 2343/2343/2343 2341/2341/2341
f 365/365/365 2339/2339/2339 2343/2343/2343
f 2341/2341/2341 2343/2343/2343 2339/2339/2339
f 38/38/38 1886/1886/1886 2346/2346/2346
f 490/490/490 2345/2345/2345 1886/1886/1886
f 598/598/598 2346/2346/2346 2345/2345/2345
f 1886/1886/1886 2345/2345/2345 2346/2346/2346
f 131/131/131 2347/2347/2347 1890/1890/1890
f 597/597/597 2348/2348/2348 2347/2347/2347
f 490/490/490 1890/1890/1890 2348/2348/2348
f 2347/2347/2347 2348/2348/2348 1890/1890/1890
f 155/155/155 2349/2349/2349 2351/2351/2351
f 598/598/598 2350/2350/2350 2349/2349/2349
f 597/597/597 2351/2351/2351 2350/2350/2350
f 2349/2349/2349 2350/2350/2350 2351/2351/2351
f 490/490/490 2348/2348/2348 2345/2345/2345
f 597/597/597 2350/2350/2350 2348/2348/2348
f 598/598/598 2345/2345/2345 2350/2350/2350
f 2348/2348/2348 2350/2350/2350 2345/2345/2345
f 98/98/98 2344/2344/2344 2334/2334/2334
f 596/596/596 2352/2352/2352 2344/2344/2344
f 594/594/594 2334/2334/2334 2352/2352/2352
f 2344/2344/2344 2352/2352/2352 2334/2334/2334
f 155/155/155 2351/2351/2351 2340/2340/2340
f 597/597/597 2353/2353/2353 2351/2351/2351
f 596/596/596 2340/2340/2340 2353/2353/2353
f 2351/2351/2351 2353/2353/2353 2340/2340/2340
f 131/131/131 2337/2337/2337 2347/2347/2347
f 594/594/594 2354/2354/2354 2337/2337/2337
f 597/597/597 2347/2347/2347 2354/2354/2354
f 2337/2337/2337 2354/2354/2354 2347/2347/2347
f 596/596/596 2353/2353/2353 2352/2352/2352
f 597/597/597 2354/2354/2354 2353/2353/2353
f 594/594/594 2352/2352/2352 2354/2354/2354
f 2353/2353/2353 2354/2354/2354 2352/2352/2352
f 11/11/11 1444/1444/1444 1369/1369/1369
f 372/372/372 2355/2355/2355 1444/1444/1444
f 352/352/352 1369/1369/1369 2355/2355/2355
f 1444/1444/1444 2355/2355/2355 1369/1369/1369
f 100/100/100 2356/2356/2356 1447/1447/1447
f 599/599/599 2357/2357/2357 2356/2356/2356
f 372/372/372 1447/1447/1447 2357/2357/2357
f 2356/2356/2356 2357/2357/2357 1447/1447/1447
f 94/94/94 1373/1373/1373 2359/2359/2359
f 352/352/352 2358/2358/2358 1373/1373/1373
f 599/599/599 2359/2359/2359 2358/2358/2358
f 1373/1373/1373 2358/2358/2358 2359/2359/2359
f 372/372/372 2357/2357/2357 2355/2355/2355
f 599/599/599 2358/2358/2358 2357/2357/2357
f 352/352/352 2355/2355/2355 2358/2358/2358
f 2357/2357/2357 2358/2358/2358 2355/2355/2355
f 30/30/30 2360/2360/2360 1457/1457/1457
f 600/600/600 2361/2361/2361 2360/2360/2360
f 375/375/375 1457/1457/1457 2361/2361/2361
f 2360/2360/2360 2361/2361/2361 1457/1457/1457
f 156/156/156 2362/2362/2362 2364/2364/2364
f 601/601/601 2363/2363/2363 2362/2362/2362
f 600/600/600 2364/2364/2364 2363/2363/2363
f 2362/2362/2362 2363/2363/2363 2364/2364/2364
f 100/100/100 1462/1462/1462 2366/2366/2366
f 375/375/375 2365/2365/2365 1462/1462/1462
f 601/601/601 2366/2366/2366 2365/2365/2365
f 1462/1462/1462 2365/2365/2365 2366/2366/2366
f 600/600/600 2363/2363/2363 2361/2361/2361
f 601/601/601 2365/2365/2365 2363/2363/2363
f 375/375/375 2361/2361/2361 2365/2365/2365
f 2363/2363/2363 2365/2365/2365 2361/2361/2361
f 27/27/27 1378/1378/1378 2368/2368/2368
f 356/356/356 2367/2367/2367 1378/1378/1378
f 603/603/603 2368/2368/2368 2367/2367/2367
f 1378/1378/1378 2367/2367/2367 2368/2368/2368
f 94/94/94 2369/2369/2369 1382/1382/1382
f 602/602/602 2370/2370/2370 2369/2369/2369
f 356/356/356 1382/1382/1382 2370/2370/2370
f 2369/2369/2369 2370/2370/2370 1382/1382/1382
f 156/156/156 2371/2371/2371 2373/2373/2373
f 603/603/603 2372/2372/2372 2371/2371/2371
f 602/602/602 2373/2373/2373 2372/2372/2372
f 2371/2371/2371 2372/2372/2372 2373/2373/2373
f 356/356/356 2370/2370/2370 2367/2367/2367
f 602/602/602 2372/2372/2372 2370/2370/2370
f 603/603/603 2367/2367/2367 2372/2372/2372
f 2370/2370/2370 2372/2372/2372 2367/2367/2367
f 100/100/100 2366/2366/2366 2356/2356/2356
f 601/601/601 2374/2374/2374 2366/2366/2366
f 599/599/599 2356/2356/2356 2374/2374/2374
f 2366/2366/2366 2374/2374/2374 2356/2356/2356
f 156/156/156 2373/2373/2373 2362/2362/2362
f 602/602/602 2375/2375/2375 2373/2373/2373
f 601/601/601 2362/2362/2362 2375/2375/2375
f 2373/2373/2373 2375/2375/2375 2362/2362/2362
f 94/94/94 2359/2359/2359 2369/2369/2369
f 599/599/599 2376/2376/2376 2359/2359/2359
f 602/602/602 2369/2369/2369 2376/2376/2376
f 2359/2359/2359 2376/2376/2376 2369/2369/2369
f 601/601/601 2375/2375/2375 2374/2374/2374
f 602/602/602 2376/2376/2376 2375/2375/2375
f 599/599/599 2374/2374/2374 2376/2376/2376
f 2375/2375/2375 2376/2376/2376 2374/2374/2374
f 38/38/38 2346/2346/2346 2316/2316/2316
f 598/598/598 2377/2377/2377 2346/2346/2346
f 590/590/590 2316/2316/2316 2377/2377/2377
f 2346/2346/2346 2377/2377/2377 2316/2316/2316
f 155/155/155 2378/2378/2378 2349/2349/2349
f 604/604/604 2379/2379/2379 2378/2378/2378
f 598/598/598 2349/2349/2349 2379/2379/2379
f 2378/2378/2378 2379/2379/2379 2349/2349/2349
f 154/154/154 2320/2320/2320 2381/2381/2381
f 590/590/590 2380/2380/2380 2320/2320/2320
f 604/604/604 2381/2381/2381 2380/2380/2380
f 2320/2320/2320 2380/2380/2380 2381/2381/2381
f 598/598/598 2379/2379/2379 2377/2377/2377
f 604/604/604 2380/2380/2380 2379/2379/2379
f 590/590/590 2377/2377/2377 2380/2380/2380
f 2379/2379/2379 2380/2380/2380 2377/2377/2377
f 27/27/27 2368/2368/2368 2338/2338/2338
f 603/603/603 2382/2382/2382 2368/2368/2368
f 595/595/595 2338/2338/2338 2382/2382/2382
f 2368/2368/2368 2382/2382/2382 2338/2338/2338
f 156/156/156 2383/2383/2383 2371/2371/2371
f 605/605/605 2384/2384/2384 2383/2383/2383
f 603/603/603 2371/2371/2371 2384/2384/2384
f 2383/2383/2383 2384/2384/2384 2371/2371/2371
f 155/155/155 2342/2342/2342 2386/2386/2386
f 595/595/595 2385/2385/2385 2342/2342/2342
f 605/605/605 2386/2386/2386 2385/2385/2385
f 2342/2342/2342 2385/2385/2385 2386/2386/2386
f 603/603/603 2384/2384/2384 2382/2382/2382
f 605/605/605 2385/2385/2385 2384/2384/2384
f 595/595/595 2382/2382/2382 2385/2385/2385
f 2384/2384/2384 2385/2385/2385 2382/2382/2382
f 30/30/30 2324/2324/2324 2360/2360/2360
f 593/593/593 2387/2387/2387 2324/2324/2324
f 600/600/600 2360/2360/2360 2387/2387/2387
f 2324/2324/2324 2387/2387/2387 2360/2360/2360
f 154/154/154 2388/2388/2388 2327/2327/2327
f 606/606/606 2389/2389/2389 2388/2388/2388
f 593/593/593 2327/2327/2327 2389/2389/2389
f 2388/2388/2388 2389/2389/2389 2327/2327/2327
f 156/156/156 2364/2364/2364 2391/2391/2391
f 600/600/600 2390/2390/2390 2364/2364/2364
f 606/606/606 2391/2391/2391 2390/2390/2390
f 2364/2364/2364 2390/2390/2390 2391/2391/2391
f 593/593/593 2389/2389/2389 2387/2387/2387
f 606/606/606 2390/2390/2390 2389/2389/2389
f 600/600/600 2387/2387/2387 2390/2390/2390
f 2389/2389/2389 2390/2390/2390 2387/2387/2387
f 155/155/155 2386/2386/2386 2378/2378/2378
f 605/605/605 2392/2392/2392 2386/2386/2386
f 604/604/604 2378/2378/2378 2392/2392/2392
f 2386/2386/2386 2392/2392/2392 2378/2378/2378
f 156/156/156 2391/2391/2391 2383/2383/2383
f 606/606/606 2393/2393/2393 2391/2391/2391
f 605/605/605 2383/2383/2383 2393/2393/2393
f 2391/2391/2391 2393/2393/2393 2383/2383/2383
f 154/154/154 2381/2381/2381 2388/2388/2388
f 604/604/604 2394/2394/2394 2381/2381/2381
f 606/606/606 2388/2388/2388 2394/2394/2394
f 2381/2381/2381 2394/2394/2394 2388/2388/2388
f 605/605/605 2393/2393/2393 2392/2392/2392
f 606/606/606 2394/2394/2394 2393/2393/2393
f 604/604/604 2392/2392/2392 2394/2394/2394
f 2393/2393/2393 2394/2394/2394 2392/2392/2392
f 9/9/9 2005/2005/2005 1595/1595/1595
f 521/521/521 2395/2395/2395 2005/2005/2005
f 411/411/411 1595/1595/1595 2395/2395/2395
f 2005/2005/2005 2395/2395/2395 1595/1595/1595
f 142/142/142 2396/2396/2396 2009/2009/2009
f 607/607/607 2397/2397/2397 2396/2396/2396
f 521/521/521 2009/2009/2009 2397/2397/2397
f 2396/2396/2396 2397/2397/2397 2009/2009/2009
f 110/110/110 1600/1600/1600 2399/2399/2399
f 411/411/411 2398/2398/2398 1600/1600/1600
f 607/607/607 2399/2399/2399 2398/2398/2398
f 1600/1600/1600 2398/2398/2398 2399/2399/2399
f 521/521/521 2397/2397/2397 2395/2395/2395
f 607/607/607 2398/2398/2398 2397/2397/2397
f 411/411/411 2395/2395/2395 2398/2398/2398
f 2397/2397/2397 2398/2398/2398 2395/2395/2395
f 40/40/40 2400/2400/2400 2021/2021/2021
f 608/608/608 2401/2401/2401 2400/2400/2400
f 525/525/525 2021/2021/2021 2401/2401/2401
f 2400/2400/2400 2401/2401/2401 2021/2021/2021
f 157/157/157 2402/2402/2402 2404/2404/2404
f 609/609/609 2403/2403/2403 2402/2402/2402
f 608/608/608 2404/2404/2404 2403/2403/2403
f 2402/2402/2402 2403/2403/2403 2404/2404/2404
f 142/142/142 2026/2026/2026 2406/2406/2406
f 525/525/525 2405/2405/2405 2026/2026/2026
f 609/609/609 2406/2406/2406 2405/2405/2405
f 2026/2026/2026 2405/2405/2405 2406/2406/2406
f 608/608/608 2403/2403/2403 2401/2401/2401
f 609/609/609 2405/2405/2405 2403/2403/2403
f 525/525/525 2401/2401/2401 2405/2405/2405
f 2403/2403/2403 2405/2405/2405 2401/2401/2401
f 32/32/32 1606/1606/1606 2408/2408/2408
f 416/416/416 2407/2407/2407 1606/1606/1606
f 611/611/611 2408/2408/2408 2407/2407/2407
f 1606/1606/1606 2407/2407/2407 2408/2408/2408
f 110/110/110 2409/2409/2409 1610/1610/1610
f 610/610/610 2410/2410/2410 2409/2409/2409
f 416/416/416 1610/1610/1610 2410/2410/2410
f 2409/2409/2409 2410/2410/2410 1610/1610/1610
f 157/157/157 2411/2411/2411 2413/2413/2413
f 611/611/611 2412/2412/2412 2411/2411/2411
f 610/610/610 2413/2413/2413 2412/2412/2412
f 2411/2411/2411 2412/2412/2412 2413/2413/2413
f 416/416/416 2410/2410/2410 2407/2407/2407
f 610/610/610 2412/2412/2412 2410/2410/2410
f 611/611/611 2407/2407/2407 2412/2412/2412
f 2410/2410/2410 2412/2412/2412 2407/2407/2407
f 142/142/142 2406/2406/2406 2396/2396/2396
f 609/609/609 2414/2414/2414 2406/2406/2406
f 607/607/607 2396/2396/2396 2414/2414/2414
f 2406/2406/2406 2414/2414/2414 2396/2396/2396
f 157/157/157 2413/2413/2413 2402/2402/2402
f 610/610/610 2415/2415/2415 2413/2413/2413
f 609/609/609 2402/2402/2402 2415/2415/2415
f 2413/2413/2413 2415/2415/2415 2402/2402/2402
f 110/110/110 2399/2399/2399 2409/2409/2409
f 607/607/607 2416/2416/2416 2399/2399/2399
f 610/610/610 2409/2409/2409 2416/2416/2416
f 2399/2399/2399 2416/2416/2416 2409/2409/2409
f 609/609/609 2415/2415/2415 2414/2414/2414
f 610/610/610 2416/2416/2416 2415/2415/2415
f 607/607/607 2414/2414/2414 2416/2416/2416
f 2415/2415/2415 2416/2416/2416 2414/2414/2414
f 7/7/7 1497/1497/1497 1977/1977/1977
f 387/387/387 2417/2417/2417 1497/1497/1497
f 512/512/512 1977/1977/1977 2417/2417/2417
f 1497/1497/1497 2417/2417/2417 1977/1977/1977
f 105/105/105 2418/2418/2418 1501/1501/1501
f 612/612/612 2419/2419/2419 2418/2418/2418
f 387/387/387 1501/1501/1501 2419/2419/2419
f 2418/2418/2418 2419/2419/2419 1501/1501/1501
f 138/138/138 1981/1981/1981 2421/2421/2421
f 512/512/512 2420/2420/2420 1981/1981/1981
f 612/612/612 2421/2421/2421 2420/2420/2420
f 1981/1981/1981 2420/2420/2420 2421/2421/2421
f 387/387/387 2419/2419/2419 2417/2417/2417
f 612/612/612 2420/2420/2420 2419/2419/2419
f 512/512/512 2417/2417/2417 2420/2420/2420
f 2419/2419/2419 2420/2420/2420 2417/2417/2417
f 29/29/29 2422/2422/2422 1513/1513/1513
f 613/613/613 2423/2423/2423 2422/2422/2422
f 391/391/391 1513/1513/1513 2423/2423/2423
f 2422/2422/2422 2423/2423/2423 1513/1513/1513
f 158/158/158 2424/2424/2424 2426/2426/2426
f 614/614/614 2425/2425/2425 2424/2424/2424
f 613/613/613 2426/2426/2426 2425/2425/2425
f 2424/2424/2424 2425/2425/2425 2426/2426/2426
f 105/105/105 1518/1518/1518 2428/2428/2428
f 391/391/391 2427/2427/2427 1518/1518/1518
f 614/614/614 2428/2428/2428 2427/2427/2427
f 1518/1518/1518 2427/2427/2427 2428/2428/2428
f 613/613/613 2425/2425/2425 2423/2423/2423
f 614/614/614 2427/2427/2427 2425/2425/2425
f 391/391/391 2423/2423/2423 2427/2427/2427
f 2425/2425/2425 2427/2427/2427 2423/2423/2423
f 40/40/40 1986/1986/1986 2430/2430/2430
f 516/516/516 2429/2429/2429 1986/1986/1986
f 616/616/616 2430/2430/2430 2429/2429/2429
f 1986/1986/1986 2429/2429/2429 2430/2430/2430
f 138/138/138 2431/2431/2431 1990/1990/1990
f 615/615/615 2432/2432/2432 2431/2431/2431
f 516/516/516 1990/1990/1990 2432/2432/2432
f 2431/2431/2431 2432/2432/2432 1990/1990/1990
f 158/158/158 2433/2433/2433 2435/2435/2435
f 616/616/616 2434/2434/2434 2433/2433/2433
f 615/615/615 2435/2435/2435 2434/2434/2434
f 2433/2433/2433 2434/2434/2434 2435/2435/2435
f 516/516/516 2432/2432/2432 2429/2429/2429
f 615/615/615 2434/2434/2434 2432/2432/2432
f 616/616/616 2429/2429/2429 2434/2434/2434
f 2432/2432/2432 2434/2434/2434 2429/2429/2429
f 105/105/105 2428/2428/2428 2418/2418/2418
f 614/614/614 2436/2436/2436 2428/2428/2428
f 612/612/612 2418/2418/2418 2436/2436/2436
f 2428/2428/2428 2436/2436/2436 2418/2418/2418
f 158/158/158 2435/2435/2435 2424/2424/2424
f 615/615/615 2437/2437/2437 2435/2435/2435
f 614/614/614 2424/2424/2424 2437/2437/2437
f 2435/2435/2435 2437/2437/2437 2424/2424/2424
f 138/138/138 2421/2421/2421 2431/2431/2431
f 612/612/612 2438/2438/2438 2421/2421/2421
f 615/615/615 2431/2431/2431 2438/2438/2438
f 2421/2421/2421 2438/2438/2438 2431/2431/2431
f 614/614/614 2437/2437/2437 2436/2436/2436
f 615/615/615 2438/2438/2438 2437/2437/2437
f 612/612/612 2436/2436/2436 2438/2438/2438
f 2437/2437/2437 2438/2438/2438 2436/2436/2436
f 8/8/8 1544/1544/1544 1469/1469/1469
f 398/398/398 2439/2439/2439 1544/1544/1544
f 378/378/378 1469/1469/1469 2439/2439/2439
f 1544/1544/1544 2439/2439/2439 1469/1469/1469
f 107/107/107 2440/2440/2440 1547/1547/1547
f 617/617/617 2441/2441/2441 2440/2440/2440
f 398/398/398 1547/1547/1547 2441/2441/2441
f 2440/2440/2440 2441/2441/2441 1547/1547/1547
f 101/101/101 1473/1473/1473 2443/2443/2443
f 378/378/378 2442/2442/2442 1473/1473/1473
f 617/617/617 2443/2443/2443 2442/2442/2442
f 1473/1473/1473 2442/2442/2442 2443/2443/2443
f 398/398/398 2441/2441/2441 2439/2439/2439
f 617/617/617 2442/2442/2442 2441/2441/2441
f 378/378/378 2439/2439/2439 2442/2442/2442
f 2441/2441/2441 2442/2442/2442 2439/2439/2439
f 32/32/32 2444/2444/2444 1557/1557/1557
f 618/618/618 2445/2445/2445 2444/2444/2444
f 401/401/401 1557/1557/1557 2445/2445/2445
f 2444/2444/2444 2445/2445/2445 1557/1557/1557
f 159/159/159 2446/2446/2446 2448/2448/2448
f 619/619/619 2447/2447/2447 2446/2446/2446
f 618/618/618 2448/2448/2448 2447/2447/2447
f 2446/2446/2446 2447/2447/2447 2448/2448/2448
f 107/107/107 1562/1562/1562 2450/2450/2450
f 401/401/401 2449/2449/2449 1562/1562/1562
f 619/619/619 2450/2450/2450 2449/2449/2449
f 1562/1562/1562 2449/2449/2449 2450/2450/2450
f 618/618/618 2447/2447/2447 2445/2445/2445
f 619/619/619 2449/2449/2449 2447/2447/2447
f 401/401/401 2445/2445/2445 2449/2449/2449
f 2447/2447/2447 2449/2449/2449 2445/2445/2445
f 29/29/29 1478/1478/1478 2452/2452/2452
f 382/382/382 2451/2451/2451 1478/1478/1478
f 621/621/621 2452/2452/2452 2451/2451/2451
f 1478/1478/1478 2451/2451/2451 2452/2452/2452
f 101/101/101 2453/2453/2453 1482/1482/1482
f 620/620/620 2454/2454/2454 2453/2453/2453
f 382/382/382 1482/1482/1482 2454/2454/2454
f 2453/2453/2453 2454/2454/2454 1482/1482/1482
f 159/159/159 2455/2455/2455 2457/2457/2457
f 621/621/621 2456/2456/2456 2455/2455/2455
f 620/620/620 2457/2457/2457 2456/2456/2456
f 2455/2455/2455 2456/2456/2456 2457/2457/2457
f 382/382/382 2454/2454/2454 2451/2451/2451
f 620/620/620 2456/2456/2456 2454/2454/2454
f 621/621/621 2451/2451/2451 2456/2456/2456
f 2454/2454/2454 2456/2456/2456 2451/2451/2451
f 107/107/107 2450/2450/2450 2440/2440/2440
f 619/619/619 2458/2458/2458 2450/2450/2450
f 617/617/617 2440/2440/2440 2458/2458/2458
f 2450/2450/2450 2458/2458/2458 2440/2440/2440
f 159/159/159 2457/2457/2457 2446/2446/2446
f 620/620/620 2459/2459/2459 2457/2457/2457
f 619/619/619 2446/2446/2446 2459/2459/2459
f 2457/2457/2457 2459/2459/2459 2446/2446/2446
f 101/101/101 2443/2443/2443 2453/2453/2453
f 617/617/617 2460/2460/2460 2443/2443/2443
f 620/620/620 2453/2453/2453 2460/2460/2460
f 2443/2443/2443 2460/2460/2460 2453/2453/2453
f 619/619/619 2459/2459/2459 2458/2458/2458
f 620/620/620 2460/2460/2460 2459/2459/2459
f 617/617/617 2458/2458/2458 2460/2460/2460
f 2459/2459/2459 2460/2460/2460 2458/2458/2458
f 40/40/40 2430/2430/2430 2400/2400/2400
f 616/616/616 2461/2461/2461 2430/2430/2430
f 608/608/608 2400/2400/2400 2461/2461/2461
f 2430/2430/2430 2461/2461/2461 2400/2400/2400
f 158/158/158 2462/2462/2462 2433/2433/2433
f 622/622/622 2463/2463/2463 2462/2462/2462
f 616/616/616 2433/2433/2433 2463/2463/2463
f 2462/2462/2462 2463/2463/2463 2433/2433/2433
f 157/157/157 2404/2404/2404 2465/2465/2465
f 608/608/608 2464/2464/2464 2404/2404/2404
f 622/622/622 2465/2465/2465 2464/2464/2464
f 2404/2404/2404 2464/2464/2464 2465/2465/2465
f 616/616/616 2463/2463/2463 2461/2461/2461
f 622/622/622 2464/2464/2464 2463/2463/2463
f 608/608/608 2461/2461/2461 2464/2464/2464
f 2463/2463/2463 2464/2464/2464 2461/2461/2461
f 29/29/29 2452/2452/2452 2422/2422/2422
f 621/621/621 2466/2466/2466 2452/2452/2452
f 613/613/613 2422/2422/2422 2466/2466/2466
f 2452/2452/2452 2466/2466/2466 2422/2422/2422
f 159/159/159 2467/2467/2467 2455/2455/2455
f 623/623/623 2468/2468/2468 2467/2467/2467
f 621/621/621 2455/2455/2455 2468/2468/2468
f 2467/2467/2467 2468/2468/2468 2455/2455/2455
f 158/158/158 2426/2426/2426 2470/2470/2470
f 613/613/613 2469/2469/2469 2426/2426/2426
f 623/623/623 2470/2470/2470 2469/2469/2469
f 2426/2426/2426 2469/2469/2469 2470/2470/2470
f 621/621/621 2468/2468/2468 2466/2466/2466
f 623/623/623 2469/2469/2469 2468/2468/2468
f 613/613/613 2466/2466/2466 2469/2469/2469
f 2468/2468/2468 2469/2469/2469 2466/2466/2466
f 32/32/32 2408/2408/2408 2444/2444/2444
f 611/611/611 2471/2471/2471 2408/2408/2408
f 618/618/618 2444/2444/2444 2471/2471/2471
f 2408/2408/2408 2471/2471/2471 2444/2444/2444
f 157/157/157 2472/2472/2472 2411/2411/2411
f 624/624/624 2473/2473/2473 2472/2472/2472
f 611/611/611 2411/2411/2411 2473/2473/2473
f 2472/2472/2472 2473/2473/2473 2411/2411/2411
f 159/159/159 2448/2448/2448 2475/2475/2475
f 618/618/618 2474/2474/2474 2448/2448/2448
f 624/624/624 2475/2475/2475 2474/2474/2474
f 2448/2448/2448 2474/2474/2474 2475/2475/2475
f 611/611/611 2473/2473/2473 2471/2471/2471
f 624/624/624 2474/2474/2474 2473/2473/2473
f 618/618/618 2471/2471/2471 2474/2474/2474
f 2473/2473/2473 2474/2474/2474 2471/2471/2471
f 158/158/158 2470/2470/2470 2462/2462/2462
f 623/623/623 2476/2476/2476 2470/2470/2470
f 622/622/622 2462/2462/2462 2476/2476/2476
f 2470/2470/2470 2476/2476/2476 2462/2462/2462
f 159/159/159 2475/2475/2475 2467/2467/2467
f 624/624/624 2477/2477/2477 2475/2475/2475
f 623/623/623 2467/2467/2467 2477/2477/2477
f 2475/2475/2475 2477/2477/2477 2467/2467/2467
f 157/157/157 2465/2465/2465 2472/2472/2472
f 622/622/622 2478/2478/2478 2465/2465/2465
f 624/624/624 2472/2472/2472 2478/2478/2478
f 2465/2465/2465 2478/2478/2478 2472/2472/2472
f 623/623/623 2477/2477/2477 2476/2476/2476
f 624/624/624 2478/2478/2478 2477/2477/2477
f 622/622/622 2476/2476/2476 2478/2478/2478
f 2477/2477/2477 2478/2478/2478 2476/2476/2476
f 10/10/10 2100/2100/2100 1195/1195/1195
f 544/544/544 2479/2479/2479 2100/2100/2100
f 307/307/307 1195/1195/1195 2479/2479/2479
f 2100/2100/2100 2479/2479/2479 1195/1195/1195
f 147/147/147 2480/2480/2480 2103/2103/2103
f 625/625/625 2481/2481/2481 2480/2480/2480
f 544/544/544 2103/2103/2103 2481/2481/2481
f 2480/2480/2480 2481/2481/2481 2103/2103/2103
f 82/82/82 1200/1200/1200 2483/2483/2483
f 307/307/307 2482/2482/2482 1200/1200/1200
f 625/625/625 2483/2483/2483 2482/2482/2482
f 1200/1200/1200 2482/2482/2482 2483/2483/2483
f 544/544/544 2481/2481/2481 2479/2479/2479
f 625/625/625 2482/2482/2482 2481/2481/2481
f 307/307/307 2479/2479/2479 2482/2482/2482
f 2481/2481/2481 2482/2482/2482 2479/2479/2479
f 42/42/42 2484/2484/2484 2113/2113/2113
f 626/626/626 2485/2485/2485 2484/2484/2484
f 547/547/547 2113/2113/2113 2485/2485/2485
f 2484/2484/2484 2485/2485/2485 2113/2113/2113
f 160/160/160 2486/2486/2486 2488/2488/2488
f 627/627/627 2487/2487/2487 2486/2486/2486
f 626/626/626 2488/2488/2488 2487/2487/2487
f 2486/2486/2486 2487/2487/2487 2488/2488/2488
f 147/147/147 2118/2118/2118 2490/2490/2490
f 547/547/547 2489/2489/2489 2118/2118/2118
f 627/627/627 2490/2490/2490 2489/2489/2489
f 2118/2118/2118 2489/2489/2489 2490/2490/2490
f 626/626/626 2487/2487/2487 2485/2485/2485
f 627/627/627 2489/2489/2489 2487/2487/2487
f 547/547/547 2485/2485/2485 2489/2489/2489
f 2487/2487/2487 2489/2489/2489 2485/2485/2485
f 24/24/24 1206/1206/1206 2492/2492/2492
f 312/312/312 2491/2491/2491 1206/1206/1206
f 629/629/629 2492/2492/2492 2491/2491/2491
f 1206/1206/1206 2491/2491/2491 2492/2492/2492
f 82/82/82 2493/2493/2493 1210/1210/1210
f 628/628/628 2494/2494/2494 2493/2493/2493
f 312/312/312 1210/1210/1210 2494/2494/2494
f 2493/2493/2493 2494/2494/2494 1210/1210/1210
f 160/160/160 2495/2495/2495 2497/2497/2497
f 629/629/629 2496/2496/2496 2495/2495/2495
f 628/628/628 2497/2497/2497 2496/2496/2496
f 2495/2495/2495 2496/2496/2496 2497/2497/2497
f 312/312/312 2494/2494/2494 2491/2491/2491
f 628/628/628 2496/2496/2496 2494/2494/2494
f 629/629/629 2491/2491/2491 2496/2496/2496
f 2494/2494/2494 2496/2496/2496 2491/2491/2491
f 147/147/147 2490/2490/2490 2480/2480/2480
f 627/627/627 2498/2498/2498 2490/2490/2490
f 625/625/625 2480/2480/2480 2498/2498/2498
f 2490/2490/2490 2498/2498/2498 2480/2480/2480
f 160/160/160 2497/2497/2497 2486/2486/2486
f 628/628/628 2499/2499/2499 2497/2497/2497
f 627/627/627 2486/2486/2486 2499/2499/2499
f 2497/2497/2497 2499/2499/2499 2486/2486/2486
f 82/82/82 2483/2483/2483 2493/2493/2493
f 625/625/625 2500/2500/2500 2483/2483/2483
f 628/628/628 2493/2493/2493 2500/2500/2500
f 2483/2483/2483 2500/2500/2500 2493/2493/2493
f 627/627/627 2499/2499/2499 2498/2498/2498
f 628/628/628 2500/2500/2500 2499/2499/2499
f 625/625/625 2498/2498/2498 2500/2500/2500
f 2499/2499/2499 2500/2500/2500 2498/2498/2498
f 9/9/9 1597/1597/1597 2073/2073/2073
f 413/413/413 2501/2501/2501 1597/1597/1597
f 536/536/536 2073/2073/2073 2501/2501/2501
f 1597/1597/1597 2501/2501/2501 2073/2073/2073
f 112/112/112 2502/2502/2502 1601/1601/1601
f 630/630/630 2503/2503/2503 2502/2502/2502
f 413/413/413 1601/1601/1601 2503/2503/2503
f 2502/2502/2502 2503/2503/2503 1601/1601/1601
f 144/144/144 2077/2077/2077 2505/2505/2505
f 536/536/536 2504/2504/2504 2077/2077/2077
f 630/630/630 2505/2505/2505 2504/2504/2504
f 2077/2077/2077 2504/2504/2504 2505/2505/2505
f 413/413/413 2503/2503/2503 2501/2501/2501
f 630/630/630 2504/2504/2504 2503/2503/2503
f 536/536/536 2501/2501/2501 2504/2504/2504
f 2503/2503/2503 2504/2504/2504 2501/2501/2501
f 31/31/31 2506/2506/2506 1613/1613/1613
f 631/631/631 2507/2507/2507 2506/2506/2506
f 417/417/417 1613/1613/1613 2507/2507/2507
f 2506/2506/2506 2507/2507/2507 1613/1613/1613
f 161/161/161 2508/2508/2508 2510/2510/2510
f 632/632/632 2509/2509/2509 2508/2508/2508
f 631/631/631 2510/2510/2510 2509/2509/2509
f 2508/2508/2508 2509/2509/2509 2510/2510/2510
f 112/112/112 1618/1618/1618 2512/2512/2512
f 417/417/417 2511/2511/2511 1618/1618/1618
f 632/632/632 2512/2512/2512 2511/2511/2511
f 1618/1618/1618 2511/2511/2511 2512/2512/2512
f 631/631/631 2509/2509/2509 2507/2507/2507
f 632/632/632 2511/2511/2511 2509/2509/2509
f 417/417/417 2507/2507/2507 2511/2511/2511
f 2509/2509/2509 2511/2511/2511 2507/2507/2507
f 42/42/42 2082/2082/2082 2514/2514/2514
f 540/540/540 2513/2513/2513 2082/2082/2082
f 634/634/634 2514/2514/2514 2513/2513/2513
f 2082/2082/2082 2513/2513/2513 2514/2514/2514
f 144/144/144 2515/2515/2515 2086/2086/2086
f 633/633/633 2516/2516/2516 2515/2515/2515
f 540/540/540 2086/2086/2086 2516/2516/2516
f 2515/2515/2515 2516/2516/2516 2086/2086/2086
f 161/161/161 2517/2517/2517 2519/2519/2519
f 634/634/634 2518/2518/2518 2517/2517/2517
f 633/633/633 2519/2519/2519 2518/2518/2518
f 2517/2517/2517 2518/2518/2518 2519/2519/2519
f 540/540/540 2516/2516/2516 2513/2513/2513
f 633/633/633 2518/2518/2518 2516/2516/2516
f 634/634/634 2513/2513/2513 2518/2518/2518
f 2516/2516/2516 2518/2518/2518 2513/2513/2513
f 112/112/112 2512/2512/2512 2502/2502/2502
f 632/632/632 2520/2520/2520 2512/2512/2512
f 630/630/630 2502/2502/2502 2520/2520/2520
f 2512/2512/2512 2520/2520/2520 2502/2502/2502
f 161/161/161 2519/2519/2519 2508/2508/2508
f 633/633/633 2521/2521/2521 2519/2519/2519
f 632/632/632 2508/2508/2508 2521/2521/2521
f 2519/2519/2519 2521/2521/2521 2508/2508/2508
f 144/144/144 2505/2505/2505 2515/2515/2515
f 630/630/630 2522/2522/2522 2505/2505/2505
f 633/633/633 2515/2515/2515 2522/2522/2522
f 2505/2505/2505 2522/2522/2522 2515/2515/2515
f 632/632/632 2521/2521/2521 2520/2520/2520
f 633/633/633 2522/2522/2522 2521/2521/2521
f 630/630/630 2520/2520/2520 2522/2522/2522
f 2521/2521/2521 2522/2522/2522 2520/2520/2520
f 2/2/2 1144/1144/1144 1569/1569/1569
f 294/294/294 2523/2523/2523 1144/1144/1144
f 404/404/404 1569/1569/1569 2523/2523/2523
f 1144/1144/1144 2523/2523/2523 1569/1569/1569
f 79/79/79 2524/2524/2524 1147/1147/1147
f 635/635/635 2525/2525/2525 2524/2524/2524
f 294/294/294 1147/1147/1147 2525/2525/2525
f 2524/2524/2524 2525/2525/2525 1147/1147/1147
f 108/108/108 1573/1573/1573 2527/2527/2527
f 404/404/404 2526/2526/2526 1573/1573/1573
f 635/635/635 2527/2527/2527 2526/2526/2526
f 1573/1573/1573 2526/2526/2526 2527/2527/2527
f 294/294/294 2525/2525/2525 2523/2523/2523
f 635/635/635 2526/2526/2526 2525/2525/2525
f 404/404/404 2523/2523/2523 2526/2526/2526
f 2525/2525/2525 2526/2526/2526 2523/2523/2523
f 24/24/24 2528/2528/2528 1157/1157/1157
f 636/636/636 2529/2529/2529 2528/2528/2528
f 297/297/297 1157/1157/1157 2529/2529/2529
f 2528/2528/2528 2529/2529/2529 1157/1157/1157
f 162/162/162 2530/2530/2530 2532/2532/2532
f 637/637/637 2531/2531/2531 2530/2530/2530
f 636/636/636 2532/2532/2532 2531/2531/2531
f 2530/2530/2530 2531/2531/2531 2532/2532/2532
f 79/79/79 1162/1162/1162 2534/2534/2534
f 297/297/297 2533/2533/2533 1162/1162/1162
f 637/637/637 2534/2534/2534 2533/2533/2533
f 1162/1162/1162 2533/2533/2533 2534/2534/2534
f 636/636/636 2531/2531/2531 2529/2529/2529
f 637/637/637 2533/2533/2533 2531/2531/2531
f 297/297/297 2529/2529/2529 2533/2533/2533
f 2531/2531/2531 2533/2533/2533 2529/2529/2529
f 31/31/31 1578/1578/1578 2536/2536/2536
f 408/408/408 2535/2535/2535 1578/1578/1578
f 639/639/639 2536/2536/2536 2535/2535/2535
f 1578/1578/1578 2535/2535/2535 2536/2536/2536
f 108/108/108 2537/2537/2537 1582/1582/1582
f 638/638/638 2538/2538/2538 2537/2537/2537
f 408/408/408 1582/1582/1582 2538/2538/2538
f 2537/2537/2537 2538/2538/2538 1582/1582/1582
f 162/162/162 2539/2539/2539 2541/2541/2541
f 639/639/639 2540/2540/2540 2539/2539/2539
f 638/638/638 2541/2541/2541 2540/2540/2540
f 2539/2539/2539 2540/2540/2540 2541/2541/2541
f 408/408/408 2538/2538/2538 2535/2535/2535
f 638/638/638 2540/2540/2540 2538/2538/2538
f 639/639/639 2535/2535/2535 2540/2540/2540
f 2538/2538/2538 2540/2540/2540 2535/2535/2535
f 79/79/79 2534/2534/2534 2524/2524/2524
f 637/637/637 2542/2542/2542 2534/2534/2534
f 635/635/635 2524/2524/2524 2542/2542/2542
f 2534/2534/2534 2542/2542/2542 2524/2524/2524
f 162/162/162 2541/2541/2541 2530/2530/2530
f 638/638/638 2543/2543/2543 2541/2541/2541
f 637/637/637 2530/2530/2530 2543/2543/2543
f 2541/2541/2541 2543/2543/2543 2530/2530/2530
f 108/108/108 2527/2527/2527 2537/2537/2537
f 635/635/635 2544/2544/2544 2527/2527/2527
f 638/638/638 2537/2537/2537 2544/2544/2544
f 2527/2527/2527 2544/2544/2544 2537/2537/2537
f 637/637/637 2543/2543/2543 2542/2542/2542
f 638/638/638 2544/2544/2544 2543/2543/2543
f 635/635/635 2542/2542/2542 2544/2544/2544
f 2543/2543/2543 2544/2544/2544 2542/2542/2542
f 42/42/42 2514/2514/2514 2484/2484/2484
f 634/634/634 2545/2545/2545 2514/2514/2514
f 626/626/626 2484/2484/2484 2545/2545/2545
f 2514/2514/2514 2545/2545/2545 2484/2484/2484
f 161/161/161 2546/2546/2546 2517/2517/2517
f 640/640/640 2547/2547/2547 2546/2546/2546
f 634/634/634 2517/2517/2517 2547/2547/2547
f 2546/2546/2546 2547/2547/2547 2517/2517/2517
f 160/160/160 2488/2488/2488 2549/2549/2549
f 626/626/626 2548/2548/2548 2488/2488/2488
f 640/640/640 2549/2549/2549 2548/2548/2548
f 2488/2488/2488 2548/2548/2548 2549/2549/2549
f 634/634/634 2547/2547/2547 2545/2545/2545
f 640/640/640 2548/2548/2548 2547/2547/2547
f 626/626/626 2545/2545/2545 2548/2548/2548
f 2547/2547/2547 2548/2548/2548 2545/2545/2545
f 31/31/31 2536/2536/2536 2506/2506/2506
f 639/639/639 2550/2550/2550 2536/2536/2536
f 631/631/631 2506/2506/2506 2550/2550/2550
f 2536/2536/2536 2550/2550/2550 2506/2506/2506
f 162/162/162 2551/2551/2551 2539/2539/2539
f 641/641/641 2552/2552/2552 2551/2551/2551
f 639/639/639 2539/2539/2539 2552/2552/2552
f 2551/2551/2551 2552/2552/2552 2539/2539/2539
f 161/161/161 2510/2510/2510 2554/2554/2554
f 631/631/631 2553/2553/2553 2510/2510/2510
f 641/641/641 2554/2554/2554 2553/2553/2553
f 2510/2510/2510 2553/2553/2553 2554/2554/2554
f 639/639/639 2552/2552/2552 2550/2550/2550
f 641/641/641 2553/2553/2553 2552/2552/2552
f 631/631/631 2550/2550/2550 2553/2553/2553
f 2552/2552/2552 2553/2553/2553 2550/2550/2550
f 24/24/24 2492/2492/2492 2528/2528/2528
f 629/629/629 2555/2555/2555 2492/2492/2492
f 636/636/636 2528/2528/2528 2555/2555/2555
f 2492/2492/2492 2555/2555/2555 2528/2528/2528
f 160/160/160 2556/2556/2556 2495/2495/2495
f 642/642/642 2557/2557/2557 2556/2556/2556
f 629/629/629 2495/2495/2495 2557/2557/2557
f 2556/2556/2556 2557/2557/2557 2495/2495/2495
f 162/162/162 2532/2532/2532 2559/2559/2559
f 636/636/636 2558/2558/2558 2532/2532/2532
f 642/642/642 2559/2559/2559 2558/2558/2558
f 2532/2532/2532 2558/2558/2558 2559/2559/2559
f 629/629/629 2557/2557/2557 2555/2555/2555
f 642/642/642 2558/2558/2558 2557/2557/2557
f 636/636/636 2555/2555/2555 2558/2558/2558
f 2557/2557/2557 2558/2558/2558 2555/2555/2555
f 161/161/161 2554/2554/2554 2546/2546/2546
f 641/641/641 2560/2560/2560 2554/2554/2554
f 640/640/640 2546/2546/2546 2560/2560/2560
f 2554/2554/2554 2560/2560/2560 2546/2546/2546
f 162/162/162 2559/2559/2559 2551/2551/2551
f 642/642/642 2561/2561/2561 2559/2559/2559
f 641/641/641 2551/2551/2551 2561/2561/2561
f 2559/2559/2559 2561/2561/2561 2551/2551/2551
f 160/160/160 2549/2549/2549 2556/2556/2556
f 640/640/640 2562/2562/2562 2549/2549/2549
f 642/642/642 2556/2556/2556 2562/2562/2562
f 2549/2549/2549 2562/2562/2562 2556/2556/2556
f 641/641/641 2561/2561/2561 2560/2560/2560
f 642/642/642 2562/2562/2562 2561/2561/2561
f 640/640/640 2560/2560/2560 2562/2562/2562
f 2561/2561/2561 2562/2562/2562 2560/2560/2560
